step,epoch,train_loss,train_recon,train_L1,val_loss,val_mse,val_l0,dead_frac
10000,1,1.3666023531823612,0.3833202008398643,98.32821704963382,0.004712993801849273,0.0036648722062337653,635.7017285619357,0.0
20000,1,1.1660700892802622,0.2917007663048524,87.43693463007364,0.0037239488939348796,0.002787819774190708,636.570984966634,0.0
30000,1,0.9545788399953005,0.17635223644776082,77.82266205858579,0.002493300617230391,0.0016657304013686178,611.8733279978926,0.0
40000,1,0.7669429249561749,0.0744584339477772,69.24845058647703,0.0014229505246706263,0.0006940684418208732,551.3191367314225,0.0
50000,1,0.6745284803336125,0.02943654378731671,64.50919507374773,0.0009630240481684202,0.00027724742199499293,464.7082034743126,0.0
60000,1,0.6513265577118978,0.018789066096157932,63.25375055688995,0.0008342467903934098,0.00016611966314233545,427.45209936178617,0.0
70000,1,0.6325060966013498,0.014983975422581371,61.75221385682679,0.0007879596046507477,0.00013412233378586763,412.6294705653928,0.0
80000,1,0.6239031716962109,0.014988091732206978,60.89150918162641,0.0007686832322632488,0.0001262073240313555,406.37766274059857,0.001953125
90000,1,0.6129622199881702,0.014593295811783659,59.836893761576455,0.000758427082505223,0.00012434484657219654,404.64348118013146,0.0009765625
100000,1,0.603218369998345,0.01417512078096908,58.90432645765439,0.0007459190691778364,0.00011783933411276146,403.03153511667915,0.001953125
110000,1,0.5988997598598955,0.013891509512358593,58.50082629434737,0.0007511796637857911,0.000127814712676259,401.95432671227957,0.0029296875
120000,1,0.5936471007352195,0.013580595638060586,58.00665174806676,0.0007450187675263821,0.0001255823265618604,400.8537096611992,0.0029296875
130000,1,0.5865492075159292,0.013054892434254622,57.34943281187735,0.0007317864298424561,0.00011534200175790293,399.913252310872,0.0048828125
140000,1,0.5894268914121731,0.013535732939733005,57.58911699113205,0.0007300306350817158,0.00011544563333127744,399.04649820668874,0.0048828125
150000,1,0.5872106451785315,0.013426184074057915,57.37844754049955,0.0007331350066561264,0.00012096194215436547,398.1175187517726,0.005859375
160000,1,0.5846266144995487,0.013189900723037752,57.14367272091452,0.0007279172346753186,0.00011747190906213175,396.9082116583291,0.005859375
170000,1,0.5871659085113183,0.013543501563398203,57.36224214701782,0.0007301264035096712,0.00012161691573008601,396.0479095331106,0.005859375
180000,1,0.5854422202674844,0.01366923655387673,57.17729967346409,0.0007252895806121678,0.00011787868636547736,395.773691720423,0.0048828125
190000,1,0.5833878760470614,0.013248657642839246,57.01392290068683,0.0007231044970375626,0.00011634685298533571,395.59119078796255,0.0048828125
200000,1,0.5817683408571176,0.013055805590412608,56.87125462200239,0.0007186642045846515,0.00011298273865026012,395.4069484099318,0.0048828125
210000,1,0.5805029774746234,0.012924485693887924,56.75785051512036,0.0007125516313357509,0.00010771621292981515,395.3663580826605,0.0048828125
220000,1,0.5836900491946669,0.013102277248691377,57.0587788238382,0.0007169666073034111,0.00011263351071302479,395.0057962807878,0.0048828125
230000,1,0.5812289518335648,0.0132480665760681,56.79808978329527,0.0007233480968624478,0.00011976549734270986,394.39316257827227,0.0048828125
240000,1,0.5778987571697225,0.013293045318821728,56.4605722764099,0.0007154258575821718,0.00011257387176113235,394.11469727440186,0.00390625
250000,1,0.5776060598701196,0.012674113289492705,56.493195817470784,0.0007099277564554606,0.00010749160175164322,394.10886539698544,0.00390625
260000,1,0.5832427157377436,0.013461043304999306,56.97816843878246,0.0007142785126986395,0.00011213663928911302,393.97269520514186,0.00390625
270000,1,0.5743528263021779,0.013095942768798868,56.125689343964325,0.0007143203203356599,0.00011290039669921422,393.52521301527827,0.0029296875
280000,1,0.5808094244348057,0.013708584872905197,56.7100848353114,0.000717829916951912,0.00011646570677683262,393.360357655352,0.00390625
290000,1,0.5767936306328157,0.01322980674633966,56.356383517664874,0.0007134754108742293,0.00011270862990588972,392.85983106704157,0.0048828125
300000,1,0.5823023507992995,0.013524396069296266,56.87779670037135,0.0007222691669633636,0.00012177742493288141,392.498063976055,0.0048828125
310000,1,0.5756160336072278,0.013053472643783344,56.25625702534908,0.0007195478023965292,0.00011925392954295597,391.5800955501266,0.0048828125
320000,1,0.5773848233500527,0.012384692873019345,56.50001473727172,0.0007089347332853407,0.00010900369010677327,391.2016240603195,0.0048828125
330000,1,0.5800243877045816,0.01328544622459613,56.6738952949461,0.0007113786359256248,0.00011162117894618084,391.097475272477,0.005859375
340000,1,0.5761852242303475,0.01302472306973948,56.316051352139446,0.0007170346976479766,0.00011780693852328458,390.54117526112765,0.005859375
350000,1,0.5818295244243099,0.013740080091325052,56.808945887009,0.0007151951084314859,0.0001156897448769981,389.53216434479236,0.005859375
360000,1,0.5716677183690502,0.012820706979019929,55.88470224623562,0.000711998844429257,0.00011290645471139352,388.71196517831555,0.005859375
370000,1,0.5747526935349477,0.013179606320153176,56.15730990228356,0.0007164597300297104,0.00011761256600249459,388.28479018075944,0.0048828125
380000,1,0.576273818638981,0.012971464295435954,56.330236867267914,0.0007088425599641892,0.0001098173612171547,387.48388589151,0.005859375
390000,1,0.5738500972529237,0.013113423185890353,56.073668262288415,0.0007141390503632214,0.0001155921919751079,387.1649627267804,0.0068359375
400000,1,0.5731004519184631,0.012905683928022282,56.01947835681955,0.0007061426944601898,0.00010755179119434198,386.9108182641185,0.0068359375
410000,1,0.5709644967240806,0.012846101256164753,55.81184120849376,0.0007083274492524504,0.00011008624338454841,386.59209464896804,0.0068359375
420000,1,0.5733751460988673,0.012937973031759406,56.04371808078049,0.0007106272316439496,0.00011252593458195846,385.8911385208288,0.0068359375
430000,1,0.5757403280140506,0.013027289926628098,56.27130506672142,0.0007143457081614281,0.00011633344314482654,385.3132452006828,0.0068359375
440000,1,0.5731599167299128,0.01266572266008106,56.049420628857725,0.0007093904055942558,0.0001115758241612686,384.70300391255034,0.0068359375
450000,1,0.5744282070200258,0.013029815238829009,56.139840271109584,0.0007102339705178685,0.00011217000408815579,384.5942551616753,0.0068359375
460000,1,0.5747150594239233,0.013005701881007064,56.17093659228459,0.0007069048682695663,0.00010896558962908759,384.10961548460773,0.0068359375
470000,1,0.572832745080741,0.012992523856895257,55.98402377542803,0.0007098904938291931,0.00011225359270502542,383.9738884607852,0.0068359375
480000,1,0.5761097560677816,0.012940857912571522,56.31689100710848,0.0007101123045561163,0.00011240814536627175,383.77425297797055,0.0068359375
490000,1,0.5732801675591503,0.013133445793470047,56.014672828022185,0.0007111788464759194,0.000113609040797407,383.73411739986415,0.0068359375
500000,1,0.5749659068361442,0.01313136779666002,56.18345480813424,0.0007108218998177313,0.00011351854189517127,382.7898641032151,0.0068359375
510000,1,0.5760645768301966,0.01330707547609242,56.2757516060973,0.0007164266939975986,0.00011909575753249022,382.47763761341764,0.0068359375
520000,1,0.5781850010178743,0.013344130441962594,56.48408872180941,0.0007163663100673051,0.00011912985934067867,382.2571298493052,0.0078125
530000,1,0.5743911328183129,0.01313478576220172,56.125636005894656,0.0007131129094445404,0.00011578568907752614,382.0861269104145,0.0078125
540000,1,0.573581980465974,0.01319280787449547,56.038918769578586,0.000708255171865167,0.00011089073396094202,381.80784583744304,0.0078125
550000,1,0.575168263172607,0.013032500057753414,56.21357768467241,0.0007131443056125208,0.00011598166331516423,381.1109968944779,0.0078125
560000,1,0.5772942194482874,0.012833490818745534,56.446074026892376,0.0007087281112694683,0.00011198873925668697,380.67364791206,0.0078125
570000,1,0.5718949380492453,0.012833586622616222,55.906135767045086,0.0007043555196306144,0.00010731477076764396,380.7028121118047,0.0078125
580000,1,0.5713714407535413,0.013153201212094434,55.82182552853267,0.0007102326916586809,0.00011320628242219292,380.32926164714974,0.0078125
590000,1,0.5711673542489879,0.012824275342439113,55.83430945595987,0.0007091191189654494,0.00011249892424394628,380.10343100389656,0.0078125
600000,1,0.5701416177272456,0.012563045493849258,55.75785847069742,0.0007097703913366713,0.00011266585956224454,379.9234643226687,0.0078125
610000,1,0.5658712692778588,0.012352119897871829,55.351916115657176,0.0007067735533194569,0.00011026821631762918,379.4490377355296,0.0078125
620000,1,0.5729094905469742,0.013121891982882111,55.97876062202336,0.0007085399354484773,0.00011184600261762844,379.3912920896848,0.0078125
630000,1,0.5789638405080164,0.01317928246389551,56.578456843381765,0.0007085126464036323,0.00011156603005804642,378.6864965375728,0.0078125
640000,1,0.5708367769861492,0.01289979161606038,55.793699769476746,0.0007086304963107632,0.00011175617877662712,378.6401032189758,0.0078125
650000,1,0.5674125794823521,0.012600608535440172,55.48119818497433,0.0007117375523469013,0.0001151790784963225,378.2437004105958,0.0078125
660000,1,0.5774568045350835,0.013077236418018789,56.43795808547763,0.0007058543756466147,0.00010939413878853374,377.918359419267,0.0078125
670000,1,0.5738591154226669,0.013015300692712032,56.08438257256857,0.0007137937575959382,0.00011724205766937198,377.84269597466584,0.0078125
680000,1,0.5684406157552322,0.012731230396152551,55.57093985132267,0.000706356099918463,0.00010986785482087222,377.2941140075333,0.0078125
690000,1,0.5730545141796456,0.013043466477228484,56.0011057236428,0.0007080031410057861,0.00011168804681389868,377.2623294132317,0.0078125
700000,1,0.5727231491190242,0.012547227638638615,56.01759345377883,0.0007105438872396098,0.00011402067494823216,376.24020390966876,0.0078125
710000,2,0.5727737248943323,0.013153132891130086,55.96206074002183,0.000714110113849496,0.00011795343828838944,375.86494403172964,0.0078125
720000,2,0.5705615747986931,0.01295345526058936,55.76081351185828,0.0007062810129744025,0.00010991516686833688,375.3644033871966,0.0078125
730000,2,0.5712624030313199,0.013118984189646233,55.81434312862474,0.0007175146817372566,0.00012082112694690866,375.48277819932986,0.0078125
740000,2,0.5728651123947595,0.013319194222165664,55.95459289869274,0.0007111795386124651,0.00011459283955563137,375.25462614887465,0.0078125
750000,2,0.5758668924656417,0.012727097667004307,56.31398066156308,0.0007071169826675591,0.0001109098329313897,374.78964648614243,0.0087890625
760000,2,0.5702394193978562,0.012692981398039692,55.754645173265224,0.0006997270065920258,0.00010351347865220947,374.3641548136266,0.0078125
770000,2,0.5702261767167103,0.012858191642062181,55.73679922319947,0.0007078208242422641,0.0001116515017466632,374.20230944608323,0.0078125
780000,2,0.5732491122074939,0.01265644108280771,56.059268105244854,0.0007068302731806884,0.000110664014352592,373.8417512933625,0.0078125
790000,2,0.5764235240222882,0.012914042579350455,56.35094914777757,0.0007078896326579285,0.00011178718230559992,372.8892402766503,0.0078125
800000,2,0.5718449488308988,0.013057779358999995,55.87871846430413,0.0007070967005306637,0.00011082937015881357,372.7870276671299,0.0078125
810000,2,0.5743918633190638,0.013247620935450677,56.11442561594578,0.0007065210245610713,0.00011029773376931537,372.5343770288422,0.0068359375
820000,2,0.573208560870597,0.012762859324055085,56.04457161938974,0.0007085710085016645,0.00011249032729105345,372.0459979538538,0.0078125
830000,2,0.5700805495836784,0.012561466212241282,55.75190934540819,0.0007058413551907721,0.00010992972130549368,371.6210732645421,0.0078125
840000,2,0.5699350651680241,0.012810749620552364,55.71243310652394,0.0007092552986707522,0.00011354958135590407,370.9877935528366,0.0078125
850000,2,0.5692479306760145,0.012612957300507809,55.663498516939086,0.0007076310897006499,0.00011172350929983471,370.6362335180525,0.0078125
860000,2,0.570134030460123,0.012803907417522051,55.733013399336386,0.0007101315934259618,0.0001139840041402502,370.62034273029604,0.0078125
870000,2,0.5696264613132633,0.012499648946875924,55.71268247944596,0.0007050038525027376,0.00010935775830884657,369.62116067325013,0.0078125
880000,2,0.566924946230523,0.012995966432580561,55.39289917362571,0.0007067090006998255,0.00011081268958329344,368.7786665470989,0.0078125
890000,2,0.5705916607190311,0.013044986933230992,55.75466844055242,0.0007056438101289645,0.00010990506232590446,368.6412086160402,0.0078125
900000,2,0.5670365090314042,0.012398743408486096,55.46377756481948,0.0007051753247859726,0.00010951036942403033,368.7818538751031,0.0087890625
910000,2,0.5736964019825119,0.013204937612986634,56.04914774982618,0.0007203854792918966,0.0001246476736792279,368.38005258496804,0.0087890625
920000,2,0.5762754280093402,0.012801657466378435,56.34737854941569,0.0007082179093726632,0.00011244748683884857,368.17700413278413,0.0087890625
930000,2,0.5740717961916899,0.013070915557828609,56.10008952440074,0.0007037261173791996,0.00010802535321439764,367.4159666694081,0.0087890625
940000,2,0.5727359718833956,0.012785995721698631,55.994999475707345,0.0007106190255956897,0.00011489289314976142,367.2641529968889,0.0087890625
950000,2,0.5673128038690589,0.012965780889047897,55.43470330890697,0.000714304713274025,0.00011857627003697383,366.90145388830626,0.0087890625
960000,2,0.5684316906700019,0.013008960465097164,55.54227387353626,0.0007051029564516114,0.000109183663678526,366.72689537675626,0.0087890625
970000,2,0.5679634779180465,0.012750594898798512,55.52128918890308,0.0007026828668719843,0.00010692324254164629,366.29328290809167,0.0087890625
980000,2,0.5708142909883641,0.012536100913761982,55.8278198932732,0.0007087269335626247,0.00011320042595944045,366.0546624832399,0.0087890625
990000,2,0.5725529724889269,0.012747114756723932,55.980587008648556,0.0007072507564048332,0.0001113932502851963,365.6754432030451,0.0087890625
1000000,2,0.5681077839153812,0.01249673010143641,55.56110641701078,0.0007021999815690891,0.00010636416257186112,364.53454729431604,0.0087890625
1010000,2,0.5707454189669694,0.012216167235280743,55.85292655181354,0.0007032594394261825,0.00010757893875040898,364.1777356602894,0.0087890625
1020000,2,0.5733047367271845,0.012840950956353533,56.046379991735094,0.0007066391367444204,0.00011102814380186861,364.1377814735728,0.0087890625
1030000,2,0.5695516273609209,0.01307965048163298,55.647198889022334,0.0007114138754710672,0.00011531246896984861,363.93739333798965,0.0087890625
1040000,2,0.5663560505262557,0.012827496998548257,55.352856809061166,0.0007070286502586755,0.00011147250505473144,362.79220785913225,0.0087890625
1050000,2,0.5696854150289786,0.012414993752789186,55.72704337924414,0.0007035420663499688,0.00010798704217447354,361.23708758504796,0.0087890625
1060000,2,0.5681137457622278,0.012724286790546784,55.53894692365509,0.0007067260730988252,0.00011119063725261467,360.75921874486613,0.0087890625
1070000,2,0.5656163974254861,0.012549286576129377,55.30671252888007,0.0007065892097283598,0.00011091537245410885,360.9692986808964,0.0087890625
1080000,2,0.5701780300598583,0.01287356036134079,55.73044776775082,0.0007043424930293339,0.00010877962092598636,360.4882681903613,0.0087890625
1090000,2,0.5674986900638592,0.01245040186595736,55.50483019706538,0.0007026349907893075,0.00010693927779865948,360.1668613730021,0.0087890625
1100000,2,0.5712080884224602,0.012615293028265665,55.85928090729645,0.000709335022496231,0.00011395769546864759,359.88580365288817,0.009765625
1110000,2,0.5703408446293571,0.012247176483019822,55.809368159519515,0.0007031837677549936,0.00010769790234056394,359.5649299810274,0.009765625
1120000,2,0.5712131437378163,0.012741900848305322,55.84712495737967,0.0007031161605296285,0.00010766309371135782,359.4897368736761,0.009765625
1130000,2,0.5681874027040678,0.012474721852478915,55.57126969012319,0.0007027724006336888,0.00010716338441738318,359.06763749151,0.009765625
1140000,2,0.5722003392034107,0.013057389459942196,55.91429662417504,0.0007042613944938341,0.00010866076923268122,358.9927161581876,0.0107421875
1150000,2,0.5702593189332833,0.012457758741642136,55.780157467161835,0.0007050348443170514,0.00010959929605697519,358.5359392469726,0.0107421875
1160000,2,0.5687866221438137,0.012464214994847834,55.63224218438292,0.0007030209153339842,0.00010749704388190155,357.659161645254,0.0107421875
1170000,2,0.5658098079749964,0.012406709538342962,55.34031130119845,0.0007109019195435594,0.00011549055197758624,356.96450844781594,0.0107421875
1180000,2,0.5692354862984317,0.012715635137276467,55.65198607293378,0.0007116577955673074,0.00011614928313166643,356.4565740685887,0.0107421875
1190000,2,0.57433273037496,0.013068147975947594,56.1264595359617,0.0007117810448756409,0.00011647217055478509,356.2950676569408,0.0107421875
1200000,2,0.5687399427976298,0.012716024704519944,55.60239288478412,0.0007057672583688021,0.00011024549107117674,356.18671206349313,0.01171875
1210000,2,0.5736471829667827,0.012811537506079985,56.083565588330366,0.0007107447411311269,0.0001152344788298408,355.70560083391763,0.01171875
1220000,2,0.5702570308910024,0.012467480594877666,55.778955884871955,0.0007126631868667362,0.00011741321630504969,355.6182910738304,0.0126953125
1230000,2,0.5638567941449212,0.01296372171528977,55.08930825092395,0.0007158418676216082,0.00012075120537781367,355.27343564447983,0.01171875
1240000,2,0.5707237402785529,0.012850979097389676,55.78727735774062,0.0007041924613534017,0.00010878286184855459,355.152238049514,0.0126953125
1250000,2,0.5705112441478255,0.012755031765504764,55.77562226256161,0.0007087582801137427,0.00011343020535682439,355.0232812267512,0.0126953125
1260000,2,0.5681517559824361,0.012957437296571686,55.51943298564752,0.0007095959339885661,0.00011408586974650056,354.44419321328905,0.0126953125
1270000,2,0.5669195434007777,0.01263830406362523,55.42812498874258,0.0007065572559196969,0.0001110879333998613,354.22478697166616,0.0126953125
1280000,2,0.5708276466098859,0.012785940685927592,55.804171556476355,0.0007044169134481129,0.00010902913199344894,354.0798409165009,0.0126953125
1290000,2,0.5658431512410671,0.01255707638501093,55.32860885173593,0.0007023214097453094,0.00010691858957128926,353.92711599632787,0.0126953125
1300000,2,0.5683279961655151,0.012516139230451332,55.58118697063156,0.0007063426901783613,0.00011086675267442861,353.9107840693001,0.0126953125
1310000,2,0.5728378542651237,0.012493515908713237,56.03443519495417,0.0007088057863091618,0.00011370529122367196,353.59135952117805,0.0126953125
1320000,2,0.5720264765582223,0.01264364400327804,55.93828450345115,0.0007058382256666605,0.00011067958420823168,353.61874059535364,0.0126953125
1330000,2,0.5698581974399385,0.01249377797318082,55.73644297412077,0.0007041423815880645,0.00010884253813942835,353.4475250356704,0.0126953125
1340000,2,0.5738962578906452,0.012693113269924547,56.12031604128384,0.0007072675140941462,0.00011190930658669031,352.93845408277843,0.0126953125
1350000,2,0.5680365866687085,0.012368922067673246,55.56676735175168,0.0006970202077514206,0.00010169920434874148,352.45917522616037,0.0126953125
1360000,2,0.5698934568226508,0.012630864743826967,55.726260405131,0.0007114059007926882,0.00011601077080295889,352.071669568815,0.0126953125
1370000,2,0.5734003639924685,0.01263665100295603,56.07637265918912,0.0007069289075033098,0.000111686056430274,351.7441568949499,0.0126953125
1380000,2,0.5716894357302299,0.012951475404452188,55.87379757983155,0.0007072553071838421,0.00011208984972703985,351.62542907050613,0.01171875
1390000,2,0.5674265228056423,0.012561746663327182,55.48647891123302,0.0007064459267317393,0.0001113056961897304,351.47051245757694,0.0126953125
1400000,2,0.5687773281888815,0.012360993936943883,55.64163487440267,0.0007035713154425381,0.00010823600643153204,351.23791498959446,0.013671875
1410000,3,0.5684857464534269,0.012879386268887759,55.56063709041129,0.0007122356261745781,0.00011682481663150034,351.3034711765913,0.013671875
1420000,3,0.5703996606891157,0.012929578005124285,55.747009198237784,0.0007065311506006817,0.00011106290702075687,351.3600735775143,0.013671875
1430000,3,0.5770883145842564,0.012896094827206103,56.41922298137732,0.0007085651767522406,0.00011337011799609765,351.0596124395248,0.013671875
1440000,3,0.5746968155857826,0.012666522390574725,56.203030687503265,0.0007013525643284026,0.00010599901320141399,350.9793944458622,0.013671875
1450000,3,0.5711538500055795,0.012989470596298293,55.816438987473106,0.0007060693451080051,0.00011094256737672549,350.427338414586,0.0126953125
1460000,3,0.5683590638826697,0.012584778373442634,55.57742991784651,0.0007022814022310141,0.00010698966556381424,350.4028117983188,0.0126953125
1470000,3,0.5701999308020214,0.012413232309130011,55.77867131800863,0.0007075598692034737,0.0001122998731904831,350.0872463631928,0.0126953125
1480000,3,0.5678346730492781,0.012835088827490865,55.49995965004752,0.0007058659943415029,0.00011045734369209334,349.4431031348733,0.013671875
1490000,3,0.5700573941487747,0.012709428772378543,55.7347977788984,0.0007043976694939255,0.00010894713172951109,349.21615984064334,0.013671875
1500000,3,0.5704753119800833,0.012430649908770311,55.80446701595178,0.0007026405406519176,0.00010720956819289953,348.96596095444517,0.013671875
1510000,3,0.5660252519726133,0.012843452749369353,55.318181111691864,0.0007089124246831318,0.00011366649533472271,348.8484694587348,0.0146484375
1520000,3,0.5673777465448748,0.012597581473796797,55.4780185083738,0.0007042518016171543,0.0001090140956526518,348.9421315754459,0.0146484375
1530000,3,0.5762046387868907,0.012766985273854725,56.34376662256675,0.0007016066689174265,0.0001063079404552127,348.9096643903152,0.0146484375
1540000,3,0.5704075674623678,0.012560569160358949,55.784700968883755,0.0007036605820326794,0.00010836526522072315,348.6746361196506,0.0146484375
1550000,3,0.5669972626389623,0.012922905883981763,55.407437096627625,0.0007036688721896038,0.00010851759449556795,348.5676624299452,0.0146484375
1560000,3,0.5755636668792328,0.012561013044036786,56.30026649163786,0.0007061469590082789,0.00011117630153782578,348.4837975376827,0.0146484375
1570000,3,0.5718252287229908,0.012499516489189257,55.9325726100529,0.0007070882936633462,0.00011187258099820612,348.1104629371945,0.0146484375
1580000,3,0.5720011835530995,0.012575073513871094,55.9426119989609,0.0007044392247648858,0.0001092679362339709,347.81856945717,0.0146484375
1590000,3,0.5751856526968728,0.012547188352157145,56.26384762865806,0.0007009024392679837,0.00010568472071173138,347.7181105497566,0.0146484375
1600000,3,0.56975877544122,0.012691777917611894,55.706701482358845,0.000701565740487847,0.0001060366619406892,347.82099728437703,0.0146484375
1610000,3,0.5694524787378594,0.012721655099103482,55.673083602867855,0.0007112310438564421,0.00011579111879168399,347.7615895755667,0.0146484375
1620000,3,0.5681287456240902,0.012554051577546334,55.557470811303446,0.0007109675550560894,0.00011606730451164135,347.496280854395,0.013671875
1630000,3,0.5710614224480934,0.012566318711815813,55.84951135248235,0.0007061450462568742,0.00011106148704689075,347.3367381920388,0.013671875
1640000,3,0.5699913426236762,0.012602600108664291,55.73887574562741,0.0007022999378745961,0.00010698824016278339,347.36898568570973,0.015625
1650000,3,0.5696369466033623,0.012877257602024076,55.675970171566554,0.0007117135771433269,0.0001163914334952508,346.74207775319314,0.015625
1660000,3,0.5653847448647547,0.011865123273289434,55.351963283771696,0.0007033300124593037,0.00010839440536387692,346.56821841557354,0.015625
1670000,3,0.5689530183407376,0.012934598366943247,55.60184302985293,0.0007125633595852608,0.00011758567398126752,346.4367482072293,0.015625
1680000,3,0.5715808084200794,0.012523710606187198,55.90571098906214,0.0007090994429522085,0.00011401115208555897,346.33175543639055,0.015625
1690000,3,0.568160461603308,0.012693055730582,55.54674173012142,0.0007005920870460673,0.0001053797661052988,346.41866685902875,0.015625
1700000,3,0.5685349883635595,0.012945014701259923,55.5589982424926,0.00070892523070291,0.00011370991397453385,345.77408510043534,0.015625
1710000,3,0.5703929931565493,0.0128256491673535,55.75673574606679,0.0007026282185443302,0.00010764790221765895,345.5653278232954,0.015625
1720000,3,0.5690363596133431,0.012112470799822975,55.692390444388664,0.000702233436939353,0.00010708806173101467,345.603002500698,0.015625
1730000,3,0.5701305037140677,0.01244700356791106,55.76835167844747,0.0006991852503114009,0.00010426951540369573,345.3601093524064,0.015625
1740000,3,0.56841639611352,0.012660950667512333,55.57554583892619,0.0007064282126005902,0.00011140795503532118,345.27112127094824,0.015625
1750000,3,0.5723519031846488,0.012885949746511575,55.94659655982748,0.0007045586753350499,0.00010944008986370248,345.11879076458825,0.015625
1760000,3,0.5713256513715715,0.012815577204623367,55.85100864066228,0.0007040225896550193,0.0001087677340928123,345.26871867458465,0.015625
1770000,3,0.5747870972550821,0.0124852763499611,56.23018298625467,0.0007015430809317165,0.00010634589776829411,345.25373783197097,0.015625
1780000,3,0.5682273319882836,0.012339594443550726,55.5887754859251,0.0006997930580590759,0.00010445102117300796,345.0098614761557,0.015625
1790000,3,0.5701192263192483,0.012552526659451991,55.756671170828106,0.0007014332484974232,0.00010636073510857731,344.8314814310428,0.015625
1800000,3,0.5665098938665922,0.012293433951815747,55.4216471645229,0.0007001788596526665,0.00010522726167416617,344.6855973148837,0.015625
1810000,3,0.5709473169673036,0.012401473303429937,55.85458534469089,0.0007042780890826155,0.00010935187414905321,344.50709665724304,0.015625
1820000,3,0.5664072518161586,0.012446298303726936,55.39609658507243,0.0007028929515230151,0.00010784362356999278,343.9746242629203,0.015625
1830000,3,0.5675374095359611,0.012265100382153756,55.5272324714023,0.0007007506575024458,0.00010557958351475,343.90669643367426,0.015625
1840000,3,0.5719263842334819,0.0127662694523957,55.91601290798221,0.000702236294090983,0.0001069238126695472,343.9714963183698,0.015625
1850000,3,0.566633640778666,0.012227899779349835,55.44057529157539,0.0007029926120474626,0.00010792415228069294,343.67280866024424,0.015625
1860000,3,0.5690510739992299,0.012414669429426341,55.663641573138456,0.0007033388467997701,0.0001080299345040375,343.4167253156002,0.0166015625
1870000,3,0.5679176789705835,0.012594949680188997,55.532274733679316,0.0007032633515839289,0.00010802661920638036,342.74715611616176,0.0166015625
1880000,3,0.5771528598118811,0.01298828524079212,56.416457961485854,0.0007111452755371553,0.00011624249019418188,342.37611814050194,0.0166015625
1890000,3,0.5669044828819675,0.013146716203031981,55.37577787560132,0.0007068734652193806,0.00011170532524291141,342.30826550799617,0.0166015625
1900000,3,0.5668529360156247,0.012198940550928053,55.4654007887947,0.0007046597351278871,0.0001097011831305251,342.20123640058335,0.0166015625
1910000,3,0.5611939410080595,0.012491279814397316,54.87026747175723,0.0007056510697591292,0.00011066766515990502,342.19107102123087,0.0166015625
1920000,3,0.5641662467315857,0.01247298702147819,55.169326750112425,0.0007039262121653928,0.00010879483429933582,341.5721821481242,0.0166015625
1930000,3,0.5668626706584057,0.012460282445101037,55.440239987318876,0.0007018965003741576,0.00010685773932416436,341.4264254955205,0.0166015625
1940000,3,0.5643082604454175,0.012578550099249712,55.17297225936811,0.0007033863151463324,0.00010848119762814035,341.38832003661,0.0166015625
1950000,3,0.5711766035579825,0.012266567909105025,55.89100461609607,0.0007010987095884187,0.00010619441260264552,341.3423268583751,0.017578125
1960000,3,0.5688250849850762,0.01261704627720484,55.62080484104812,0.0007029370473904734,0.00010798731901461318,341.2234557575349,0.017578125
1970000,3,0.5653657072990221,0.012275118068881014,55.309060080737424,0.0007035469601123479,0.0001084019072745452,341.0375398282287,0.017578125
1980000,3,0.5713615373890055,0.012435726464385873,55.89258242644093,0.0007074544624210417,0.00011250236597934214,340.9191117606536,0.017578125
1990000,3,0.5703541431098288,0.012626844876122647,55.77273093094324,0.0007077239447985559,0.00011296276310413161,340.58171079590414,0.017578125
2000000,3,0.5693143005380038,0.012414369642258291,55.68999407014494,0.0007089046477798888,0.00011390608454677447,340.5924241420762,0.017578125
2010000,3,0.5694626126964963,0.01245413821440182,55.70084866558406,0.0007033726671625603,0.00010823288157145881,340.48539282724727,0.017578125
2020000,3,0.5746166415717819,0.012732010321280943,56.188464100537026,0.0007026463631694069,0.00010755033513300332,340.22687111233483,0.017578125
2030000,3,0.5688829489450059,0.01278646114631419,55.60965049255987,0.0007018962788669881,0.00010666725705702478,339.6510727951409,0.017578125
2040000,3,0.569823360420373,0.013092628035159369,55.6730745061016,0.0007046961069351746,0.00010946185463305198,339.6677585018205,0.017578125
2050000,3,0.5747128553234971,0.012740237535423669,56.19726308083015,0.0007070963320173062,0.00011200909828308908,339.6450427658842,0.017578125
2060000,3,0.5658895030348048,0.012972927074250426,55.29165883853657,0.0007073983540158994,0.00011223608511615757,339.46117299790575,0.017578125
2070000,3,0.5735145033033028,0.012934551594322084,56.05799616167605,0.000713679764267107,0.00011905991732281246,339.09892246123076,0.017578125
2080000,3,0.5645215581099863,0.012560689950175574,55.19608792334765,0.0007051144660315152,0.00011001372693177196,339.38953207931274,0.017578125
2090000,3,0.5745873790790827,0.01279352434027117,56.179386644378674,0.000704988990749079,0.00010987272522180377,339.1901960849768,0.0185546875
2100000,3,0.570101262130064,0.01217238684548592,55.79288897477489,0.0007013545936858632,0.00010635544197995834,338.94535936634804,0.0166015625
2110000,4,0.5734853892225203,0.012428454168837278,56.10569497997188,0.0007067432439238544,0.00011165458966966004,338.70280390949364,0.0185546875
2120000,4,0.5730060437250536,0.01216216899212598,56.08438886029883,0.0007009067387131239,0.00010608619012475317,338.5379991030487,0.017578125
2130000,4,0.5706613805363443,0.013032291110700435,55.76291036972478,0.0007112451820619329,0.00011625746726616553,338.4528384126813,0.017578125
2140000,4,0.5697292142855653,0.012481270167485726,55.72479597542695,0.0007040117377356889,0.00010917669655959244,338.3220442640068,0.017578125
2150000,4,0.5642807622427187,0.012499948309027816,55.17808275448754,0.0007078510012990433,0.00011295498305403724,337.9687937421621,0.0185546875
2160000,4,0.5714373695893136,0.01230678614054192,55.91305958054811,0.0007014093520221497,0.00010646906446444833,338.0929255001248,0.01953125
2170000,4,0.5695194203769228,0.012446024109543907,55.707340924076455,0.0007038235231451764,0.00010875020702952372,338.0053308082287,0.01953125
2180000,4,0.5681594152973282,0.01233645664488388,55.582297248884096,0.0007010757536646109,0.00010601835852222691,337.7152567207842,0.0185546875
2190000,4,0.5694651442265147,0.012144663686302034,55.73204897323999,0.0007071357464725777,0.00011220636225329626,337.43112669658814,0.0185546875
2200000,4,0.5687822258476052,0.01238065112829184,55.640159295400494,0.0007044336047095929,0.00010946209581417216,337.3266664847081,0.01953125
2210000,4,0.5666908087322435,0.011933331354302938,55.475749177366794,0.0007023688604216667,0.00010727326399955286,337.1766654048402,0.01953125
2220000,4,0.5672804288629173,0.012172914354717656,55.510752608784344,0.0007041606276275012,0.00010894941561201073,336.87636736599774,0.01953125
2230000,4,0.5696642300980727,0.0120138125729246,55.76504300548727,0.0007005838112481439,0.0001056421751577842,336.66861063740674,0.01953125
2240000,4,0.5657782151618577,0.01217131866140843,55.36069043124912,0.0007001655244295976,0.00010509741971000442,336.38443929758455,0.01953125
2250000,4,0.5695774588365244,0.012597207817705767,55.69802592777193,0.0007054899435109388,0.00011040529970714159,336.61698486520083,0.01953125
2260000,4,0.5686499882882623,0.01250474951430108,55.61452502039059,0.000708445683235609,0.00011336247640403015,336.1069983343187,0.01953125
2270000,4,0.5721262551293921,0.012894112760206836,55.92321532614182,0.0007150736594037639,0.00011999288172536556,335.91306176946273,0.01953125
2280000,4,0.5687813227685143,0.012345857350985203,55.64354755272841,0.0007018640773891826,0.00010707940738298437,335.6081669664535,0.01953125
2290000,4,0.5682853066452899,0.012617288706807785,55.56680349108442,0.0007079546812880422,0.00011322813736868507,335.7694822544577,0.01953125
2300000,4,0.5718620930913,0.012549499371904863,55.93126030882125,0.0007053326873697665,0.00010992192108573628,335.91320261293754,0.01953125
2310000,4,0.569496935700341,0.012631427823999142,55.686551904032086,0.0007080174479917357,0.00011322841948947466,335.4114897093514,0.0205078125
2320000,4,0.5688303655604541,0.0128032271349724,55.60271477491806,0.000700582295764558,0.00010544437500646012,335.4798264200249,0.01953125
2330000,4,0.5717336202974214,0.012833024178651892,55.89006110466013,0.000706071308873205,0.00011093762938861224,335.372650833335,0.0205078125
2340000,4,0.5709383332954362,0.012656179712295716,55.82821694924304,0.0007028043347651212,0.00010754432324852441,334.8404876165551,0.0205078125
2350000,4,0.5680037302368521,0.013118826005831839,55.488491768653425,0.0007081933408994398,0.00011336058387793261,334.643049005381,0.0205078125
2360000,4,0.5650625548136725,0.0125135074496542,55.25490624983399,0.0007035727731377349,0.00010857719334383605,334.51881988180486,0.0205078125
2370000,4,0.5753194143243032,0.012963812018566043,56.2355614187703,0.0007039535238162082,0.00010860561115194636,334.5472507507862,0.0205078125
2380000,4,0.5740232008458671,0.012823868107675862,56.11993443022153,0.0007128214502838663,0.00011801901136633891,334.21931729846335,0.0205078125
2390000,4,0.5707673852899211,0.012251574574162023,55.851582306815935,0.0007009755009486758,0.00010590291593161636,334.47595478332596,0.0205078125
2400000,4,0.5765718882540062,0.012354288446570291,56.421761157148154,0.0007008355444765867,0.00010594470830344113,334.057296619537,0.0205078125
2410000,4,0.5708561408239956,0.012687100393703287,55.81690560401048,0.0007023838083785559,0.00010736869011680736,333.72856590729185,0.0205078125
2420000,4,0.5755477748443378,0.012936268831190567,56.2611517515497,0.0007073649327168024,0.00011226902067402272,333.5735266998816,0.0205078125
2430000,4,0.5727760205576433,0.012418005922197254,56.03580218568531,0.0006995739625136663,0.00010458893255838271,333.3805880261033,0.0205078125
2440000,4,0.5694728860726629,0.012447725100919335,55.702517279739304,0.0007069636130727683,0.00011207303723446383,333.1158347499314,0.0205078125
2450000,4,0.5700292523846316,0.012546782598023618,55.74824815900549,0.000706872852448574,0.0001119467145558959,332.8107253029473,0.0205078125
2460000,4,0.5691916455846191,0.012557893042169291,55.66337620106485,0.0007102176046562038,0.00011538109046820171,332.2914190918118,0.0205078125
2470000,4,0.5715589860418591,0.012840506651662652,55.87184894538366,0.0007069594724613111,0.0001121260434646482,332.300474252511,0.0205078125
2480000,4,0.5657491965337242,0.011995717090018043,55.37534901498684,0.0006974250356822728,0.00010226299144499967,332.2981521701829,0.0205078125
2490000,4,0.5675868684458945,0.012523687608594007,55.50631962960017,0.0007013365899604481,0.00010646554670958658,332.0370722832281,0.0205078125
2500000,4,0.5687404830955549,0.012240506120093706,55.64999837646959,0.0007037080049172041,0.00010862287593314147,332.0887670854055,0.0205078125
2510000,4,0.5684545843649228,0.012197818770270688,55.625677696303235,0.0007022268478436571,0.00010718233430668186,331.8275978526773,0.0205078125
2520000,4,0.5682540811981278,0.012660661851510803,55.559343304429305,0.0007042877912833968,0.00010926828100210663,332.0536332307645,0.0205078125
2530000,4,0.5730211731784008,0.012057130081169308,56.09640590096872,0.0007021172427721764,0.0001070996918065888,331.99301528227716,0.0205078125
2540000,4,0.5711674462745946,0.012187645200078232,55.89798110212589,0.0007003580274988898,0.00010541776537344854,331.9192375098743,0.0205078125
2550000,4,0.5747686048347163,0.012868401311047939,56.190021205971306,0.0007057236786339454,0.00011093563602567598,331.620063474556,0.0205078125
2560000,4,0.568928843746421,0.012332182172002592,55.65966727925814,0.0007076441470031999,0.00011286745555106302,331.633805195762,0.0205078125
2570000,4,0.5686128869648449,0.012576991895629885,55.60359110442865,0.0006993117702751867,0.00010419415577570393,331.6616998133603,0.0205078125
2580000,4,0.5714940647484751,0.01257993581790583,55.89141398028434,0.000704431950629874,0.0001093503111525661,331.44558786806834,0.0205078125
2590000,4,0.5667445207867869,0.012176083314060039,55.45684478848475,0.000701909067000914,0.00010688175536777965,331.6072426512973,0.0205078125
2600000,4,0.5693326857437231,0.012366747063652343,55.69659479040177,0.0007031675016823339,0.00010818571643559766,331.30985489554104,0.0205078125
2610000,4,0.5698280892643065,0.012578036648368545,55.725006719805336,0.0007070927261875022,0.00011214287705804702,330.8953416762397,0.0205078125
2620000,4,0.5688276694699964,0.01230304416383389,55.65246362659138,0.0006989729078496511,0.00010399217161363848,330.95465210469285,0.0205078125
2630000,4,0.5754904098719763,0.012897642297967327,56.259278229428766,0.0007074767987560528,0.00011252601907300802,330.62556703018475,0.021484375
2640000,4,0.5692565235155755,0.012599830754095756,55.66567032958366,0.0007027660556142802,0.00010768895424314685,330.3818531910291,0.021484375
2650000,4,0.5668742734205099,0.012321000792134733,55.455328284164,0.0007033830438454205,0.00010851860844957121,330.1320134881548,0.0205078125
2660000,4,0.5675043272409124,0.012659510655778791,55.48448287524279,0.000706661320023004,0.00011147754179715768,330.28516008480324,0.0205078125
2670000,4,0.5702606580774323,0.012307012712584156,55.79536579768565,0.0007013076481617609,0.00010625302675400743,330.043111372683,0.0205078125
2680000,4,0.5658686711709751,0.012198040486600111,55.367064554856924,0.0006993292211022785,0.00010418307161953902,330.20291107593044,0.021484375
2690000,4,0.5665570847938004,0.012645502823343303,55.391159320442576,0.0007053548219718244,0.0001105378209096582,330.0962804389159,0.0224609375
2700000,4,0.571610056574114,0.01264351163319236,55.89665527302585,0.0007050724194563279,0.00010993945515615908,330.1235922161793,0.0224609375
2710000,4,0.5724821307157371,0.012558214291361258,55.992392801270306,0.000705559755367385,0.00011068420369778501,329.9345023379056,0.0224609375
2720000,4,0.5677841528802782,0.012439254969093762,55.53449118584899,0.0007017942192089756,0.00010683027628717618,329.99675080556534,0.0224609375
2730000,4,0.5727668532464515,0.012649765581690404,56.01170996584928,0.0007023242643634612,0.00010743188046908536,329.8790848113585,0.0224609375
2740000,4,0.5719401835643567,0.012688594800924687,55.9251599418579,0.0007013451540954152,0.00010620740578838675,329.8247205076801,0.0224609375
2750000,4,0.5677787285911587,0.012558399884650335,55.52203390959673,0.000708081614086715,0.00011350814229081499,329.6310298081595,0.0224609375
2760000,4,0.5719198898526375,0.012563697645652147,55.93562025476487,0.00070244782009265,0.0001074581812063062,329.0204883170466,0.0224609375
2770000,4,0.569331488163943,0.012400935270892966,55.693056762971715,0.0007068408579855192,0.00011207338325306752,328.8707932990619,0.0224609375
2780000,4,0.5712133634062811,0.012379869434340978,55.883350490938874,0.0006994604721273294,0.00010439930511467802,328.9129431834201,0.0224609375
2790000,4,0.5687965397367598,0.012038137117685461,55.67584151829126,0.000702285564694587,0.00010743427546853081,329.17767140786725,0.0224609375
2800000,4,0.5708983378795439,0.012817470927642502,55.80808794723983,0.0007075375791752133,0.00011248766203480165,328.78218080154164,0.0224609375
2810000,4,0.5712155305593589,0.013070708881899215,55.81448370828942,0.0007078156954733267,0.00011277984829812071,328.4839671292294,0.0224609375
2820000,5,0.5688249092711695,0.012564493582502646,55.62604240038552,0.0007090720483964227,0.00011468249211204358,328.0404517330164,0.0224609375
2830000,5,0.5712312541153336,0.012340430153414647,55.88908360287092,0.0006990584746482281,0.00010390859900821945,327.85889012343955,0.0224609375
2840000,5,0.5698600654089856,0.01228528012308612,55.75747967733508,0.0007078222590617625,0.00011310925798042072,327.76118984218556,0.0224609375
2850000,5,0.5618393755255364,0.0118794790403956,54.99599074365097,0.0006948564981935408,9.977295772720683e-05,327.4942985822911,0.0224609375
2860000,5,0.5686329417823562,0.012394154243192937,55.62388014021716,0.0007025635009336608,0.00010767511829802166,327.4296007946494,0.0224609375
2870000,5,0.5701627059784518,0.01222229659702028,55.794042262534134,0.0007001373314114676,0.00010512611461541413,327.68266693751497,0.0224609375
2880000,5,0.5661145241051531,0.012659392047725718,55.34551454951747,0.0007030977406321653,0.00010804362112524998,327.3763647766779,0.0224609375
2890000,5,0.5673500959797307,0.012650281754050861,55.46998291694301,0.0007030017772223143,0.00010809353151877484,327.1787178740754,0.0224609375
2900000,5,0.5702390817869865,0.011956998394565422,55.82820960651494,0.0006988403386009482,0.00010398626707011012,327.45489002342293,0.0224609375
2910000,5,0.5703099628702007,0.012399024971163113,55.791094995244954,0.0007049973972020159,0.0001098927931165808,327.32887556672557,0.0224609375
2920000,5,0.5708633600647188,0.012204220629850656,55.86591467362122,0.0006999900810872481,0.00010499555771540192,327.1130058382798,0.0224609375
2930000,5,0.5721868798452211,0.01292406324026127,55.92628269307132,0.0007048633181441956,0.00010992102668302667,327.32947327574874,0.0224609375
2940000,5,0.567257022913378,0.01203204501330593,55.522498946556354,0.0006983471715286453,0.00010350162505118473,327.3297414013117,0.0224609375
2950000,5,0.5691081327822247,0.012547522899599244,55.65606216091976,0.0007051198379964948,0.00010998499101642093,327.08458681472797,0.0224609375
2960000,5,0.5667172935728831,0.01232244318638591,55.43948603952746,0.000704506629648632,0.00010957439442254975,327.0775442487632,0.0224609375
2970000,5,0.5724079792324369,0.012539373482604862,55.9868616329141,0.0007041386285113831,0.00010921572419523528,326.99058231896987,0.0234375
2980000,5,0.5715837699055112,0.012375563247862376,55.920821895034315,0.000701454256727828,0.00010646309047018581,326.9861724936533,0.0234375
2990000,5,0.5672928042934863,0.01201629732706546,55.527651623513506,0.000697505413294761,0.00010216345880423967,326.9007384940191,0.0234375
3000000,5,0.5709018900252306,0.011982533494645151,55.89193667971318,0.0006994808993769338,0.00010456768748715731,326.703801805601,0.0234375
3010000,5,0.569264602185449,0.012354083460404775,55.69105290520288,0.0006976253621522117,0.00010257983864869253,326.5497007443997,0.0234375
3020000,5,0.5678153935685789,0.012355295486425178,55.546011158423546,0.0007017381768439992,0.00010686601263360785,326.0776363409341,0.0234375
3030000,5,0.5684836578754559,0.012364133812447279,55.611954015461976,0.0006984027607706802,0.0001033792780724411,325.97954245600346,0.0224609375
3040000,5,0.5724947727150661,0.012185442215504659,56.030934007651645,0.0007011120616777803,0.00010615524401557065,325.97863940425725,0.0224609375
3050000,5,0.5699479840718759,0.012327336811745864,55.76206556361989,0.0006995268582746237,0.00010455883884675941,325.69402570799144,0.0234375
3060000,5,0.5723223640789123,0.012594819919022669,55.97275560143713,0.0007039235173285593,0.00010907359623014512,325.3658893245713,0.0234375
3070000,5,0.5701652438290343,0.012456985989217666,55.77082728222634,0.0007051556583496364,0.00011038504451944932,325.4087063908844,0.0234375
3080000,5,0.570304383996426,0.012356607262625174,55.79477920733246,0.00070442344607234,0.00010971134120470859,325.0907345306924,0.0234375
3090000,5,0.5712252655960119,0.012357681591545712,55.88675959369728,0.0007021413536129733,0.00010697666106055008,325.21731637398733,0.0234375
3100000,5,0.5713397643423574,0.012496847839207261,55.884292801507875,0.0006976605098141302,0.00010270844422870462,324.94997271045503,0.0234375
3110000,5,0.5681440067388167,0.012593205479900317,55.55508153533785,0.000705657444395943,0.00011071428902251452,324.89585855478424,0.0234375
3120000,5,0.5667399512460951,0.012065933068863248,55.46740310514288,0.0006979508114005049,0.0001030466092942747,324.9458963875528,0.0234375
3130000,5,0.5703597470695897,0.012342087287317548,55.80176670012966,0.0007045044593846636,0.00010981145825585324,325.0108792387454,0.0234375
3140000,5,0.5672849054839219,0.01220986004276415,55.507505509117166,0.000698736689768378,0.00010398276608973057,324.8146292428358,0.0234375
3150000,5,0.567270861711507,0.012342470892554722,55.49284046607812,0.000708241767352279,0.00011359726157394952,324.7249631630228,0.0234375
3160000,5,0.5686700366385755,0.012023281797114257,55.66467659212954,0.0007023068697912138,0.00010749778639928565,324.6867996737281,0.0234375
3170000,5,0.5686653927658394,0.012190157575335992,55.64752481612373,0.0006985321405081996,0.00010363853212535753,324.65629119269227,0.0234375
3180000,5,0.5661947755284983,0.012495216697152102,55.369957098702166,0.0007028578099236529,0.00010785484119970795,324.59632695879236,0.0234375
3190000,5,0.5708689372520815,0.012314918223628693,55.855403109016095,0.0007050608232893189,0.00011025508948795475,324.572247205748,0.0234375
3200000,5,0.5671181871367798,0.012185880709975222,55.49323172713981,0.0006983159634927888,0.00010343129418123877,324.47169336936616,0.0234375
3210000,5,0.5756250103841858,0.012985484138443183,56.263953972194344,0.0007074900835044676,0.0001126063120303038,324.5397749745088,0.0234375
3220000,5,0.5667165958594429,0.012227350547127753,55.44892585878762,0.000700787967882773,0.00010601623664586195,324.13053124517756,0.0234375
3230000,5,0.5686526597097904,0.012764740048945773,55.58879305088246,0.0007118677469886325,0.00011727338652088003,323.78728570283545,0.0234375
3240000,5,0.5647506274708645,0.012346082973027505,55.240455142508644,0.0007009813587503086,0.00010597370132659798,323.92750847769,0.0234375
3250000,5,0.5627674210922423,0.012165116589323614,55.06023173128871,0.0007030156317608485,0.00010814540493694617,323.5395038724175,0.0234375
3260000,5,0.5647642727975807,0.01234816225917807,55.24161191727352,0.000704735257329139,0.00010960860957446615,323.6250870058659,0.0234375
3270000,5,0.5685282076126025,0.012058952068483108,55.64692689953801,0.0007013453834315504,0.00010642154197764885,323.5633053179665,0.0234375
3280000,5,0.5648808881907841,0.012290694255922392,55.25902066045101,0.0007055163333352717,0.00011071975383812487,323.25314611421135,0.0234375
3290000,5,0.5706749987655217,0.0124304181509931,55.82445979098939,0.0007017345462733219,0.00010689694730778944,323.4478474544484,0.0234375
3300000,5,0.5677912333118978,0.012227093201918683,55.55641528240984,0.000704933619417347,0.00010998571380727399,323.1219551629656,0.0244140625
3310000,5,0.572904288823845,0.012304067297958965,56.06002334109063,0.0007015811377933929,0.00010674313586976136,322.94337831323827,0.0244140625
3320000,5,0.5727656340078054,0.012478957194468537,56.02866859396677,0.0007069857470949617,0.00011201071656011762,322.9235532623907,0.0244140625
3330000,5,0.5661803195268532,0.012122563568151556,55.40577643702876,0.000701472214623355,0.00010669092324725452,322.644674344903,0.0244140625
3340000,5,0.5660395743085262,0.01231170110383228,55.37278858487555,0.0006999868469528642,0.00010501476757425692,322.5693532342121,0.0244140625
3350000,5,0.5707551565885614,0.012749162712016452,55.80060036962132,0.0007123923007175994,0.00011772758821660752,322.52073375616226,0.0244140625
3360000,5,0.5657401329337657,0.012434010505149412,55.33061355113369,0.0006976271883007126,0.00010260458052260314,322.50202040779374,0.0234375
3370000,5,0.5707454369751432,0.012582992124200713,55.81624573092583,0.00070583624978337,0.00011114012686802894,322.133385119603,0.0234375
3380000,5,0.5717690645378672,0.012653914888073419,55.911515848977004,0.0007031568468669053,0.00010834919365204097,322.2311194182012,0.0234375
3390000,5,0.569137297714723,0.012239012105836,55.689829251372416,0.0007000000291322357,0.00010529895233269904,322.23746929692896,0.0234375
3400000,5,0.5708349268863754,0.0123491781415141,55.84857596793443,0.0006990304140412942,0.00010424831713124392,322.2232207005943,0.0234375
3410000,5,0.569324965502806,0.012293618720236049,55.70313561760884,0.0007006373528929199,0.00010542384550915642,322.3628734296984,0.0244140625
3420000,5,0.564251346629814,0.012113519148981563,55.21378416931045,0.0007028727543077048,0.00010791215240247379,322.4551677901302,0.0244140625
3430000,5,0.5664392312378451,0.012419201415913865,55.40200418743169,0.0007037099202298904,0.00010877453121168719,322.1048814846442,0.0244140625
3440000,5,0.5676445479968685,0.01236210643505213,55.52824571135718,0.0007009872217276685,0.00010620709490280528,321.8558173225649,0.0244140625
3450000,5,0.5718814990959374,0.012273237352064518,55.960827281120636,0.0007043732684288162,0.0001095969423140572,321.9583445113147,0.0244140625
3460000,5,0.57109328998079,0.012276289527947515,55.88170100880934,0.0006997014108493407,0.00010481441449779757,321.91237683412544,0.0244140625
3470000,5,0.5725892744499556,0.01245669414750379,56.01325905135016,0.0007083886976955358,0.00011356365737714165,321.9280621666324,0.0244140625
3480000,5,0.5685515529214938,0.012353771005454667,55.61977892339959,0.000704631470828479,0.00011003572479342359,321.82959733584926,0.0244140625
3490000,5,0.5672243156024969,0.012237122033003105,55.498720623736055,0.0007089625388937033,0.00011421482800906206,321.9580778270201,0.0244140625
3500000,5,0.5710272341159102,0.012492399678255857,55.853485096775344,0.0007045387870454374,0.00010994353536453149,321.5334259048038,0.0244140625
3510000,5,0.5657426099036047,0.012027835169752244,55.37147825822686,0.0006982177093110711,0.00010346370912927637,321.31623442246206,0.0244140625
3520000,6,0.5666686051559962,0.012542672911058421,55.41259430969995,0.0007003859183715297,0.00010559668286287269,320.76476474394906,0.0244140625
3530000,6,0.5729734970891731,0.012165697999214797,56.080780882512194,0.0007074270869187157,0.000112814636423636,320.71069285003983,0.0244140625
3540000,6,0.5690971421085134,0.012523906514564807,55.657325023155636,0.0007026361178515298,0.00010762128504610516,320.34412552427426,0.0244140625
3550000,6,0.5694816122219856,0.012517564452846136,55.69640553152486,0.0007133098964272412,0.00011869528964832755,319.98578618627454,0.0234375
3560000,6,0.5738028890997036,0.012583617535785931,56.12192860662695,0.0007061469489847477,0.00011147685763942918,319.9926899812004,0.0244140625
3570000,6,0.5705053564102549,0.012321414345699075,55.81839609663247,0.0007021685928949525,0.00010727600975638576,319.7102475198481,0.0244140625
3580000,6,0.5712834188328607,0.012283743115337094,55.89996859101823,0.0007012901076677403,0.00010648282672327864,319.7383030307861,0.0244140625
3590000,6,0.5744751853196799,0.012967600928647882,56.15076013319176,0.0007073134104270861,0.00011239212633012636,319.73029820887893,0.0244140625
3600000,6,0.5712457578699932,0.012381081261459731,55.88646873578522,0.0007043638533997843,0.00010981828517611369,319.5755501055463,0.025390625
3610000,6,0.5710840905675477,0.012353389224781219,55.873071056416926,0.0007039320679633598,0.00010890647711449261,319.7400568706425,0.025390625
3620000,6,0.5688830139074227,0.012513781510563001,55.63692394250036,0.0007062100429208172,0.00011147983916968205,319.1174355778307,0.025390625
3630000,6,0.57099790965316,0.012552963932554591,55.844495726924976,0.0007028913898597926,0.0001081192432141439,319.1298290521339,0.025390625
3640000,6,0.5675761783175997,0.012467448180725354,55.510874488649584,0.0007038789001592342,0.0001090180649947348,319.2955694423462,0.025390625
3650000,6,0.5693217233624206,0.01206696132480156,55.725477377922374,0.0006989048932823542,0.00010392831449728639,319.23355197549154,0.0244140625
3660000,6,0.5653871233541384,0.012503774985413845,55.288336519648574,0.0007020180852457239,0.00010710259052638668,319.11137783947834,0.0244140625
3670000,6,0.5616823484484174,0.011948126065451285,54.97342304715886,0.0006973543382530056,0.0001026197012026181,318.875913068857,0.0244140625
3680000,6,0.5682154014584228,0.01241124962697562,55.580416512272116,0.0007047940605426125,0.00010987503245434623,318.91648104718354,0.0234375
3690000,6,0.5705960966384631,0.012660938494794667,55.793517015133226,0.0006997571510898141,0.00010490577777722842,319.1220126973933,0.0244140625
3700000,6,0.566172579679021,0.012661132643697863,55.351146006771444,0.000705707539030217,0.00011080399520141702,318.9350597666146,0.025390625
3710000,6,0.5693237204534021,0.012056277031225391,55.72674584547299,0.0006988162325783871,0.00010421662475641612,318.82475069405865,0.025390625
3720000,6,0.5720647059776816,0.012933753800764303,55.9130964717,0.0007039363867575776,0.00010914467479993053,318.6336468692487,0.025390625
3730000,6,0.5720590661841147,0.012787125333938129,55.9271952575029,0.0007175702080251437,0.00012317635939937312,318.9229229762274,0.025390625
3740000,6,0.5626314801781138,0.011857637979412878,55.077385121607605,0.0006961292895218741,0.0001011458828344378,318.8976694783779,0.025390625
3750000,6,0.5700492885029317,0.012296351455248806,55.77529460664005,0.000700906862863624,0.00010605872912767664,318.8290215251932,0.025390625
3760000,6,0.5703355727163987,0.012647729393571835,55.768785462354614,0.0006990167475532715,0.00010405867630311103,318.6139682962703,0.025390625
3770000,6,0.5690165505389366,0.012714927559637546,55.6301635609019,0.0007030448325179765,0.00010780111827470842,318.78497515426625,0.025390625
3780000,6,0.5690540811830515,0.012487879878537278,55.656621384484,0.0006973390340798307,0.0001025471448128057,318.5339368359566,0.025390625
3790000,6,0.5628680019518798,0.012163197475189963,55.07048196055662,0.0007038962132353283,0.00010918889741549407,318.5279317221974,0.025390625
3800000,6,0.5679384188084232,0.012259743844233808,55.56786900773746,0.0006996526386194113,0.00010485991976105071,318.6570521374954,0.025390625
3810000,6,0.5668720255949687,0.012421015152410312,55.44510223735727,0.0007008521064521501,0.00010581553335299689,318.5953601534226,0.025390625
3820000,6,0.5642519142480371,0.012503772316903968,55.17481510351068,0.0007028114116416376,0.00010802287679634885,318.25843218712737,0.025390625
3830000,6,0.5711998070762679,0.012213561023015495,55.89862619103768,0.0007015544612398669,0.00010654240089865025,318.3420430058613,0.025390625
3840000,6,0.570154950042894,0.012637522354869724,55.751743980782365,0.000707261317608411,0.00011256791134164806,317.636425860227,0.025390625
3850000,6,0.5720455456263263,0.012452877505631246,55.9592680607015,0.0007034964995809517,0.00010879750069507589,317.5116818402811,0.025390625
3860000,6,0.5697591998539651,0.012063522313177113,55.76956923501154,0.0006985382464068056,0.00010372594734400579,317.4002003251629,0.025390625
3870000,6,0.5607089399211845,0.012442813594148313,54.82661377756668,0.0006997100798847654,0.00010481119368486102,317.03827220875223,0.025390625
3880000,6,0.5675916794224375,0.01218202895144654,55.54096646658867,0.0007063202593189426,0.00011168420113047309,316.8350931859004,0.025390625
3890000,6,0.5741992666258267,0.012360213337428375,56.1839069610627,0.0007022477672925028,0.00010756215878114612,316.3424464338337,0.0244140625
3900000,6,0.5691525987356483,0.012392766340360278,55.67598418460876,0.0007033229262085039,0.00010845233598361762,316.39686615779345,0.0244140625
3910000,6,0.5703025840016895,0.012077749549236563,55.822484711562495,0.000700654629272084,0.00010607112789556313,316.2473890786541,0.0244140625
3920000,6,0.5688856062577328,0.012407963878018867,55.64776563790327,0.0007077885967941819,0.0001129264071606261,316.25256376846073,0.0244140625
3930000,6,0.5731557590688121,0.01260449492615179,56.055127264277395,0.0006992312265564972,0.00010447516633592368,316.0914807445538,0.0244140625
3940000,6,0.5683866877020562,0.012388031542714978,55.599867020410954,0.0007033067024237708,0.00010864803591483829,316.004749142374,0.0244140625
3950000,6,0.5713542970834915,0.012166458383149581,55.918785030111366,0.0006981519042218832,0.0001034743988235313,316.1244968008934,0.0244140625
3960000,6,0.5637050003187639,0.012252022120949694,55.14529882508369,0.0007020321814797201,0.00010717660932428449,315.96724733902187,0.0244140625
3970000,6,0.5688121667138709,0.01198940687329929,55.68227722869233,0.0006965900077154813,0.0001016998510818956,316.1297689032419,0.0244140625
3980000,6,0.5689915197904197,0.012189711707457146,55.68018201088589,0.000701185944345668,0.00010616054720980413,315.9855768998641,0.025390625
3990000,6,0.5746758132789761,0.012399348308502632,56.227647975842736,0.0007005913098660123,0.00010593062100781299,315.97453577608593,0.025390625
4000000,6,0.5721977564111064,0.012601133526190739,55.95966379477394,0.000706093231280809,0.000111189216603313,315.7572641389485,0.025390625
4010000,6,0.5722371308310191,0.012078469505797164,56.01586753496778,0.0007005506102063173,0.00010574379883526163,315.8539736453882,0.025390625
4020000,6,0.5676696082271538,0.01198910749011964,55.568051043592604,0.0007001657632566218,0.0001053241530226688,315.75620348264727,0.025390625
4030000,6,0.5696734423606793,0.012013420876502846,55.76600330410996,0.0007045734511025389,0.00011009679865317685,315.4919292841789,0.025390625
4040000,6,0.5670470572741295,0.012272346144748968,55.47747190480597,0.0007043240463564099,0.0001093840463514662,315.75871790542016,0.025390625
4050000,6,0.5704184846507456,0.012662206163407314,55.775628964273515,0.0007074559470044482,0.00011275236396894543,315.26850213690057,0.0263671875
4060000,6,0.5729214768468053,0.012686399157575542,56.0235088237049,0.000703106104722197,0.00010835808902234888,314.8588937719425,0.0263671875
4070000,6,0.5715398956185666,0.012620943095893334,55.89189660881694,0.0007056301732145812,0.00011061654128064838,314.7472487526778,0.0263671875
4080000,6,0.5680087890503267,0.01231453672633348,55.56942645844645,0.0006996407783090488,0.0001045478214830939,315.1916804911491,0.025390625
4090000,6,0.5696538907043565,0.012530875058027989,55.71230302624653,0.000702098948926492,0.00010731138017966542,314.9029250011711,0.0263671875
4100000,6,0.5710116200738181,0.012715921089041663,55.82957115719912,0.0006988027134545107,0.0001039930058964824,314.8535873831187,0.0263671875
4110000,6,0.5662552027151596,0.012285613711796626,55.39695987318144,0.0007010791184375044,0.00010601138668128367,315.0305215463587,0.0263671875
4120000,6,0.5657996245067647,0.011956416964423696,55.384321810605655,0.000703293852513669,0.00010856801060694931,314.9858854422738,0.0263671875
4130000,6,0.5657483801871391,0.011995296317858237,55.375309640689224,0.0006987719140734438,0.00010390514774488043,315.0879261183668,0.0263671875
4140000,6,0.5671650148090992,0.012577723455848235,55.45873094173945,0.0007085808344269892,0.00011391543869174434,314.73257608939775,0.0263671875
4150000,6,0.5724747619851461,0.012671182126024487,55.980359317341225,0.0007038954427350711,0.0001090420491882495,314.8027047104677,0.0263671875
4160000,6,0.5732092730521814,0.01320724363480028,56.00020395852914,0.0007097141380376527,0.00011484530467494416,314.8100122972629,0.0263671875
4170000,6,0.574861869956881,0.012724493284008775,56.213738643638905,0.0007012521034704605,0.00010638095176516105,314.88387972895225,0.0263671875
4180000,6,0.5705686965029936,0.012764362284998599,55.7804345770181,0.0007070929581599185,0.00011214979407652564,314.69734068193804,0.0263671875
4190000,6,0.5715596565938423,0.012746039603694213,55.881363092730325,0.0007055637902956537,0.00011082980412945231,314.76276976630373,0.0263671875
4200000,6,0.5717224510357001,0.012424403879818809,55.92980592262457,0.0007078134877823419,0.00011292057065947108,314.7675846904144,0.0263671875
4210000,6,0.570113290911824,0.012005998220819807,55.81073041191651,0.0006985835590843335,0.00010379509315192078,314.65731201855715,0.0263671875
4220000,7,0.5690682885173629,0.012066879161033233,55.70014222249378,0.0006983750035453352,0.00010344514978660812,314.7863564731354,0.0263671875
4230000,7,0.5634966892562792,0.012154083561482969,55.13426220044196,0.0006986707040858245,0.00010377031421435689,314.9058256445183,0.0263671875
4240000,7,0.5693310588175708,0.0124986948193399,55.68323734536563,0.0006991071697340331,0.00010422230456359909,314.7377421768411,0.0263671875
4250000,7,0.5684114417180312,0.012193865926838255,55.62175872287732,0.000702731411187521,0.00010791149631401981,314.8289680891545,0.0263671875
4260000,7,0.5739848256142969,0.012797924328830295,56.118691046427614,0.0007033635766893046,0.00010843674121582642,314.671083656198,0.0263671875
4270000,7,0.5645616110533566,0.01206551318125563,55.24961132027322,0.00070038015278522,0.00010581627201683975,314.47095905092476,0.0263671875
4280000,7,0.5670315481015825,0.012262040476533776,55.47695203983456,0.0007038047427345581,0.00010887439986741598,314.7319330102492,0.0263671875
4290000,7,0.5726508207037687,0.012439765887634013,56.02110687092763,0.0006979854697523396,0.0001028113748175973,314.3367683794417,0.0263671875
4300000,7,0.5656085791680898,0.012159172728737818,55.344941552525626,0.0006995937217457212,0.00010479560901950447,314.36594528189806,0.0263671875
4310000,7,0.5732542035306233,0.01267046946948369,56.05837507189287,0.0007066682265900393,0.0001118577955817487,314.49298169351084,0.0263671875
4320000,7,0.5699634198922087,0.012468331286046594,55.74950993893356,0.0007031766427933148,0.00010823965525585242,314.37149947885354,0.0263671875
4330000,7,0.5678806896608473,0.011973244809635946,55.59074585448172,0.0006994778687300664,0.00010483638294195402,314.33702835230474,0.0263671875
4340000,7,0.5730936373634651,0.01245874964160783,56.0634900888235,0.000708069079463766,0.00011337731578052911,314.3403385032365,0.0263671875
4350000,7,0.56680466451352,0.012003795950886699,55.48008838982605,0.0006988990179920625,0.00010404379141966104,314.2605268719299,0.0263671875
4360000,7,0.5661238621634237,0.012540043241516285,55.35838308243549,0.0006996446325284662,0.00010487043027811192,314.3428784280396,0.0263671875
4370000,7,0.568632980805132,0.01224766745276778,55.63853232031359,0.0006981299536723035,0.00010319685731419988,314.40566211372027,0.0263671875
4380000,7,0.5703755638027014,0.012138289403476091,55.82372864102253,0.0006978272377697137,0.00010300343694600484,314.2322892889417,0.0263671875
4390000,7,0.573098231638112,0.012022333859434088,56.10759096377015,0.0007028697399157015,0.00010815816153584444,313.8776897050734,0.0263671875
4400000,7,0.5698615967245155,0.012531255355863604,55.73303506308901,0.0007076546911946179,0.00011290107600653772,313.87489138553264,0.0263671875
4410000,7,0.5721314914492108,0.012227607323704884,55.99038959439486,0.0007029177374396813,0.00010816155617652806,313.56568065182876,0.0263671875
4420000,7,0.5663881130323035,0.012495914711831962,55.38922127386903,0.0007008844056595374,0.00010605756303075897,313.47281151506144,0.0263671875
4430000,7,0.5689803410365502,0.012753420938149341,55.62269340449795,0.0007067672756852462,0.00011213815972484364,313.5323621847131,0.0263671875
4440000,7,0.5699341224720059,0.011990935131025771,55.794320012268116,0.0006948395868622487,9.989386872159852e-05,313.666901721619,0.0263671875
4450000,7,0.5684339251005424,0.012570580495071048,55.586335807619655,0.0007052927609788656,0.00011058409414584178,313.3927718547316,0.0263671875
4460000,7,0.5706303817006606,0.012310597084238779,55.83197954507766,0.0007021023240235452,0.00010720189771740904,313.19260940230635,0.0263671875
4470000,7,0.5630063647651653,0.012105016486150177,55.090136073134026,0.0007039719698976351,0.0001090433617379176,313.03600820273033,0.0263671875
4480000,7,0.5678796473820525,0.012222178575956808,55.565747994164056,0.0007047174928367521,0.00011025091423660338,312.9919174544463,0.0263671875
4490000,7,0.5716514991512507,0.012246569276252504,55.94049404297787,0.0007079945446642304,0.00011312860332438487,312.96302084499575,0.0263671875
4500000,7,0.5687828243946795,0.012134990087679761,55.664784958136075,0.0006978197657909879,0.00010304178360335614,313.0711400322529,0.0263671875
4510000,7,0.575248973463525,0.012871477098968975,56.237751087892136,0.0007089701605979254,0.00011416599589795783,312.9373836950359,0.0263671875
4520000,7,0.5644759289242409,0.012177878711166098,55.22980617904832,0.0007092146632214402,0.00011454506216107782,312.9857834358483,0.0263671875
4530000,7,0.567278216408251,0.012426958556482633,55.485126999290785,0.0006984595574359076,0.0001035251850432609,312.9662040275725,0.0263671875
4540000,7,0.5717378014680817,0.012099675196211543,55.9638141185195,0.000703422471000167,0.00010876603790977774,312.95396554601916,0.0263671875
4550000,7,0.5682394945280486,0.012316698379481704,55.59228091065394,0.0007057518141147137,0.00011066349489874813,312.98376638177734,0.0263671875
4560000,7,0.5657779871853155,0.012333701587547511,55.3444299349829,0.0007003550542092818,0.00010549815593259378,312.72070071185635,0.0263671875
4570000,7,0.572632082733003,0.012629721308384691,56.000236804554376,0.0007112919281202026,0.0001166205473827068,312.51762292843523,0.0263671875
4580000,7,0.5701281416514653,0.012170438995666347,55.79577142954446,0.0006994281815036599,0.00010456690235651647,312.7507819742818,0.0263671875
4590000,7,0.5692814257172237,0.012382429323667286,55.68990088262885,0.0007160130835468419,0.00012163928730100046,312.4628400584741,0.0263671875
4600000,7,0.5678918743295227,0.0121792654601839,55.57126184884853,0.0006997128609847583,0.00010496416219899876,311.90194949941485,0.0263671875
4610000,7,0.569327899290449,0.01230916477495695,55.701874965391205,0.0007000376829235575,0.00010514540668273742,312.01626556120453,0.0263671875
4620000,7,0.5673123962144015,0.011920717660068685,55.53916941834714,0.0007005110491696538,0.00010577842816071026,311.48160954489407,0.0263671875
4630000,7,0.5693795037414909,0.011923548853908493,55.74559695412241,0.0006961008276915611,0.00010099363859139581,311.71174561915325,0.0263671875
4640000,7,0.5675000185475216,0.012134645971583306,55.536538509391896,0.000695946241185613,0.00010116268699718427,311.4686494948269,0.0263671875
4650000,7,0.571026690690227,0.012344504685583232,55.86821965310199,0.0006993328798203759,0.00010454376568736717,311.41626394487315,0.0263671875
4660000,7,0.5724107870545312,0.012487183731946266,55.99236137069846,0.0007029323595255431,0.00010819810862533569,311.2961468293388,0.0263671875
4670000,7,0.5652947616889541,0.01218434312773401,55.311043449358976,0.0007038603227878261,0.0001092272363276892,311.4294230522713,0.0263671875
4680000,7,0.5684883899627919,0.012254533606604643,55.62338704276126,0.0006991400332557139,0.00010411010556305684,311.4759324351429,0.0263671875
4690000,7,0.5707010364434177,0.012439053340095912,55.82619925577515,0.0007117782671716927,0.00011730782812171097,311.15207296581485,0.0263671875
4700000,7,0.5721711429516313,0.01266923317833603,55.95019217282173,0.0007111185727847115,0.00011643192038853806,311.2291228175234,0.02734375
4710000,7,0.5661485651851748,0.011983951715246527,55.41646305849383,0.0007014274016109907,0.00010645095181941487,311.29377627042027,0.02734375
4720000,7,0.5660821194586034,0.011764715704641462,55.43174148808174,0.0007003489995280335,0.00010578993078462753,311.29058177603844,0.0263671875
4730000,7,0.5678980570585798,0.012127215434143466,55.577085538361366,0.0007048605163892771,0.00011025659644261152,311.05104897079036,0.0263671875
4740000,7,0.571510126544569,0.01245687991631659,55.905325642333544,0.0007034941917336987,0.00010865862864359225,310.8886955542266,0.0263671875
4750000,7,0.5713638235554215,0.012160200043529709,55.920363213490596,0.0007053935490010002,0.00011062552152244165,311.0263370864603,0.0263671875
4760000,7,0.56912506279005,0.01209850724947278,55.70265686043568,0.0006980460374160998,0.00010323991845181004,310.8347900058636,0.0263671875
4770000,7,0.5675555169830703,0.01220846899288671,55.53470618740666,0.000703273429138688,0.00010848882740968671,310.5178148666704,0.0263671875
4780000,7,0.5659665777156052,0.01241489391507066,55.35517016154242,0.0007033203492901229,0.00010836080798699316,310.4146149543008,0.0263671875
4790000,7,0.5666736755836096,0.012306577425987664,55.43671138300308,0.0007031343630794571,0.00010853067139860927,310.1021082609173,0.0263671875
4800000,7,0.5697636037809144,0.011632886546296737,55.81307341582924,0.0006996622533703532,0.00010505832048740846,310.1617527790778,0.0263671875
4810000,7,0.5715748530700228,0.01235233090404939,55.92225271190823,0.000701771506656307,0.00010700346432233239,310.13986458199304,0.0263671875
4820000,7,0.5622211802177646,0.011866800238325616,55.035439315684634,0.0006980125063633908,0.00010305071567803665,310.2572668210583,0.0263671875
4830000,7,0.5714782770305463,0.012243400553719239,55.923488699568324,0.0007076034876011151,0.00011277672707043476,310.1303532300411,0.02734375
4840000,7,0.5691053854018716,0.012046266198354789,55.70591302166541,0.0006988050072532167,0.00010387154078829054,310.06307132016775,0.02734375
4850000,7,0.5661717254025493,0.012143062649349176,55.40286766613432,0.0007026410112141872,0.00010793584032871239,309.9497855487201,0.02734375
4860000,7,0.5737796478580472,0.012279621256563338,56.15000404523183,0.0006983511344555613,0.00010360943906485308,309.5599614627801,0.02734375
4870000,7,0.5711541020303693,0.012033549632571604,55.912055864987536,0.0006981188551136967,0.0001034584217369196,309.67980261085586,0.02734375
4880000,7,0.5653535792126378,0.01229279583599874,55.30607978366704,0.0007053488301421559,0.00011077186284539549,309.23612938676456,0.02734375
4890000,7,0.5720228897466682,0.012040636022543433,55.99822640039663,0.0006960894145223974,0.00010123154492145016,309.34817062860185,0.02734375
4900000,7,0.5677529860187521,0.012155582759659408,55.55974175493766,0.0007001607301629318,0.00010555241028866605,309.31428346342494,0.02734375
4910000,7,0.565946723967777,0.012177630856834173,55.37691064132866,0.0007055425349763902,0.00011082194327540217,309.17133928072747,0.02734375
4920000,7,0.5706027642265302,0.012601859571536311,55.80009159318901,0.0007060981075092974,0.00011112027520112103,309.38026916657213,0.02734375
4930000,8,0.5694449841801568,0.012311598139284775,55.71333936013814,0.0007006831624910439,0.00010594219233279982,309.0764263716367,0.02734375
4940000,8,0.569563950567523,0.01250485121181168,55.70591164757115,0.0007031002381849004,0.0001082717226002149,309.12359023234774,0.02734375
4950000,8,0.5679855363638321,0.012073354090841428,55.591219884115624,0.0007066092837335799,0.00011189920391759526,309.1105500321859,0.02734375
4960000,8,0.5710097263412587,0.0121465329695237,55.88632054222029,0.0007027653921536334,0.00010814319444114459,309.0005952307572,0.02734375
4970000,8,0.564813428969728,0.012121607471851377,55.26918319324048,0.0007029642832726471,0.00010833553840180073,308.8568207583434,0.02734375
4980000,8,0.5699375900505348,0.012139210859949888,55.77983924148768,0.0007078508220398705,0.00011313003103965327,308.85070381703235,0.02734375
4990000,8,0.5648097587174605,0.012426688301509017,55.23830846624048,0.0007047435603682803,0.00010984825776476873,308.8335530907157,0.02734375
5000000,8,0.5754065182855765,0.012597876766013066,56.28086507648272,0.0007024678226391412,0.00010773277267586176,308.4355187273454,0.02734375
5010000,8,0.5698139075658141,0.012177420528929457,55.76365033979605,0.0007007731172598533,0.00010596452645103822,308.14174498208104,0.02734375
5020000,8,0.5688606930895903,0.012801545752238904,55.60591619607343,0.0007073183006846355,0.00011274801952859247,307.9640233332294,0.02734375
5030000,8,0.5710936484846945,0.01225986580373682,55.883379594876494,0.0006991461987334196,0.00010430669507827379,307.8898585326128,0.02734375
5040000,8,0.5716426603142818,0.012320692497885326,55.93219815318982,0.0007022795695516952,0.00010726536630873375,307.9122772598996,0.02734375
5050000,8,0.5617062432489376,0.011739790365480686,54.99664623462939,0.0006951079701217023,0.00010028139764141313,307.8484961314668,0.02734375
5060000,8,0.5702575056845053,0.012275773466217157,55.798174111998186,0.0007005269387557349,0.00010583280577499576,307.3025062637991,0.02734375
5070000,8,0.5703012403770136,0.012323843741826967,55.79774092077944,0.000703120254559038,0.00010848050697612424,307.20811045722104,0.02734375
5080000,8,0.5698067817986011,0.012296786281632669,55.75100044150626,0.0007125947383626421,0.00011796809274469047,307.3028657160658,0.02734375
5090000,8,0.5694064533973866,0.01264024900598318,55.67662172347097,0.0007052247041169714,0.000110529504141445,307.16706849573904,0.02734375
5100000,8,0.5680899753590604,0.012282231095301677,55.58077619768861,0.0007107230165826524,0.00011608471676833133,306.9403255617885,0.0283203125
5110000,8,0.5710224116648837,0.012534939235381636,55.84874842390723,0.0007136485257111704,0.00011913701707723217,306.96762458987786,0.0283203125
5120000,8,0.5659605247447415,0.01188802476862235,55.40725079661875,0.0006982063159154169,0.00010333734725218422,306.9961567463527,0.02734375
5130000,8,0.5709526998104906,0.01197497968215217,55.897773421354586,0.000699990454770647,0.0001052207419411874,307.09362954182876,0.0283203125
5140000,8,0.5667221376794666,0.012316408515988456,55.44057435679357,0.0007018422863611315,0.00010719328619056077,306.9591228034571,0.0283203125
5150000,8,0.5682888204056536,0.012148430232731017,55.61404046767349,0.0006991854376602798,0.00010430733814132125,307.05346174753254,0.0283203125
5160000,8,0.5667576410796024,0.01218776800127613,55.45698842781448,0.0007016965032509454,0.00010652747912812744,307.0566037081517,0.0283203125
5170000,8,0.5645307949419237,0.011902880223454301,55.26279272524912,0.0006993560491064821,0.00010469766034486141,306.9391034735402,0.0283203125
5180000,8,0.564943497323453,0.012307160890588838,55.263634782023665,0.000704740078586913,0.00010983027086225265,306.7994068572893,0.0283203125
5190000,8,0.5685420307930555,0.01227283352773548,55.62692131349166,0.0007068748100816495,0.00011240064958718136,306.66627346522444,0.0283203125
5200000,8,0.5735128861247155,0.012208470217346517,56.130442707207266,0.000699298036493682,0.00010461477040700566,306.7532036724401,0.0283203125
5210000,8,0.5709573174510548,0.012278412731909546,55.867892064840326,0.0007021877179048846,0.00010740247019470029,306.7617258709342,0.0283203125
5220000,8,0.571384363514121,0.012572775289223057,55.88116032165439,0.0007031834159443437,0.00010837192538805152,306.66477292867893,0.0283203125
5230000,8,0.5686185245089006,0.012140892398335892,55.647764672452624,0.0007001108274035218,0.00010532811880157625,306.7024312091223,0.0283203125
5240000,8,0.5687917359051013,0.01234508270131107,55.644666435045906,0.0007000820849732669,0.00010525697810083639,306.61621477365213,0.0283203125
5250000,8,0.568735880169854,0.01177383815303542,55.69620511818748,0.0006984624335078538,0.00010372966819857095,306.72232537699205,0.0283203125
5260000,8,0.567229085596997,0.012081153507025424,55.51479443655835,0.0006975754655169021,0.00010261396562662007,306.5986239431011,0.029296875
5270000,8,0.5689806288702126,0.012077022714773124,55.69036137207228,0.0007014613119726977,0.00010654245788440186,306.70336990125077,0.029296875
5280000,8,0.5711963305564646,0.01197431932846897,55.922202256095524,0.0007028940184734049,0.0001079730415973475,306.3675448498339,0.029296875
5290000,8,0.5689175516397712,0.012212065422163524,55.67054989455263,0.0007039810181342461,0.00010935396653133886,306.3096907095158,0.029296875
5300000,8,0.5700133755627196,0.012141574472480801,55.78718128650525,0.000699586667443589,0.00010483791088186078,306.45501099695184,0.029296875
5310000,8,0.5681963202563666,0.012444839959371078,55.57514878692866,0.0007036511200485185,0.00010900966097585655,306.3108417503604,0.029296875
5320000,8,0.5721015222590812,0.012050078640895235,56.00514568438495,0.0007071771675212406,0.000112308422638354,306.2931934750875,0.029296875
5330000,8,0.5651133456593246,0.01232022892685491,55.279313160495285,0.0007040133283393899,0.00010927770863045984,306.1460636136431,0.029296875
5340000,8,0.5745619480334558,0.012757236835975735,56.18047303307358,0.0007023219192392891,0.00010767118578182915,305.9562403653391,0.029296875
5350000,8,0.5648437382082255,0.012242461789677745,55.26012900032437,0.0007065720361352199,0.0001116872993053265,306.13201155074984,0.029296875
5360000,8,0.570859758322232,0.012104436645440428,55.875533375484615,0.0007013206678172987,0.00010670286050243074,305.7711368347495,0.029296875
5370000,8,0.56638024106493,0.012087905279736725,55.429234650454184,0.000701859503523467,0.00010714771503418882,305.7512218969238,0.029296875
5380000,8,0.5737715340950533,0.012250244342856334,56.15212986989822,0.0007068113227673585,0.00011212719112350772,305.32836026211817,0.029296875
5390000,8,0.5700179911711223,0.012194306068788402,55.78236981959396,0.0007012990641408186,0.0001063639075256705,305.2927514337533,0.029296875
5400000,8,0.5740511912310593,0.011904367674767545,56.2146836620088,0.0007002668533988533,0.00010562672364222017,304.8395553671713,0.029296875
5410000,8,0.5677624476685446,0.012060523498704723,55.5701934760218,0.0006980917790943865,0.00010334484218656385,304.9316671167666,0.029296875
5420000,8,0.5696358887327916,0.012171919906809422,55.746398343161715,0.000697628234048599,0.00010273455519568642,304.4316737637579,0.029296875
5430000,8,0.5685701137462936,0.012049269153260364,55.652085825037844,0.0007018115205055498,0.00010726351435321712,304.0012138901269,0.029296875
5440000,8,0.5665192149684426,0.012164828878985066,55.43544011270897,0.0006971075334295114,0.00010222764912946559,304.2860229025202,0.029296875
5450000,8,0.5707386919665949,0.011907862981574664,55.88308429567225,0.0006955489926041513,0.00010064179403631938,304.37398502522524,0.029296875
5460000,8,0.5668851216787912,0.012467788387738174,55.441734584206735,0.0007049569086908765,0.00011004628831183004,303.94595401133154,0.029296875
5470000,8,0.5729975043313775,0.012494406161407182,56.05031106643207,0.000703103582811371,0.00010849068743880285,304.0567080137396,0.029296875
5480000,8,0.5690645404388339,0.012435457877816069,55.66290915017924,0.0007028296170164595,0.00010804987913150125,303.72967288157133,0.029296875
5490000,8,0.5668806931367485,0.011948329788925693,55.49323754654095,0.0007045254617388141,0.00010982202787248713,303.2352760748556,0.029296875
5500000,8,0.570159936961831,0.012398107409485921,55.77618466813434,0.0007075333371102919,0.000112977102236273,303.1080795365005,0.029296875
5510000,8,0.5708676780687649,0.012362636383779171,55.85050553596879,0.0007014243939625876,0.00010644671759301389,303.47810894136506,0.029296875
5520000,8,0.5716852679573429,0.012475207498826971,55.921007636978594,0.0007042901352137791,0.00010935802478784743,303.35080314159825,0.029296875
5530000,8,0.5659155043463501,0.011775530292743622,55.413998342317655,0.0007019475209671229,0.00010705156533809935,303.2649852223424,0.029296875
5540000,8,0.567288089739515,0.011940882421968705,55.534721925545696,0.0006969509539670592,0.00010197513698589998,303.2744969786242,0.029296875
5550000,8,0.5666919344993466,0.012247753753658263,55.4444191478954,0.000699934316267854,0.00010511888003051655,303.04685270660764,0.0302734375
5560000,8,0.5693916169839153,0.012242030679802753,55.714959809499085,0.0006975404489370238,0.0001023946827111282,302.7814896457793,0.0302734375
5570000,8,0.5696896778408775,0.012004809276898173,55.7684878821032,0.0006949101003473151,9.996085847235729e-05,302.5666536308175,0.0302734375
5580000,8,0.5691755557451995,0.012719696249556193,55.64558725305685,0.000711972326777609,0.00011694887451307704,302.69341065201536,0.0302734375
5590000,8,0.5690848383196769,0.012299195158863671,55.678565340293545,0.0006954477829375247,0.00010050017802331102,302.65922458929657,0.0302734375
5600000,8,0.5671991955628581,0.012130290209075967,55.50689155714148,0.0007004339614645553,0.00010567066813163481,302.5585546429986,0.0302734375
5610000,8,0.5732526729887187,0.012464221816329838,56.078846113063975,0.000699670602498299,0.0001049494415071028,302.44877285557936,0.0302734375
5620000,8,0.5678471333838095,0.011541368149225444,55.630577552363896,0.0006932226430443706,9.842990789625507e-05,302.6078347707908,0.0302734375
5630000,9,0.5668146466272863,0.012202679197682777,55.46119786580858,0.0007008493323610848,0.00010605785084449676,302.32081640554946,0.0302734375
5640000,9,0.5688747792173261,0.012298251122197748,55.657654371878124,0.000702091282321234,0.000107385821107663,302.41854272970016,0.03125
5650000,9,0.5684456938029101,0.012046720353846112,55.63989887653595,0.0007002726246477302,0.00010537586186510724,302.48239856106863,0.03125
5660000,9,0.5663768031040335,0.011934912757195746,55.44419020831179,0.0006979189783905288,0.00010307401221550943,302.3086131603318,0.03125
5670000,9,0.571148240952854,0.012042099157062367,55.91061558623839,0.0006987027967598877,0.00010369807631802084,302.55716291612663,0.03125
5680000,9,0.566587945818826,0.012290752949856933,55.42972047244972,0.0007043058825376647,0.00010959569011711758,302.3074706809115,0.03125
5690000,9,0.5676253947456404,0.012283264610557844,55.53421389594413,0.0007006853665465195,0.00010580999000784205,302.28072435352675,0.03125
5700000,9,0.5719189034454969,0.012231005663393591,55.96879079831989,0.000697869459330956,0.00010281651845699172,302.1840589563237,0.03125
5710000,9,0.5602230027970537,0.011784036572198155,54.84389706894643,0.0007007820059635497,0.00010598405502077353,302.2671979990529,0.03125
5720000,9,0.5679672726309921,0.012398783573487058,55.55684981559876,0.0007100542793024901,0.00011512425409553681,301.9525104294934,0.03125
5730000,9,0.5690552276913977,0.012435502604570775,55.661973656454,0.0007046521944025719,0.00010975383460062149,302.10499502207995,0.03125
5740000,9,0.5745829969073526,0.012386690939953525,56.219631861061444,0.0007001068918395078,0.00010518170140904445,301.7044793964746,0.03125
5750000,9,0.5711841676929685,0.012058232986789806,55.912594426935506,0.0006983873686432558,0.00010356467219479508,301.6958962861128,0.03125
5760000,9,0.5695698804549303,0.01184755449092312,55.772233565878736,0.0006987708062980956,0.00010373099851314624,301.66522186287335,0.03125
5770000,9,0.5611431828466912,0.012046476463813257,54.90967186188267,0.0007039448553571036,0.0001091120440680485,301.46208442705023,0.03125
5780000,9,0.5731010810585463,0.011930268621976228,56.11708298776206,0.0006947919254146121,9.99705555985296e-05,301.4816271623641,0.03125
5790000,9,0.5718183613705233,0.011828124745504945,55.99902457788125,0.0007015467506208701,0.00010670044233067455,301.50615598408524,0.03125
5800000,9,0.5698886188338971,0.012273582008450886,55.76150474627382,0.0007040095296178464,0.0001089745361854783,301.64098013897484,0.03125
5810000,9,0.5676427873750071,0.012265365736761027,55.537743246342224,0.0007047557267392977,0.00010968045498579032,301.58262975471814,0.03125
5820000,9,0.5700307477697932,0.012515759118691063,55.751499571464485,0.00070381001161227,0.00010906953353561767,301.2639690347403,0.03125
5830000,9,0.5657779694002731,0.0120109760590827,55.376700533937665,0.0007018331318363602,0.00010691243665412498,301.3307169927298,0.03125
5840000,9,0.5689439863914799,0.012384684230851423,55.65593115072182,0.0007060255593674997,0.00011101440860272984,301.1630141577774,0.03125
5850000,9,0.5679576698119244,0.012041328319506266,55.59163528035924,0.0007039783183864683,0.0001090871451443935,301.0237449865018,0.03125
5860000,9,0.5697985361361586,0.012039121476751728,55.77594284960628,0.0006962134179378375,0.00010122437174827523,300.70841347959447,0.03125
5870000,9,0.5691892932230074,0.012542171852995072,55.664713699311804,0.0007007532477362296,0.00010587926565929873,300.5268790848618,0.0322265625
5880000,9,0.5668222705870284,0.012311086763501669,55.45111930553661,0.0007091956667258347,0.00011425519301363608,300.530931215267,0.0322265625
5890000,9,0.5679408476935507,0.012259495991904816,55.56813642556731,0.0007019456436500416,0.0001069107437989419,300.5150021294109,0.033203125
5900000,9,0.562529934757129,0.012331857387983446,55.019809048192045,0.0007071045044527213,0.00011223971449418808,300.3946063429807,0.033203125
5910000,9,0.5659244467782605,0.011901590718841035,55.40228684152489,0.0006973696992732301,0.00010253130116441835,300.37716920042453,0.033203125
5920000,9,0.5684434252406187,0.01180919882849623,55.66342367852741,0.0006998213822534888,0.00010482884265136182,300.45178573162366,0.033203125
5930000,9,0.575106698976535,0.012276480144876846,56.28302323722781,0.0006988817340997432,0.00010394650992016033,300.2463749189933,0.033203125
5940000,9,0.5714171814420204,0.012361010785031948,55.90561797045581,0.0007040501329615172,0.00010912678848627119,300.32001923532056,0.033203125
5950000,9,0.5733712426973739,0.01207687146252116,56.129438279671156,0.0007051273379344701,0.00011058552129285814,299.9878942510543,0.033203125
5960000,9,0.56943505349428,0.011886267504723599,55.75488027399067,0.0006968901875301337,0.00010217482050815168,300.10523742265934,0.033203125
5970000,9,0.5679138742111222,0.011933090432588922,55.59808000530233,0.0007046168121585109,0.0001101989894208058,299.81278326540775,0.033203125
5980000,9,0.5730850221670535,0.012347981127676808,56.07370504673281,0.0007052455117022001,0.00011051641226759406,299.9873372744548,0.033203125
5990000,9,0.5680339534458974,0.012186478088547286,55.58474875679935,0.0007004039449521229,0.00010566242595129217,299.91839875482765,0.033203125
6000000,9,0.5675504294926265,0.012345207184013983,55.52052313969774,0.0007006538335418698,0.00010592566353943526,300.03729576192745,0.033203125
6010000,9,0.5689085202962849,0.012630315570911628,55.62782165268234,0.0007057093042391066,0.00011104450853463281,299.9254888545555,0.033203125
6020000,9,0.5704393943480339,0.012006278625525673,55.843312783043075,0.0007004807304807166,0.00010567674418030335,299.96450385204867,0.033203125
6030000,9,0.568501381106259,0.012450671695191573,55.60507200384434,0.0007026562096561147,0.00010803014147517638,299.66485556289143,0.033203125
6040000,9,0.5684253166642063,0.01167850085120864,55.67468293445984,0.0006919032813334818,9.70038504410229e-05,300.19385478793663,0.033203125
6050000,9,0.5649355780100423,0.01228335643658704,55.26522322373707,0.0007041181898149406,0.00010950282154534378,299.9817718119241,0.033203125
6060000,9,0.567614707019703,0.011810180188103906,55.58045388862191,0.0006947114490003959,9.984538502069792e-05,299.9292087001822,0.033203125
6070000,9,0.5685719889842087,0.012211914012069534,55.63600871068671,0.0007023042573794828,0.0001072772498850134,299.52860106694726,0.033203125
6080000,9,0.568618376342856,0.012020181030195795,55.65982074668774,0.0006991473257407038,0.00010434893350465002,299.3099172048465,0.0322265625
6090000,9,0.5699798604144578,0.012000421988291477,55.7979451985061,0.0007001962667438473,0.00010539972524579691,299.2681851698273,0.0322265625
6100000,9,0.574503407233734,0.01243043683266185,56.207298372807976,0.0006995490699227869,0.00010459788859386333,299.37037038567496,0.0322265625
6110000,9,0.5690298018864529,0.011747324784976842,55.72824903955978,0.0006989365954064544,0.00010411773525203079,299.2016004936978,0.03125
6120000,9,0.5673575619042025,0.012209546695001577,55.514802505306214,0.0007040476050070647,0.00010935374469975082,299.0073580905706,0.0322265625
6130000,9,0.5727153409782788,0.012250876515673286,56.046448086458454,0.0007154296752418205,0.0001209674777138068,298.9979175244056,0.0322265625
6140000,9,0.5744903382252093,0.012071218821883311,56.24191360853931,0.0006997679787815654,0.00010517911961655249,298.77611472621027,0.0322265625
6150000,9,0.5755441905953154,0.01225603491294181,56.328817003974585,0.0007033858555046578,0.0001080805843382382,298.50180927813227,0.0322265625
6160000,9,0.5649732509800983,0.011772422475475238,55.320083694764655,0.0006948897593248029,9.998951679435996e-05,298.3690061438136,0.0322265625
6170000,9,0.5679321987669237,0.011990488347647892,55.59417256106364,0.0006976378570931977,0.00010254380644474009,298.57335814385436,0.033203125
6180000,9,0.569526963665751,0.012656327736740263,55.68706457164954,0.0007064614184361745,0.00011172912635287685,298.37407693647754,0.033203125
6190000,9,0.5695027787218121,0.012471590733042248,55.70312004283221,0.000699025653025063,0.00010389289627034718,298.56011496678605,0.033203125
6200000,9,0.5699367505123267,0.012229111304468571,55.770764768205744,0.0006987864318594702,0.00010378242579953253,298.2642196350539,0.033203125
6210000,9,0.5631604356825058,0.011840709599622126,55.13197431020717,0.0006977017961452032,0.00010282669352931428,298.3641174195781,0.033203125
6220000,9,0.5692584662632636,0.012273778885071683,55.698469562387565,0.0007025994474324553,0.00010762922130929398,298.3978179136306,0.033203125
6230000,9,0.5663146492300405,0.01195425802453134,55.436040161577175,0.0006960920615353411,0.00010109308715204405,298.3906259428836,0.033203125
6240000,9,0.5634118431183858,0.011654435396791332,55.175741751762025,0.0006967396834199475,0.00010174654639444278,298.4362730959652,0.0322265625
6250000,9,0.5678118652665166,0.012272310763027356,55.553956466519324,0.0007014032890177614,0.00010674879383239052,298.070652120991,0.0322265625
6260000,9,0.565202855565376,0.011931571890226518,55.32712946375179,0.0007079275645567178,0.0001133038357667362,298.16095880730626,0.0322265625
6270000,9,0.5664172137561929,0.011937164979982701,55.44800619885385,0.0006974045328186912,0.00010273015484206761,298.0438277103735,0.0322265625
6280000,9,0.5716138171729426,0.012179760281470681,55.94340695899228,0.0007028247868676517,0.00010801447132822855,298.1029089426121,0.0322265625
6290000,9,0.5695681185039863,0.011676863247573268,55.78912675155396,0.000697896835821448,0.00010314128789160383,298.2874492766899,0.0322265625
6300000,9,0.5709623445707339,0.011916196394113551,55.90461594821059,0.0007038720825304091,0.00010922638119919692,298.2351854700222,0.0322265625
6310000,9,0.5688385627590898,0.011817955356093993,55.70206212986263,0.0007017621918993462,0.0001071527604578723,297.9963750870241,0.0322265625
6320000,9,0.5696014318706581,0.012456927034890923,55.71445163695611,0.0007079814747613538,0.00011295453133814661,298.13641899187866,0.033203125
6330000,10,0.5661207392985517,0.011969270506866723,55.41514846086941,0.0006969488676435976,0.00010222654428009923,297.98279268379474,0.033203125
6340000,10,0.5680202194836789,0.011839013756693016,55.618121805778124,0.0007031053420981267,0.00010798904187461166,297.98768906648826,0.033203125
6350000,10,0.5661093360708801,0.011675511513012913,55.44338349159143,0.0006964957953416675,0.00010168815320294223,297.9791311434296,0.033203125
6360000,10,0.5703314097738125,0.011744393750931809,55.858702803822915,0.0006982935769206237,0.00010346316160045057,297.79563727411477,0.033203125
6370000,10,0.5697296607483389,0.01193844777479696,55.779121877462956,0.0006962258446029099,0.00010102981412169959,298.1937812139896,0.033203125
6380000,10,0.5682259439020104,0.011825705020179548,55.64002542186526,0.0006958419783280401,0.00010099449552269719,297.76911798114526,0.033203125
6390000,10,0.5687533039269077,0.011742203574860506,55.70111103184249,0.0006988301704130586,0.00010411598664262833,297.76574091876347,0.033203125
6400000,10,0.5688224553236939,0.011781178316650957,55.70412919815553,0.0006988997164984098,0.00010413048066969511,297.732475572166,0.033203125
6410000,10,0.5692958910043106,0.012030320123018882,55.726558381440626,0.0006961052175640702,0.00010114600825812103,297.83490575429045,0.033203125
6420000,10,0.5720052926060132,0.011990256304177414,56.00150500318359,0.0007018662283484436,0.00010704061199830882,297.5658085210009,0.033203125
6430000,10,0.5702951017947877,0.011911969617160824,55.83831430309255,0.0006966006095756475,0.00010159617402963994,297.5085909735807,0.033203125
6440000,10,0.5715396748112768,0.011871259645810837,55.96684241442176,0.0007041304153522585,0.00010954121004691123,297.3281824750226,0.033203125
6450000,10,0.5667681269822745,0.011965369463911487,55.48027696393262,0.0006994033386329883,0.00010446270611741666,297.54942964587235,0.033203125
6460000,10,0.5658954672228399,0.012037042161363733,55.3858438211161,0.000701085945507729,0.00010615872483261186,297.44116100852693,0.033203125
6470000,10,0.572193084808177,0.011936682373987416,56.02564163056048,0.0006995371008307525,0.00010445534791797423,297.4651850252276,0.033203125
6480000,10,0.5669186789134164,0.01198480150906102,55.49338881619551,0.0007077033375953672,0.00011299722995423224,296.9616069051655,0.033203125
6490000,10,0.5700096563568813,0.012296918152965228,55.771275331594566,0.0007090843905777049,0.00011442316091612194,296.8760635549501,0.033203125
6500000,10,0.5709403651353689,0.011982241265697264,55.89581376966793,0.0006973157356869725,0.00010235282754381621,296.90854930493884,0.033203125
6510000,10,0.574308871044334,0.012157047031531174,56.215183639862104,0.0007025918321245543,0.00010797265184557969,296.8910384953447,0.033203125
6520000,10,0.5687899000911718,0.011918946369206549,55.687096781527764,0.0007015448475448559,0.00010665759558533747,296.8631455449189,0.033203125
6530000,10,0.5719335396900482,0.012355846807241324,55.95777034363256,0.0007052364939016297,0.0001104258715597647,296.676301737566,0.033203125
6540000,10,0.5706356084086794,0.011932383964838018,55.870323543721604,0.0007058459390890654,0.00011066730625122164,296.80943711390796,0.0341796875
6550000,10,0.5686134939036891,0.01221803389747478,55.639547393271734,0.0007006034852471892,0.00010568386060576876,296.6162242344044,0.033203125
6560000,10,0.5705728909286002,0.012412096161627239,55.81608089659374,0.000701536000792459,0.00010660706878519551,296.7029331309613,0.0341796875
6570000,10,0.5688333488996412,0.011703121555494621,55.713023897920024,0.0006988071841756588,0.00010388249692973862,296.79209057856804,0.0341796875
6580000,10,0.568673598598366,0.011901450450744274,55.677216468781744,0.0006988513033643093,0.00010409998546835607,296.62067884853036,0.0341796875
6590000,10,0.568238892472194,0.01204738295539465,55.61915202740856,0.0006998250395899862,0.00010466808264145274,296.6429585343218,0.0341796875
6600000,10,0.5721925865366141,0.012232536317809014,55.9960064039873,0.0006991880908833791,0.00010424550410239354,296.42664392483204,0.0341796875
6610000,10,0.5762039345152641,0.013089316304453704,56.31146307983164,0.0007033233695452531,0.00010829989427714008,296.4374556734502,0.0341796875
6620000,10,0.5652682621812486,0.011714873664270643,55.35533992811941,0.0006977345734502376,0.00010282064173821749,296.3955772498016,0.0341796875
6630000,10,0.5684989769080241,0.012369191021705701,55.6129800682387,0.0007054870855604214,0.00011051399308651976,296.32215667913914,0.0341796875
6640000,10,0.5666767594705049,0.011612098393192155,55.5064671647038,0.00070069778533206,0.00010564709725495832,296.31038042220854,0.0341796875
6650000,10,0.5677555316284321,0.011642607557200774,55.611293691313165,0.0007002731149226691,0.0001054737842565649,296.36516604658607,0.0341796875
6660000,10,0.5702141848167691,0.012194467239906928,55.80197304613866,0.0006957719668532446,0.00010092657763286808,296.3147765084304,0.0341796875
6670000,10,0.5725160639796489,0.011995647631717366,56.052042847351935,0.000701173926054118,0.00010619127302273772,296.31088540899873,0.0341796875
6680000,10,0.5677437090156369,0.012025165820233785,55.57185541078677,0.0006971924541049621,0.00010231398334782211,296.13719746279327,0.0341796875
6690000,10,0.5666491960487776,0.011662991042716444,55.498621817338154,0.0006972864583964446,0.00010250781051978247,296.08321689861685,0.0341796875
6700000,10,0.5701991154794098,0.012463441728258758,55.77356840952975,0.0007068421984301145,0.00011191054862440577,296.21914018538564,0.0341796875
6710000,10,0.5734332438280081,0.011832569596982728,56.16006877984701,0.0006980403751174025,0.00010313943744411815,296.03147095856764,0.0341796875
6720000,10,0.562147289433238,0.011771776648528992,55.03755290529476,0.0006988489820075074,0.00010405847329545224,296.1263621505922,0.0341796875
6730000,10,0.5656986458222211,0.011556187971258196,55.414247009817366,0.0006971402507817577,0.00010244357689726184,295.95364457241595,0.0341796875
6740000,10,0.5699877998700478,0.011723898284738429,55.82639137271435,0.0007024912616740179,0.00010759999538638895,296.0883858664436,0.0341796875
6750000,10,0.5677786398582779,0.011933313644944364,55.58453358989541,0.0007055931461794861,0.0001107536723678914,296.20253765282126,0.0341796875
6760000,10,0.570396447136365,0.012229653646194591,55.816680494501405,0.000700813004654383,0.00010600390577248995,296.06769308922435,0.0341796875
6770000,10,0.5675006384707157,0.01175416077436418,55.57464922325445,0.0007001720344527165,0.00010532373665192706,296.12722402353074,0.0341796875
6780000,10,0.5689530324847492,0.01199263214105441,55.696041346569,0.0006994142098331398,0.00010461185134147833,296.0312901971355,0.0341796875
6790000,10,0.5696172431220405,0.012413618785815022,55.72036364469197,0.0007040003578247266,0.00010906563935170126,295.89200741712125,0.0341796875
6800000,10,0.5704473919247832,0.012006870845898413,55.8440532614546,0.0007010310570484773,0.00010613926766281853,296.04280382147823,0.0341796875
6810000,10,0.5672996107098592,0.011823132482372795,55.54764937521989,0.0006996090746404885,0.00010469103201901087,295.95493041519944,0.0341796875
6820000,10,0.5730489569867362,0.011925045978363684,56.11239242875665,0.0007000876299384851,0.00010548744278753788,295.98237902669064,0.0341796875
6830000,10,0.5670588327211197,0.011941791687644459,55.511705161153024,0.0007009735992555625,0.00010614443608764727,296.08810823421186,0.0341796875
6840000,10,0.574476238070547,0.012412316690270495,56.206393111622134,0.0007000518222966005,0.00010488142012226571,295.9637315539968,0.0341796875
6850000,10,0.5695959592581059,0.011996957252244908,55.759901478433704,0.0007032449847556954,0.00010828952375944125,296.18473970214444,0.0341796875
6860000,10,0.5622864485941886,0.011801909517276074,55.04845464203498,0.0007003853487243805,0.00010566772116513355,295.8848296829242,0.0341796875
6870000,10,0.5664413835577041,0.011850295421550434,55.45911013899407,0.0006948998797087002,9.983257226837036e-05,295.99365755381376,0.0341796875
6880000,10,0.5709575616666768,0.01204698357156901,55.89105898927266,0.0006953667148698446,0.00010054288198196294,295.6335104409526,0.0341796875
6890000,10,0.5714012493930007,0.012134603969151489,55.92666577838518,0.0006975105463126019,0.00010230150404692493,295.9437721461685,0.0341796875
6900000,10,0.5691749512060408,0.012007770499995409,55.716719425795446,0.0007013664254014973,0.0001065556214762812,295.6268148473327,0.0341796875
6910000,10,0.568598075492754,0.011832263197752619,55.67658214544291,0.0007000272914132208,0.00010538394625980882,295.4652731119767,0.0341796875
6920000,10,0.5686009605925099,0.011937303300834383,55.66636738355381,0.0007002713742933611,0.00010541463701094312,295.62457431740165,0.0341796875
6930000,10,0.5689362455055578,0.012109673116250346,55.68265844720235,0.0006982751144302007,0.00010323015662604624,295.80053221611604,0.0341796875
6940000,10,0.5680566808348869,0.012021957908094454,55.60347388095491,0.0006979286412965907,0.00010314734098199755,295.56646146837494,0.0341796875
6950000,10,0.5658091637488316,0.011622192831427817,55.418697782860285,0.0006996225074100431,0.00010487313575837036,295.62639596736636,0.0341796875
6960000,10,0.5682620307590984,0.011630833260455182,55.66312088845349,0.0006956606625936358,0.00010064842831867109,295.7818914061131,0.0341796875
6970000,10,0.5695937838017995,0.01232821129241472,55.72655868994142,0.0007000785621631309,0.00010510289593713877,295.64195694627,0.0341796875
6980000,10,0.5654895807984368,0.011921794048120804,55.356779839806215,0.0006989324702016405,0.00010405949449595032,295.67152394169193,0.0341796875
6990000,10,0.5716510083985479,0.012189932383413414,55.94610873912428,0.0006985706716917555,0.00010379642284425185,295.44605243831296,0.0341796875
7000000,10,0.5706178248908107,0.011933128662552746,55.86847055057823,0.0006979141339671502,0.0001029797155668721,295.66516468872356,0.0341796875
7010000,10,0.5670618895268745,0.011771261550054046,55.52906371520642,0.0006979064883566434,0.00010291587130789375,295.7231033516738,0.0341796875
7020000,10,0.5735921188096659,0.011829349538891526,56.17627776265769,0.0006985259174755909,0.00010367450622165159,295.6318718575898,0.0341796875
7030000,10,0.5715396816042534,0.01194455743300619,55.95951350544473,0.0006963903657282772,0.00010149282220125877,295.5117499655909,0.0341796875
7040000,11,0.5702669320282794,0.011783447602824458,55.84834950454491,0.0006955789213349765,0.00010081276032615804,295.61134654770325,0.0341796875
7050000,11,0.569458095781238,0.011843921397146868,55.76141847942418,0.0006971402583912707,0.00010234243545167628,295.58408969254685,0.0341796875
7060000,11,0.5710186877492973,0.011979579328039485,55.90391208086979,0.0006969938951643021,0.00010225813737285441,295.6039829609497,0.0341796875
7070000,11,0.5730061434047812,0.01197797203555333,56.102818365962904,0.0006970427290201871,0.00010218597943798926,295.4436433064905,0.0341796875
7080000,11,0.5665513216725684,0.011920399562897269,55.46309359594798,0.0006983863365533462,0.00010352964528116493,295.2363919255671,0.0341796875
7090000,11,0.5659978186725221,0.012424506161361456,55.357332569161635,0.0007048600845917676,0.00010993283208446741,295.59191451813285,0.0341796875
7100000,11,0.5674914191393758,0.011914780178689913,55.557665138247096,0.000703376162341429,0.0001085647554470698,295.4263297530028,0.0341796875
7110000,11,0.5676114760430646,0.011822415990964308,55.57890695368574,0.0007019881075603602,0.0001071651591133878,295.5861924433053,0.0341796875
7120000,11,0.565855551217501,0.012037269997723537,55.381829044087944,0.0006944768575453163,9.936037096236708e-05,295.5728511794311,0.0341796875
7130000,11,0.5704869226382886,0.01181323353370509,55.86737010941431,0.000696052555567533,0.00010106629638901829,295.637018118761,0.0341796875
7140000,11,0.5645939600020242,0.011876463785795039,55.27175075450211,0.0007055846999092832,0.0001109540590677124,295.5046581504064,0.0341796875
7150000,11,0.5708390447553024,0.012173403188659093,55.86656562691125,0.0007100177115355541,0.00011515276201561094,295.6101488322132,0.0341796875
7160000,11,0.5679706135831211,0.012094099092418239,55.587652965492225,0.0006993039229584601,0.00010436914211476394,295.5557861502034,0.0341796875
7170000,11,0.5656539199689304,0.01180553949744176,55.384839067642375,0.0007017452975553426,0.00010663941269792876,295.688447766566,0.0341796875
7180000,11,0.5699204330775424,0.012200434500814934,55.772001180676355,0.0006985277886650928,0.0001036374567369413,295.5357778577726,0.0341796875
7190000,11,0.5630693641940467,0.011820386490913692,55.12489903266416,0.000700441097552895,0.00010574502208683111,295.30497427919596,0.0341796875
7200000,11,0.5727942730544513,0.011517336175898977,56.12769492142818,0.0006953644518352858,0.00010067473812568744,295.4888352189387,0.0341796875
7210000,11,0.5689403307390009,0.011819993208612033,55.71203482905114,0.0007083293579886123,0.00011357611584345191,295.58418498599247,0.0341796875
7220000,11,0.5698080953018904,0.011898827224010563,55.79092795299748,0.0007016318855017982,0.0001070266838413122,295.2761641755642,0.0341796875
7230000,11,0.5746869247783688,0.01195861511899473,56.27283241816915,0.0006982478753837888,0.00010352685563695453,295.5101999136975,0.0341796875
7240000,11,0.5663064912415687,0.012137984600741487,55.41685206031513,0.0007021234217895187,0.00010717927035612122,295.44195881017237,0.0341796875
7250000,11,0.5735525184352471,0.012265180359642894,56.12873501338357,0.0007015970532973342,0.00010679724844588004,295.5320854065736,0.0341796875
7260000,11,0.5687399717677666,0.011770018902989503,55.696996095539696,0.0006972005792539448,0.00010240959955978969,295.50394978611973,0.0341796875
7270000,11,0.567141925992176,0.012123987846483275,55.501794735588255,0.0006974228731485704,0.00010257185917126699,295.19783748592977,0.0341796875
7280000,11,0.5737221626441268,0.012174482257788161,56.154769308853105,0.0006958193639660736,0.00010109507926747752,295.2939237358657,0.0341796875
7290000,11,0.5682293434499069,0.012309702298022541,55.59196529430036,0.0007079613436652137,0.00011328963177078017,295.42952208281605,0.0341796875
7300000,11,0.5690070193018805,0.012097524899212661,55.69095061292184,0.0007036243000327065,0.00010894966510164703,295.3242673586308,0.0341796875
7310000,11,0.5705947723586284,0.011901740577557782,55.869304356813416,0.0007089163375614695,0.00011447773016062602,295.21001226010736,0.0341796875
7320000,11,0.5620720317813866,0.01163797798567259,55.04340644512814,0.0006956707577795732,0.00010076910592278063,295.3379596987663,0.0341796875
7330000,11,0.5693809517308888,0.011714321082398711,55.766664066421534,0.0006981138383965759,0.0001033105409843183,295.32294938968914,0.0341796875
7340000,11,0.5648046287885469,0.012167150495709735,55.263749062621365,0.0007004851232313553,0.00010569275268920642,295.238190908234,0.0341796875
7350000,11,0.5654453878295652,0.012218682672163885,55.32267143440669,0.000700499785637511,0.00010581124219543837,295.3255231521925,0.0341796875
7360000,11,0.569321083252102,0.012162677277464302,55.71584164853078,0.0006969765204274402,0.0001018895491407609,295.5027736493086,0.0341796875
7370000,11,0.5679477039674623,0.011881593684033966,55.60661198265386,0.0007017716021194199,0.00010708416373517423,295.32593135597904,0.0341796875
7380000,11,0.5655367811943279,0.011829085949266245,55.37077089416105,0.000701659763524424,0.00010677179047603025,295.24605930394597,0.0341796875
7390000,11,0.5707296469377354,0.012148743713948421,55.858091697575254,0.0007004945251592997,0.00010576849466083888,295.13451529644647,0.0341796875
7400000,11,0.5688549343864818,0.012109522215924436,55.674542455987584,0.0007028316434664911,0.00010762800473765654,295.42141539196876,0.0341796875
7410000,11,0.5686800993331926,0.012050035516041679,55.66300784122724,0.0007031714189953132,0.00010837714890872927,295.3024802656873,0.0341796875
7420000,11,0.5663928358701886,0.011684825450877557,55.470802466930294,0.0006973741665811742,0.00010238973620158278,295.2106051927444,0.0341796875
7430000,11,0.5700482957732004,0.01170724175161356,55.8341065637184,0.0006991020726858106,0.00010446850505466414,295.1704117634069,0.0341796875
7440000,11,0.5711837462639278,0.012254583473259686,55.89291742048994,0.0006987963280316564,0.00010382538486103738,294.9018368600627,0.0341796875
7450000,11,0.5713193960547832,0.012156939388116322,55.91624712321176,0.0006997402413960669,0.00010481322417357836,294.95570127242155,0.0341796875
7460000,11,0.5693188145143726,0.01207330266734565,55.72455206743686,0.0006997231343447337,0.00010482030894093526,294.8481539787309,0.0341796875
7470000,11,0.5690890231190355,0.011985179140188687,55.710385675497996,0.0007009516964762289,0.00010631097681883096,294.89177376148626,0.0341796875
7480000,11,0.5665807530262401,0.012544164830196079,55.403659902875496,0.0007055671733489285,0.00011033000795927644,295.04046281713124,0.0341796875
7490000,11,0.5658468498579706,0.011665050501571328,55.41818090321115,0.0006959392632710923,0.00010123920685622887,294.8211638538997,0.0341796875
7500000,11,0.5656741402366303,0.011904242610283488,55.37699089614091,0.000696838838805948,0.00010179078198758046,294.8732643335197,0.0341796875
7510000,11,0.5670287806837463,0.011935765190795259,55.50930268254514,0.0007002936911471462,0.00010568198635608228,294.4949184600239,0.0341796875
7520000,11,0.5715503419958785,0.012075012525362257,55.94753450211002,0.0006980507747703848,0.00010305711131930656,294.58898999669555,0.0341796875
7530000,11,0.5766982599980788,0.012178564007610412,56.45197049548468,0.0006987913767365262,0.00010395781326400766,294.49183349385277,0.0341796875
7540000,11,0.5734032659233408,0.012070904908311916,56.133237471213484,0.0006971940515204849,0.00010240419158183082,294.4877310379383,0.0341796875
7550000,11,0.5682193025864506,0.012025021973663256,55.61942928390376,0.0006996831948759565,0.0001049550893378863,294.31985636138467,0.0341796875
7560000,11,0.5737363410092974,0.012115444776237626,56.16209064286156,0.000702683803991952,0.00010817069836851721,294.25921507456405,0.0341796875
7570000,11,0.5684416357462249,0.011967107353426563,55.64745394886894,0.0007011226537285863,0.00010617838398038113,294.53166670415027,0.0341796875
7580000,11,0.5681980889987396,0.012329569909366836,55.58685346877902,0.0007018239189690273,0.00010686077284564087,294.4725967809297,0.0341796875
7590000,11,0.5687897834308431,0.01225610132483932,55.65336983397866,0.0006981850568560909,0.00010339137585642662,294.35549857792114,0.0341796875
7600000,11,0.5704506175094528,0.012432106701212075,55.80185276663579,0.0007040814295474738,0.00010919261618735484,294.4194854756487,0.0341796875
7610000,11,0.5723609220177418,0.011893345920610565,56.046758954475024,0.0006971326185838557,0.00010209321645529543,294.3538748612075,0.0341796875
7620000,11,0.5627420016808935,0.011736836402841821,55.10051795572013,0.0006953342193554918,0.00010035059998573613,294.3958519105278,0.0341796875
7630000,11,0.5735319246804412,0.012730134915090499,56.08017986921185,0.0007093429515065852,0.00011444795975822135,294.32408754198246,0.0341796875
7640000,11,0.5704074067225866,0.011928388572456703,55.847902998294416,0.000696459174979389,0.00010166685658624813,294.3334434474443,0.0341796875
7650000,11,0.5645648174459995,0.011928324760085826,55.26365044244687,0.0006982650792045154,0.00010339409863554081,294.331290462201,0.0341796875
7660000,11,0.5686358753561523,0.011919139724085695,55.671675095254386,0.0006997568287684455,0.00010500770285648922,294.3103960131274,0.0341796875
7670000,11,0.5670543018577635,0.012048347867820107,55.5005967157106,0.0006951785064174558,0.00010021790094020871,294.4226835295936,0.0341796875
7680000,11,0.5649584046762396,0.011539431890369356,55.34189872064337,0.0006960123806382997,0.00010110120145789795,294.4115358910776,0.0341796875
7690000,11,0.5723121971619807,0.012189806169356873,56.012240389743226,0.0007076396921193434,0.0001128672136807515,294.18002156081604,0.0341796875
7700000,11,0.5671234142796558,0.011709951154836258,55.54134787892867,0.0006977944604597527,0.00010302252791331898,294.25740649205216,0.0341796875
7710000,11,0.569416457118558,0.012058224928676989,55.73582407557835,0.0006999395921151439,0.00010520641353710804,294.29760276143224,0.0341796875
7720000,11,0.5733356116086339,0.012425063386469596,56.091056643302196,0.000707767942608322,0.00011277815084167777,294.24849280796025,0.0341796875
7730000,11,0.5725826721231084,0.011958644714405891,56.06240406890033,0.0006997744597045608,0.00010515616803475598,294.03503788298383,0.0341796875
7740000,12,0.5698156425016381,0.01170530505227043,55.81103477480188,0.0006965157137192861,0.0001016564667324025,294.280863755274,0.0341796875
7750000,12,0.5724407401192674,0.011953359936905905,56.048739024443805,0.0007005857797932504,0.00010587898037942836,294.1694171604924,0.0341796875
7760000,12,0.5678182028526146,0.012058336520263469,55.575987747198106,0.0007051174964699473,0.00011030752666256168,294.1314807055937,0.0341796875
7770000,12,0.5673906240102541,0.012437681128769076,55.495295487714415,0.0007031819655023828,0.00010823655107847438,294.29868130336666,0.0341796875
7780000,12,0.5645927628703932,0.011910306868468983,55.26824621275999,0.0006951459546060112,0.00010014268596806395,294.2436810809361,0.0341796875
7790000,12,0.5730090222571551,0.012106173055187873,56.090286114925014,0.0007017434337452847,0.00010671207895223797,294.2906542707206,0.0341796875
7800000,12,0.5694579642897671,0.01163953478548698,55.78184414965593,0.0006972185499300803,0.00010227068362303907,294.4340436474004,0.0341796875
7810000,12,0.5676354354267913,0.011935795876263738,55.56996483792581,0.0006979597597448045,0.0001029860623565002,294.2035751979446,0.0341796875
7820000,12,0.5687861566206194,0.01224399297735874,55.6542176622944,0.0007002911178030303,0.00010543319132574769,294.12187023334167,0.0341796875
7830000,12,0.5742140891904148,0.011871292572307207,56.234280772478066,0.0006967348674490419,0.00010187044254438184,294.18943234524727,0.0341796875
7840000,12,0.5717559031031666,0.012857810837015348,55.88981055443777,0.0007045059273602948,0.0001094973113417341,293.81011083305145,0.0341796875
7850000,12,0.5749095566882046,0.011895366829104678,56.301420644894755,0.0006984613345888477,0.00010357726819972456,294.03389775051784,0.0341796875
7860000,12,0.5711491036171181,0.011954150269931239,55.91949675940326,0.0007064214295805634,0.00011213994170122067,293.87402041559005,0.0341796875
7870000,12,0.5671673067866838,0.012023327953127431,55.51439894291756,0.000702644259611099,0.00010790002319008956,293.7529614089034,0.0341796875
7880000,12,0.5688715414726423,0.012160961700259496,55.671058960304585,0.0007007288904679631,0.00010591356147438614,293.52948474780607,0.0341796875
7890000,12,0.5697244724521616,0.011993371815815921,55.77311091377892,0.0007030551895891606,0.00010835215549974819,293.71558040169117,0.0341796875
7900000,12,0.5720003487050015,0.012205844243982225,55.97945176507453,0.0007017927064747999,0.00010691823700496242,293.59235664937904,0.0341796875
7910000,12,0.5734039082212047,0.012103166854168347,56.13007514951533,0.0006978577324529583,0.00010310394035290906,293.4364027192368,0.0341796875
7920000,12,0.5705346890059132,0.011941333104045979,55.859336465090394,0.000699003778382292,0.00010394923254853576,293.6713293009394,0.0341796875
7930000,12,0.5678230643229353,0.011770595914117271,55.60524780026989,0.0006998081959037458,0.00010500730393469781,293.46267064969527,0.0341796875
7940000,12,0.5729821025096543,0.01225658613190238,56.07255324623301,0.0007066138997711635,0.00011194679215501854,293.46346975724805,0.0341796875
7950000,12,0.5682736612729973,0.011804689995278525,55.64689847870853,0.0006972609673134217,0.00010246588332202704,293.4083074687851,0.0341796875
7960000,12,0.5659837417781551,0.012292072848176412,55.36916795825705,0.0007022096572475221,0.0001072048006480491,293.3625593938105,0.0341796875
7970000,12,0.5704258926133149,0.011985707570516247,55.84402004908215,0.0007035074298237696,0.00010856924357214571,293.31350219751386,0.0341796875
7980000,12,0.5654915332371114,0.012142557646192539,55.3348989531135,0.0007001533503387703,0.0001053055067521642,293.3409650942888,0.0341796875
7990000,12,0.5696863048438582,0.01239273525647349,55.72935847766099,0.0007086094649226571,0.00011392510881753134,293.27079439141477,0.0341796875
8000000,12,0.5683022273493665,0.012058982256029733,55.62432586529205,0.000698810197798481,0.0001039463622380161,293.2961202926924,0.0341796875
8010000,12,0.5745083094707188,0.0123312267889245,56.217709335199494,0.0007071402767803615,0.00011237701964108079,293.0065137942029,0.0341796875
8020000,12,0.5663626883323682,0.011968792913480932,55.43939082598405,0.0006987326766842604,0.00010377207113882997,292.84529934085265,0.0341796875
8030000,12,0.5680774204255511,0.012121566695250566,55.59558683533996,0.0006996968767573143,0.00010484033236171216,293.1415737673519,0.0341796875
8040000,12,0.5655205478086696,0.012125756610546153,55.33948075158554,0.000698803892971986,0.00010397457216441148,293.1744601081923,0.0341796875
8050000,12,0.5679551052298345,0.012080554861157415,55.58745626649615,0.000700413011111048,0.00010534007095752588,293.15805694717045,0.0341796875
8060000,12,0.5695892187110566,0.01191352666251729,55.7675701750665,0.000704449796594626,0.00010966296515920316,293.0562868759404,0.0341796875
8070000,12,0.5672629161800082,0.011773740676072515,55.5489192083053,0.0006937564405697837,9.863005892604831e-05,293.0375911904894,0.03515625
8080000,12,0.5656524666361359,0.011783271012908622,55.3869207939605,0.0006977910801755772,0.0001028438665894588,293.07151764409906,0.03515625
8090000,12,0.5739905667617046,0.012412353152444901,56.15782280755606,0.0007061104591589877,0.00011111077705806408,293.08988807095363,0.0341796875
8100000,12,0.5714212770707436,0.012094870683997233,55.932641879068406,0.0006960683715927856,0.00010110546079755996,293.22016957372807,0.0341796875
8110000,12,0.570355542711579,0.012198122070649837,55.81574342070554,0.0006994259623863861,0.000104340554338424,293.1415562435284,0.0341796875
8120000,12,0.565747685296144,0.01177889280448644,55.39688054497433,0.0007006387535603525,0.00010568591329114322,293.0189680914064,0.0341796875
8130000,12,0.5693997470172572,0.012283409985997478,55.71163480963324,0.0007029314488792865,0.00010818092506786767,293.0037263765247,0.0341796875
8140000,12,0.5715207348027542,0.012554369734319159,55.89663779594411,0.0007048709448422264,0.00010988607490647588,292.8741920326031,0.0341796875
8150000,12,0.5717338920158808,0.01219054636243393,55.9543358245012,0.0007037388787365028,0.00010886569591530555,293.07211282940045,0.0341796875
8160000,12,0.5662057523270999,0.01189874757510138,55.430701523216186,0.0006984055086446574,0.00010337247883979399,292.9368423983886,0.03515625
8170000,12,0.569716885052775,0.011887918182308747,55.782897893366176,0.0006939447197664379,9.899747809818143e-05,293.182615597844,0.03515625
8180000,12,0.5689768243511101,0.012166259086994728,55.68105790135497,0.0007006229896584422,0.00010560237733573415,292.99699009602773,0.03515625
8190000,12,0.5709747444222881,0.011829132110296816,55.914562521869286,0.000699580281816586,0.00010451034928988665,293.05776492708975,0.03515625
8200000,12,0.5727718059498148,0.012258198535000342,56.05136173890252,0.0007040186763388078,0.00010891127555347122,292.96946637608573,0.03515625
8210000,12,0.5761745852047861,0.011964881683683488,56.42097168233767,0.0006993497700797575,0.00010435494600140964,292.93481344800654,0.03515625
8220000,12,0.5664261275935117,0.011916193378589368,55.450994444184154,0.0007013323120565146,0.00010663460601413831,292.93545589893,0.03515625
8230000,12,0.5710109857850543,0.01179333188515262,55.92176678655661,0.0006974039997099628,0.00010251232862940316,292.94803982291273,0.03515625
8240000,12,0.5646376564023802,0.011894133637568572,55.274353175086,0.0006965577177381144,0.00010161548256331633,293.12496673011196,0.03515625
8250000,12,0.570608870945504,0.011976293473333156,55.86325888061178,0.0007005137089649108,0.00010552970715716171,293.05619068266213,0.03515625
8260000,12,0.5675306169131201,0.011796479273070317,55.573414922415644,0.0007037465207553751,0.00010901334064363607,292.76262031747643,0.03515625
8270000,12,0.5678160581285903,0.011978496049329618,55.58375724444662,0.0006975552666198225,0.00010258030082929481,292.97652647269945,0.03515625
8280000,12,0.5673302141201815,0.012109544017525592,55.52206799548489,0.0006998059285392141,0.0001048506684569339,293.08251375825114,0.03515625
8290000,12,0.5669605477936427,0.012045575262748943,55.49149861337787,0.0006982031591332269,0.00010359340527585802,292.99536408379817,0.03515625
8300000,12,0.5671298047059239,0.011848744973529394,55.528106934156234,0.0006959203683651484,0.00010105213352231818,292.9813077817223,0.03515625
8310000,12,0.563791033115618,0.011734723544619416,55.205632166815015,0.0006953566615552716,0.00010042545312263664,293.04583435970306,0.03515625
8320000,12,0.5678742977516129,0.011756994194563246,55.6117320664541,0.0006971237027772765,0.00010228467690242297,292.95211011044853,0.03515625
8330000,12,0.5667837265180501,0.011587731953632609,55.51960066435268,0.0006977274851147262,0.00010308426233192358,292.8543474281937,0.03515625
8340000,12,0.5652517576082652,0.0122461786959981,55.30055910131541,0.0007025921233738264,0.00010775960441675522,292.8203361801162,0.03515625
8350000,12,0.563850915549303,0.01205802379469544,55.179289852959656,0.0007006251804006933,0.00010576225770429194,292.9514838332531,0.03515625
8360000,12,0.5710175232945084,0.012014985274891692,55.900255019522604,0.0006990635246906218,0.0001041147619278784,292.96286341896126,0.03515625
8370000,12,0.5682016987941833,0.012033297399663854,55.616841187472524,0.000700837109520412,0.00010599768665260585,292.90242564989995,0.03515625
8380000,12,0.565150442488745,0.011722034684519295,55.342841955261385,0.0006940660858097972,9.90642218125062e-05,292.8934300985105,0.03515625
8390000,12,0.5681356683393809,0.011697073266422003,55.64386068244004,0.0006970022736589547,0.00010235352398328971,292.8212601377321,0.03515625
8400000,12,0.5641961469683165,0.011719904075171554,55.24762573356754,0.00070230500544964,0.00010738427613516554,292.86814321484604,0.03515625
8410000,12,0.5687431869506903,0.011987617969437073,55.675558049263806,0.0006994357306559485,0.0001046177948879403,292.73740565472923,0.03515625
8420000,12,0.5675831947846044,0.012317031467849989,55.526617213290436,0.0007007254098659289,0.00010584629991140385,292.7856417986492,0.03515625
8430000,12,0.5695722852515492,0.012243532475194172,55.73287646263004,0.0007030822752591029,0.0001081068805464554,292.8752192578275,0.03515625
8440000,13,0.5720797425781726,0.012204293611726586,55.987545932312464,0.0007012691777619008,0.00010650796790780642,292.7211049972182,0.03515625
8450000,13,0.5662070019343399,0.011958517419192722,55.424849339938014,0.0006980339707176025,0.00010316010461760758,292.90257397441223,0.03515625
8460000,13,0.5724487069331298,0.012260008171076388,56.01887102742592,0.0007041109395849979,0.00010897381369385917,292.809150019025,0.03515625
8470000,13,0.564034197812313,0.011763066561397239,55.227114288949856,0.0007001160222085051,0.0001051536588969111,293.0498381423986,0.03515625
8480000,13,0.5731382402980837,0.01143966858368081,56.16985868303409,0.0006939761651783736,9.91063743084029e-05,293.0480187491283,0.03515625
8490000,13,0.5690945503702799,0.011792897042356835,55.730166718549725,0.0006989635711203447,0.00010385309875567288,293.1126589991716,0.03515625
8500000,13,0.5696630852311777,0.012068404011877644,55.75946885802114,0.0006994935468966602,0.00010465152501993262,292.87947476764316,0.03515625
8510000,13,0.5686112008194312,0.011967269821903683,55.6643944077614,0.0007091436999210643,0.00011459930364995146,292.63020110100564,0.03515625
8520000,13,0.5687627300610221,0.012240459202026934,55.65222814663004,0.000700897794564669,0.00010591462021224887,293.0008148329581,0.03515625
8530000,13,0.5697421492092642,0.0120519775784394,55.769018319064465,0.000702036638282104,0.00010721456906015889,292.8349412111788,0.03515625
8540000,13,0.565624476342,0.012035144789105745,55.35893426446648,0.0006991581998101966,0.00010417232159615366,292.9704794102752,0.03515625
8550000,13,0.5739922506387679,0.012109820980292693,56.1882441967875,0.0006948928876322883,9.979865956403759e-05,292.9340529084298,0.03515625
8560000,13,0.5650594442277974,0.011995870555860889,55.30635884116708,0.0007042543392440063,0.00010928618091959164,292.8837829952338,0.03515625
8570000,13,0.5706292994234,0.011983579623077464,55.864572765132294,0.0006994768345494736,0.0001045261311687075,292.9034416089978,0.03515625
8580000,13,0.567375021791278,0.012101837732668437,55.527319391323054,0.0007017129421127109,0.00010667903315056236,292.71807856128044,0.03515625
8590000,13,0.5692938097929777,0.012026509803079614,55.7267312936241,0.0006959258458728456,0.00010093781918362528,292.79943970274786,0.03515625
8600000,13,0.5702696526274417,0.011735962258656342,55.8533701633236,0.0006994690552016132,0.00010485755225130406,292.85776026210567,0.03515625
8610000,13,0.5721899977334474,0.011993753115634892,56.019625838030706,0.0006982143216038867,0.00010311869024557745,292.73055777397184,0.03515625
8620000,13,0.5640154105395649,0.012133341418503418,55.18820835883525,0.0006999973411705671,0.00010482109352392152,292.71095552253684,0.03515625
8630000,13,0.5724431294294312,0.012309194571591641,56.013394892433084,0.0007055009035044731,0.00011058245759684222,292.8520191733535,0.03515625
8640000,13,0.5703728145907562,0.012109213004288123,55.826361418890734,0.0006976667274096092,0.00010264857473335018,292.87113004681254,0.03515625
8650000,13,0.5714382911289829,0.012098814159706673,55.93394950001978,0.0007015315147819733,0.00010666556151684472,292.70408948384454,0.03515625
8660000,13,0.5760394091751663,0.011869885787657592,56.41695317176818,0.0007002236146248064,0.00010532552589774457,292.762894750698,0.03515625
8670000,13,0.565446420911742,0.011763343466300235,55.36830842635181,0.0007056420912851833,0.00011077000639296813,292.8197341005713,0.03515625
8680000,13,0.5720723528572226,0.012586057923746782,55.94863098831836,0.0007048377282492455,0.00010973838932804483,292.65343285732285,0.03515625
8690000,13,0.566554698127151,0.012047321420685502,55.450738623922035,0.0006947438971213369,9.979749476788616e-05,292.69361502276547,0.03515625
8700000,13,0.5663889749514427,0.01186349412538712,55.45254934706493,0.0006999854920699004,0.00010522350763270968,292.62404901498286,0.03515625
8710000,13,0.5672535989664804,0.011835947030428139,55.541766326117255,0.0006967503082889241,0.00010186063067792238,292.2283622323134,0.03515625
8720000,13,0.5723958000135065,0.012300154112129272,56.00956538908055,0.0006982490253185978,0.00010320332252791987,292.0939539877491,0.03515625
8730000,13,0.5712088989895561,0.012067637315188,55.91412732180171,0.0007013835484873055,0.00010633980658846178,292.14005696928376,0.0361328125
8740000,13,0.5704571680338271,0.012734267829080123,55.772291087370164,0.0007055173512595003,0.00011059400371470891,291.95194587942535,0.0361328125
8750000,13,0.5718150211874443,0.012166367422549614,55.96486682766869,0.0007020104449306325,0.00010702531951866498,291.9438504950496,0.0361328125
8760000,13,0.5692748499666325,0.011669064223765223,55.76057963208949,0.0006966276004001237,0.00010188816544362698,292.01169411614603,0.0361328125
8770000,13,0.5774168708090157,0.012136073653906534,56.528081065531,0.0007015778659007349,0.00010675455926700291,291.9991297015646,0.0361328125
8780000,13,0.5629903273923375,0.011978516135135325,55.10118219466152,0.0007067734477455385,0.00011179834256713026,292.0930544953638,0.0361328125
8790000,13,0.5661860666600773,0.011974179116295489,55.42118967105477,0.0006959208346467681,0.00010098412689552644,291.96495445411824,0.0361328125
8800000,13,0.571077475015976,0.012012846526952309,55.90646366015692,0.0006982981474450713,0.0001032210401846973,292.02479433399134,0.0361328125
8810000,13,0.5736065536873484,0.011934815289155902,56.16717500424172,0.0006997594758335473,0.00010485109462254408,291.94572201977945,0.0361328125
8820000,13,0.5684321007141246,0.011893233597780599,55.65388794187625,0.0007049604143929225,0.00011015141377643453,291.9236148544087,0.0361328125
8830000,13,0.5641820871169325,0.012188866689166845,55.199323069014476,0.0007013057529058115,0.00010650345930107465,292.08113320690336,0.0361328125
8840000,13,0.5728769361155803,0.012659876862526004,56.02170709799957,0.0007060921496469176,0.00011133048011998578,291.82022110933855,0.0361328125
8850000,13,0.5624297675830772,0.01213570285237776,55.02940752965414,0.0006996597225975739,0.00010482589537121455,291.7962102453869,0.0361328125
8860000,13,0.567569466377211,0.012216893229317894,55.53525809571197,0.000702814780560713,0.0001081744662045372,291.87020099829925,0.0361328125
8870000,13,0.5648383596691703,0.012011676798411884,55.28266954112387,0.0006965523171642298,0.00010157503340522564,292.07896899987014,0.0361328125
8880000,13,0.5696079361760807,0.012396158825178583,55.72117905781915,0.0007029569433566204,0.00010801177825605432,291.7496770277332,0.0361328125
8890000,13,0.571106138449847,0.011676566836381092,55.94295842748205,0.0006947536585236899,9.967402099920648e-05,292.11137811032955,0.0361328125
8900000,13,0.5727566737125152,0.012028483295963842,56.07281976215772,0.0007016765830065206,0.00010687274698915399,291.95126324017184,0.0361328125
8910000,13,0.5694117980211516,0.012112154155069586,55.7299654289156,0.0007038344914566922,0.00010897948307871709,292.1261396224846,0.0361328125
8920000,13,0.5634117718521632,0.012035020284324967,55.1376762229673,0.0006980941225697983,0.00010320370029056342,291.8977682870225,0.0361328125
8930000,13,0.5646444651626179,0.011786953445372053,55.28575210578035,0.0007028711850049604,0.00010806794307414138,291.82839452927897,0.0361328125
8940000,13,0.5677496615325485,0.011957142410925787,55.57925302116842,0.0007052026122636065,0.00011039028165759149,291.93694796288526,0.0361328125
8950000,13,0.5678873607722079,0.012221119836935126,55.56662528685924,0.0007006992659636314,0.00010572674462182517,292.0414671096145,0.0361328125
8960000,13,0.5712343886734803,0.012108371757093252,55.91260262609588,0.000702959606178987,0.00010817807824062284,291.8759867793984,0.0361328125
8970000,13,0.5691126951356795,0.011992804568343817,55.711990296247954,0.0007018576505706005,0.00010692442040631204,292.1218523004859,0.0361328125
8980000,13,0.5651794572173607,0.011886452208412394,55.32930158051204,0.0007003234189490772,0.00010554164816202633,291.8763255090473,0.0361328125
8990000,13,0.5683394844805746,0.01200829626687543,55.633120332774425,0.0007008804095182841,0.00010606140878464594,292.0449983477251,0.0361328125
9000000,13,0.5700152055110691,0.012156114296836135,55.78591041799358,0.0007053483536343171,0.00011063966465394112,291.73729923650893,0.0361328125
9010000,13,0.5691351302940778,0.012003440121026946,55.71317009489973,0.0007054762708542104,0.00011052176240870127,291.95051333414597,0.0361328125
9020000,13,0.5686170956909185,0.011851057554270596,55.67660466902781,0.0007009930181535641,0.00010615896600976275,291.7939949030215,0.0361328125
9030000,13,0.5616344497430716,0.011868433647564718,54.97660250467789,0.0006986718552095243,0.00010360168870849132,291.97744448025065,0.0361328125
9040000,13,0.5700360772193908,0.01253315874214256,55.750293373556964,0.0007024510711356448,0.00010744430166189175,291.9802053135896,0.0361328125
9050000,13,0.5669965049325719,0.01168047101373433,55.531604837731635,0.0007029845343022575,0.00010825323956505523,291.7702506788051,0.0361328125
9060000,13,0.5630764984047368,0.011733253057364031,55.13432615099584,0.0006959670666381865,0.00010102009351433837,291.9581391931587,0.0361328125
9070000,13,0.5697501196812275,0.01223011135912014,55.752002006829976,0.0007004815158773233,0.00010569716075976302,291.7278884961379,0.0361328125
9080000,13,0.5719050583628028,0.011835712504513695,56.006936056450236,0.0006955114696081999,0.00010057407040128273,291.8391293203323,0.0361328125
9090000,13,0.5662453297645172,0.012061480792230662,55.418386140561076,0.0007060916163281686,0.0001113278479712583,291.88077962655126,0.0361328125
9100000,13,0.5697534520012618,0.012070725172958577,55.7682740687524,0.0006977400362801687,0.00010267450558576951,291.90527956635066,0.0361328125
9110000,13,0.5728602807542668,0.012805126792009949,56.005516337474845,0.0007030452441268944,0.00010823375559834281,291.7537124418637,0.0361328125
9120000,13,0.5709965761832403,0.012017394157247487,55.897919611545696,0.0007065871042517197,0.00011152993676405754,291.8624667817514,0.0361328125
9130000,13,0.5698653667293911,0.012272775361076026,55.75926040426056,0.0007021022220470153,0.00010730724161081886,291.60957991391416,0.0361328125
9140000,13,0.5669723663187181,0.011785713370387549,55.51866632906872,0.0006964451957426797,0.0001015015876885836,291.89443294766977,0.0361328125
9150000,14,0.5620032808075073,0.011593975787029422,55.04093139915837,0.0006953595379014866,0.00010036187796274807,291.92867217533126,0.0361328125
9160000,14,0.5694063666688587,0.01206451222314696,55.73418685411499,0.0007012292084961224,0.00010626633691325505,291.78416672233556,0.0361328125
9170000,14,0.5633870794612675,0.01223824601066859,55.114884240557764,0.000697992169849919,0.00010310784024989284,291.8371042933057,0.0361328125
9180000,14,0.5624695103467908,0.011575997766744067,55.08935186326548,0.000693640563933828,9.878369535230755e-05,291.7867152978617,0.0361328125
9190000,14,0.5677805404619541,0.011679187698196463,55.61013652517587,0.0006985724164342035,0.00010377748841809585,291.7698491429606,0.0361328125
9200000,14,0.5701104400486123,0.011717573591218755,55.83928777023247,0.0007022799636403677,0.00010737677706064509,291.89396783841215,0.0361328125
9210000,14,0.5670538890572581,0.012091766448301632,55.4962137946586,0.0007007564972731788,0.00010596403522561763,291.79195577197623,0.0361328125
9220000,14,0.5738495843460795,0.011790110573263297,56.20594819186827,0.000695216730459245,0.0001002096854300775,291.901925529786,0.0361328125
9230000,14,0.5686964969427359,0.012034411990656486,55.666209651628726,0.000705612209584834,0.00011076697743639883,291.7078653335352,0.0361328125
9240000,14,0.5691174294526323,0.012010894197082235,55.710654733690745,0.000704733573185981,0.0001099337846773987,291.56949006778683,0.0361328125
9250000,14,0.5763621313321903,0.01265392944564506,56.37082143249684,0.0007068973069633336,0.0001121282855981398,291.67759997174943,0.0361328125
9260000,14,0.5672164843654999,0.011693978937629664,55.55225221828763,0.000697726406550619,0.00010275663267797555,291.8832185383737,0.0361328125
9270000,14,0.5698461917353242,0.011711642023125036,55.8134560813777,0.000700194679611551,0.00010527406358388703,291.7324880959033,0.0361328125
9280000,14,0.5708095790427903,0.011936462932358734,55.88731278683868,0.0007015282889390261,0.00010687482919686024,291.5328186865846,0.0361328125
9290000,14,0.5679008636431208,0.012359208918064454,55.554166517467145,0.0007036639874294326,0.00010879811158259936,291.60260632868113,0.0361328125
9300000,14,0.5684361428961189,0.012407609368608262,55.60285448214945,0.000700363591378682,0.00010539992710715495,291.64657249489187,0.0361328125
9310000,14,0.5698649293186873,0.011844001186449198,55.80209431273886,0.0006981302052970868,0.00010335307881382774,291.6015900971893,0.0361328125
9320000,14,0.5707144675514295,0.011992297619953584,55.87221805582222,0.0006967234947742176,0.00010186939033199648,291.67960900835493,0.0361328125
9330000,14,0.5672298746505656,0.011979586954813713,55.52502979353376,0.0007046964707476572,0.00010969430569903192,291.71004706609415,0.0361328125
9340000,14,0.5724340255128508,0.012029142945648419,56.04048929402523,0.0007039029593021995,0.00010911051052764203,291.58282718607273,0.0361328125
9350000,14,0.5652950657068276,0.012000035590820819,55.329504097997265,0.0007025585971328517,0.00010773478143301158,291.5674907660504,0.0361328125
9360000,14,0.5667076599797168,0.011884943948173448,55.482272728382554,0.0007038007007309032,0.00010910754116299453,291.43758975960304,0.0361328125
9370000,14,0.5669984650796136,0.011556325312175923,55.54421492528858,0.0006979686400952076,0.00010320998158661241,291.5642891989044,0.0361328125
9380000,14,0.5644993454965553,0.012450885860949905,55.20484751475872,0.0007046587599175027,0.0001100230383636104,291.47136018312557,0.0361328125
9390000,14,0.5657222852386703,0.011900424560219811,55.38218697272394,0.0006988943458177112,0.0001037576573485261,291.86476628780747,0.0361328125
9400000,14,0.5673254061962794,0.011915243910974165,55.541017863174055,0.0006970295798965834,0.00010207909915057906,291.50211232241617,0.0361328125
9410000,14,0.5662300954427498,0.011768274821466695,55.44618336636821,0.0007039767934733593,0.0001092699847145112,291.65491392836094,0.0361328125
9420000,14,0.566211842457216,0.011581680079585354,55.46301736251704,0.0006975123945563482,0.00010265552128596551,291.6418789985535,0.0361328125
9430000,14,0.5641253764110177,0.01202158725056855,55.21038045454042,0.0006978231347123464,0.00010280516849535947,291.65214201363096,0.0361328125
9440000,14,0.5682062420087934,0.01180522691091623,55.64010269401909,0.000707048254155895,0.00011229540424760775,291.4513534650664,0.0361328125
9450000,14,0.5657525470191302,0.01179787191321296,55.39546873771635,0.0006981596780122856,0.00010352108720808312,291.43316231585544,0.0361328125
9460000,14,0.5660838019925946,0.011781483498101116,55.4302328201211,0.000700722368272272,0.00010566809255292114,291.6049346715689,0.0361328125
9470000,14,0.5713970638623899,0.011841115681584823,55.95559619253015,0.0006986084212727022,0.00010379290609409869,291.28175671211795,0.0361328125
9480000,14,0.5728168801692115,0.01191900295212228,56.08978870559465,0.0007033500680772354,0.00010857811421618193,290.97066107530884,0.0361328125
9490000,14,0.5682259379388094,0.011734780422928448,55.64911685774352,0.0006964328202063387,0.0001015160709067412,290.90452227190946,0.0361328125
9500000,14,0.5710410792350409,0.012432950193707729,55.86081416711876,0.000704269566340557,0.00010936232207666913,290.7850438198734,0.0361328125
9510000,14,0.5685236471674499,0.011639882799984935,55.68837789220235,0.0006985258518229542,0.0001037259281054904,290.8815279125847,0.0361328125
9520000,14,0.5683740053426702,0.011910931826746763,55.64630845422805,0.0006964525370445249,0.00010140900720573994,290.803301519276,0.0361328125
9530000,14,0.5694419077335646,0.012170330815652854,55.72715884186619,0.0006938550796198729,9.886608518952976e-05,290.95275746811,0.0361328125
9540000,14,0.5800739344540992,0.012374332853173601,56.76996161167361,0.0007048065316374734,0.00010970453546071165,290.8768807326309,0.0361328125
9550000,14,0.5662170695749129,0.01157635616500457,55.46407259100895,0.0007009922357224205,0.00010623402665507486,290.96525195651316,0.0361328125
9560000,14,0.5731380744334941,0.011969174215531005,56.11689113186929,0.0007006958275707505,0.00010582239529911506,290.8312807505486,0.0361328125
9570000,14,0.5683940461181476,0.011760828727691316,55.66332282612612,0.0007001583425678104,0.00010531523384847279,290.82517011830004,0.0361328125
9580000,14,0.5687541282968093,0.011963419769785068,55.67907212079743,0.000697524319483213,0.00010247904941048129,291.0037284941291,0.0361328125
9590000,14,0.5659212164747426,0.011883105332594124,55.40381223282838,0.0006943391652044051,9.93800812614892e-05,290.77143159032346,0.0361328125
9600000,14,0.567265055796005,0.012104809474730657,55.516026076551995,0.0007005534365288138,0.00010552224365554315,290.83488687687907,0.0361328125
9610000,14,0.5705757719450317,0.012016281876019726,55.85595063737417,0.0006968429289673954,0.00010193773914598892,290.85328014665214,0.0361328125
9620000,14,0.5690494962347192,0.011889546725796155,55.71599616126904,0.0006953734698596796,0.00010036222373247445,290.69898584311085,0.0361328125
9630000,14,0.5737649632049819,0.012029814198710699,56.17351622371267,0.0006973623436227026,0.00010230585745953085,290.88823967993267,0.0361328125
9640000,14,0.5687094944412366,0.011830083347889691,55.687942279562655,0.0006934067068171004,9.833999565078535e-05,290.83099847873,0.0361328125
9650000,14,0.5733396937700712,0.012067767493817091,56.12719388700257,0.0006991826383382412,0.00010460068719850538,290.8445275796688,0.0361328125
9660000,14,0.5745842197303513,0.012348077921193827,56.22361573356369,0.0007009449971535389,0.00010608200434165158,290.85868020748813,0.0361328125
9670000,14,0.5668872824827397,0.011808184842016069,55.50791121760962,0.0006966941368545178,0.00010185691412725174,290.7457453787764,0.0361328125
9680000,14,0.5670881011853222,0.011787948325813756,55.530016544870094,0.000701960676122255,0.0001068823911309079,290.75813204564616,0.0361328125
9690000,14,0.5699458180967676,0.011629995385338297,55.8315829524119,0.0006973784079160602,0.00010243637453855662,290.85312438750145,0.0361328125
9700000,14,0.5737138977912708,0.012019698851005477,56.169421142729114,0.0006988369023331827,0.00010396738027975956,290.79914035491424,0.0361328125
9710000,14,0.5679930108538336,0.011701463227311583,55.62915590783636,0.0006954240665151252,0.0001001657935612327,290.99720843724907,0.0361328125
9720000,14,0.572378160655156,0.012350551965005285,56.002762139065815,0.0006995834271573405,0.00010437047541306236,290.7251751959241,0.0361328125
9730000,14,0.5706112412371097,0.012204374948396013,55.84068760287085,0.0006996577328499273,0.0001049140429262156,290.6541198235494,0.0361328125
9740000,14,0.5622807801497108,0.011901018529274467,55.037977302754506,0.0006956637551817293,0.00010071752791649613,290.80886373743556,0.0361328125
9750000,14,0.5702829677514086,0.011836077329163147,55.84469025213783,0.0007015074657784876,0.00010670894533188108,290.8701556708701,0.0361328125
9760000,14,0.5723967128881637,0.012333841170064799,56.0062886567487,0.0007046971821472022,0.000109720133063521,290.7237230940868,0.0361328125
9770000,14,0.5658145094276095,0.011900879819845825,55.39136413310827,0.0006976806671430548,0.00010260903482491294,291.0201872982263,0.0361328125
9780000,14,0.5694487858176381,0.012179807373133362,55.72689877609349,0.000701672163699794,0.00010656541877075215,290.83978708932824,0.0361328125
9790000,14,0.5724953654250634,0.012164352970654048,56.0331026748974,0.0007001707299313276,0.00010513260902066751,290.5416292865509,0.0361328125
9800000,14,0.5656101532785754,0.012027616655068298,55.35825502549893,0.0006980493687918012,0.00010328285470559722,290.7589209711002,0.0361328125
9810000,14,0.5716984358916142,0.012034557432820916,55.96638905684377,0.0007027933060465012,0.00010783542981313457,290.721574386739,0.0361328125
9820000,14,0.5713932693678477,0.011865541908741442,55.95277357711532,0.0007046201815452488,0.00010972164328789633,290.64208044248255,0.0361328125
9830000,14,0.5694538728461743,0.011995132381579492,55.74587558393254,0.0007029075725739423,0.00010792244568767457,290.8001454562703,0.037109375
9840000,14,0.5698344062382424,0.011733656016788385,55.810076661170456,0.000696274587628236,0.00010125069037552135,290.880078017641,0.037109375
9850000,15,0.5666294234267726,0.011920577269437398,55.47088579749442,0.0006968909315048076,0.00010195379633243334,290.82959314648673,0.0361328125
9860000,15,0.5680795256461019,0.01173818074698416,55.63413568062883,0.0006985513993408791,0.0001037577062341832,290.59087467645,0.0361328125
9870000,15,0.5661578323286233,0.011593786150773193,55.45640576981364,0.0006986887656476615,0.00010396627511955301,290.7103762886206,0.0361328125
9880000,15,0.5675334557756302,0.012079962733678937,55.54535106479731,0.0007014871324692759,0.00010657027481614847,290.73044063047223,0.0361328125
9890000,15,0.5670906164478463,0.011846260173820676,55.5244369231006,0.0006989438488986754,0.00010400742500504445,290.7974393677346,0.0361328125
9900000,15,0.5717594470511087,0.011689258133879004,56.007020048268494,0.000696329362610898,0.00010156312065423487,290.76964116624015,0.0361328125
9910000,15,0.5721047096496105,0.011904541953253567,56.02001815686159,0.0007020014742062707,0.00010715017644906887,290.8715689783515,0.0361328125
9920000,15,0.5670552757592339,0.011877021441722976,55.51782658682933,0.0006957696055090455,0.0001008707028838878,290.8420328921725,0.0361328125
9930000,15,0.5653687395156972,0.01163822044286315,55.37305324775091,0.0006989463430531811,0.00010416448977830172,290.54911164271584,0.0361328125
9940000,15,0.5680703891900767,0.012465759738031,55.560464114340476,0.0007052026053010806,0.00011021242577201901,290.825285596361,0.0361328125
9950000,15,0.5633192312496278,0.011958300037907451,55.1360941989375,0.000700096820950133,0.00010519882982703805,290.7239943302356,0.0361328125
9960000,15,0.5712716641807841,0.011741378859104265,55.95302994410017,0.0006961578084360393,0.00010130866039211615,290.79812123762974,0.0361328125
9970000,15,0.5667411937706356,0.011948142767634121,55.47930644865769,0.0007007717755327879,0.00010611350167380664,290.62448182044034,0.037109375
9980000,15,0.5656129600367615,0.011767237012049243,55.38457356677803,0.0007011783632937829,0.0001065439992187348,290.5721431287125,0.0361328125
9990000,15,0.5677818358899597,0.012013978437179287,55.57678710502072,0.0006978566156886515,0.00010285387130218696,290.7907170097451,0.0361328125
10000000,15,0.5694003744268328,0.011904732738996266,55.74956530629624,0.0006984266717054181,0.00010348643698348503,290.8468684961978,0.0361328125
10010000,15,0.5690639416535411,0.012450827595717555,55.66131255128638,0.0007015665909538675,0.00010675967224772469,290.639858744525,0.0361328125
10020000,15,0.5640105052716652,0.0120064140482974,55.20041038790612,0.0006989723948846929,0.00010402512859803375,290.72805574272405,0.0361328125
10030000,15,0.5706639862661076,0.012146000612182656,55.851799684723275,0.0007013662019327113,0.00010658459587988505,290.5082393591644,0.0361328125
10040000,15,0.5706259594665161,0.012508251412539305,55.81177198280471,0.0007062225118507796,0.00011141247708620012,290.6473181245361,0.0361328125
10050000,15,0.5707443538984697,0.011892859235734883,55.88515109585416,0.0007018017556479341,0.0001069338799997122,290.7625465600204,0.0361328125
10060000,15,0.568928895255458,0.012437683757437657,55.649122260097506,0.000699220032289289,0.00010426416970027663,290.65470005103697,0.0361328125
10070000,15,0.5685625457757059,0.011986558103247592,55.65760005253266,0.0007021502605687532,0.0001073041033876928,290.69271390850537,0.0361328125
10080000,15,0.568813382289669,0.011748680596191424,55.706471268458856,0.0007026875260979194,0.00010789516376732045,290.67512177528783,0.0361328125
10090000,15,0.5684225690390392,0.011712355269985604,55.671022038247614,0.0006978074745337508,0.00010287385441639326,290.6783658290449,0.0361328125
10100000,15,0.5657016119149805,0.011806349927981272,55.389527577634766,0.000701348140630564,0.00010639646264722961,290.73515607077104,0.0361328125
10110000,15,0.5705243133753756,0.01219806184109422,55.83262607581657,0.0007008328353139501,0.0001060016027806639,290.6597426866868,0.0361328125
10120000,15,0.5676935389377186,0.01172077156354718,55.597277562025866,0.0007020344008170498,0.0001069988523674641,290.98369974488975,0.0361328125
10130000,15,0.5720347821962141,0.012019085162939142,56.00157089539178,0.0007014272998030984,0.00010627693517762361,290.88196035682654,0.0361328125
10140000,15,0.571279357475451,0.012553951022294422,55.87254178363199,0.0007092363458471951,0.00011415220673618934,290.80993047483406,0.0361328125
10150000,15,0.5665277639583,0.011672433856902724,55.485533773013486,0.0006971629900691568,0.00010222814030357984,290.81345522847874,0.0361328125
10160000,15,0.570481218535496,0.011764150480173721,55.87170789501918,0.0007003328981506061,0.00010537364248356496,290.78312877264585,0.0361328125
10170000,15,0.5667707068451816,0.011807066177281934,55.49636514708334,0.0006986367468617821,0.00010381084164830527,290.6168488424295,0.0361328125
10180000,15,0.5646365444924879,0.01187817622469459,55.275838275538675,0.0006982790046583655,0.00010339406785275097,290.64691149411743,0.0361328125
10190000,15,0.5689898172456718,0.011796563640853625,55.71932588883137,0.0006968781583551901,0.00010205360973330435,290.74730781851275,0.0361328125
10200000,15,0.5699364871082204,0.012534199959486401,55.74023066214083,0.0007075276189052266,0.00011239610113574215,290.58947015593264,0.0361328125
10210000,15,0.5693539269279901,0.012040590294835294,55.73133488425338,0.0007076777237680009,0.00011258640953050183,290.7149297990344,0.0361328125
10220000,15,0.5656914335190097,0.011375452004854214,55.431599402085105,0.0006948857921842809,9.989387445789744e-05,290.5082029541359,0.0361328125
10230000,15,0.5653693174765748,0.011704984852134373,55.36643467183308,0.0006964964224274629,0.00010149937030060792,290.71491226953907,0.0361328125
10240000,15,0.5594703116866039,0.011806366002740525,54.766396122346286,0.0007031727168941094,0.00010833938537406242,290.6565015127426,0.0361328125
10250000,15,0.574902196489539,0.01234698830595248,56.255522344805605,0.0007042984349070431,0.00010935470201465803,290.76195277066347,0.037109375
10260000,15,0.5697313595323718,0.011926889648757651,55.780448049157805,0.0007024839740135579,0.00010762514127999837,290.5730592455424,0.0361328125
10270000,15,0.5752830018404043,0.012121684228429776,56.31613325488659,0.0007019882608969142,0.00010699637337125991,290.63103125145597,0.0361328125
10280000,15,0.5730958687265791,0.011975978142608439,56.11199043345028,0.0007029213065719141,0.00010810001144907446,290.5243020787835,0.0361328125
10290000,15,0.5695132123809503,0.011880607379173663,55.76326140301346,0.0007024160719972713,0.00010763570556370301,290.5550099309714,0.0361328125
10300000,15,0.5617359088518683,0.011492410204011401,55.02435118025099,0.0006952913402505451,0.00010029910251522947,290.7017052719141,0.0361328125
10310000,15,0.5638406813246011,0.011497750429446063,55.23429423323861,0.0006967006323032387,0.00010166647020269863,290.63651673812956,0.0361328125
10320000,15,0.5707584138589538,0.011752592542780634,55.90058278823321,0.0006939618311056895,9.895002313528552e-05,290.62127844964846,0.0361328125
10330000,15,0.5640988433529069,0.011989599118813102,55.21092542533829,0.0007024987835089735,0.00010763286080532615,290.5859300834675,0.0361328125
10340000,15,0.5726676972931917,0.01189530880202275,56.07724012173971,0.0006986743976514676,0.00010393808180017978,290.5560563502566,0.0361328125
10350000,15,0.5603747354598476,0.011748547336870302,54.86262017053862,0.0006966506969504308,0.00010153198986907157,290.5691538175767,0.0361328125
10360000,15,0.5724337021440208,0.011528797954691885,56.09049160694657,0.0006962061493319098,0.0001012303290461575,290.5152172704465,0.0361328125
10370000,15,0.5729448612798076,0.012462899703213492,56.048197303273746,0.0007044890458984228,0.00010943243594376784,290.50477646594425,0.0361328125
10380000,15,0.5667860397013843,0.012541200412767649,55.42448511741891,0.000702201870721175,0.00010703813904654771,290.5106586689524,0.0361328125
10390000,15,0.5673154431240321,0.011918846818424781,55.539660536716305,0.0006992910908692635,0.00010437838491295364,290.5503270203466,0.0361328125
10400000,15,0.5691359170123208,0.011852195833168998,55.72837354754037,0.000701790534687756,0.00010689872007444905,290.2902716110568,0.0361328125
10410000,15,0.5700615841085755,0.012190421797453926,55.78711717311644,0.0007089723155721012,0.00011420685560108506,290.4723189680076,0.0361328125
10420000,15,0.5666074851533753,0.011763201032175884,55.48442956150016,0.0006965862493337688,0.00010177952314690462,290.4742079279813,0.0361328125
10430000,15,0.571224811541917,0.011673686723540752,55.955113800485734,0.0006994793090307144,0.00010444280490678975,290.5538668666903,0.0361328125
10440000,15,0.5683500584544278,0.011721819043529752,55.66282488673794,0.0006960764047205232,0.00010127854414550985,290.41833398632184,0.0361328125
10450000,15,0.5638555651053039,0.011897659634174548,55.19579204008336,0.0007015188890061743,0.00010661193070162517,290.59868490523706,0.0361328125
10460000,15,0.5680045626919703,0.011863617433065419,55.614095710522236,0.0006962160175078261,0.00010111932382186611,290.43326697990204,0.0361328125
10470000,15,0.5680709870126963,0.011922122786174237,55.614887601712,0.0007018157250550682,0.00010695118287442962,290.4483773549238,0.0361328125
10480000,15,0.5650021094903619,0.011879433801436485,55.31226895436595,0.0007013514030078041,0.0001065344798230728,290.2722438770553,0.0361328125
10490000,15,0.5738650392079407,0.011998791897639288,56.18662567315839,0.0006971746350984849,0.00010217815214061134,290.26116057928397,0.0361328125
10500000,15,0.5717720748436302,0.011920849564946401,55.98512379689897,0.0006984119227369827,0.00010358418170704991,289.91351998602363,0.0361328125
10510000,15,0.5725187286291953,0.012262339297163007,56.025640492061065,0.000701650489457618,0.00010654164099614009,290.0487945629923,0.0361328125
10520000,15,0.565478243501878,0.011688324570307444,55.37899317493267,0.0006966481654707856,0.0001014180554888457,290.24976815396593,0.0361328125
10530000,15,0.5657989719523613,0.011974146255151816,55.38248441273247,0.0006987220741902083,0.00010379847331701007,289.93214092519787,0.0361328125
10540000,15,0.5700593961270893,0.012217730153890619,55.78416779025988,0.0007004575861622143,0.00010563102108859806,289.8789291451297,0.037109375
10550000,16,0.5660561810252343,0.011972250174162443,55.4083941369847,0.0006996760091386921,0.00010466511727085912,289.9576215040872,0.0361328125
10560000,16,0.5696524294300446,0.011662560118990365,55.79898811753358,0.0006946992766867032,9.981825391826646e-05,290.0311247513806,0.0361328125
10570000,16,0.573272832040569,0.011936802679679247,56.13360424428974,0.0006982808013446437,0.00010348439280578073,289.96845478661044,0.0361328125
10580000,16,0.5670661839160918,0.011823000534020836,55.52431996580615,0.0006986625857823781,0.00010374907352394225,289.88989714522785,0.0361328125
10590000,16,0.5683165337984876,0.011932840209582036,55.63837056301248,0.0006999821576758056,0.00010505421784597759,290.08691268062853,0.0361328125
10600000,16,0.5745420331872463,0.011889722644689488,56.26523197454707,0.0007031808104659649,0.00010833397724424887,289.98358967473445,0.0361328125
10610000,16,0.5704828912274862,0.012178908954659317,55.830399354696056,0.0007028937923607742,0.0001080093416988222,289.91139096994584,0.0361328125
10620000,16,0.5666281414076556,0.012475546649370778,55.41526072819576,0.0007052676153324924,0.00011020684355095785,290.01799930477216,0.0361328125
10630000,16,0.5669848018990331,0.011668860989727817,55.53159504995742,0.0006948034668264049,9.983117263638667e-05,290.0336243062984,0.0361328125
10640000,16,0.5727687399625278,0.012203606352884899,56.05651490965403,0.0007000050107138206,0.00010513873205580987,290.1444796820585,0.0361328125
10650000,16,0.5685203122743726,0.01205046532511612,55.64698588586295,0.0006998934396915834,0.00010496134673870575,289.9963127294922,0.0361328125
10660000,16,0.569836964272935,0.01196975723357766,55.78672214974731,0.000701599326896443,0.00010662740502266029,289.94998356964885,0.037109375
10670000,16,0.5697517583441376,0.01207071167413265,55.76810552149984,0.0006995702749984355,0.00010447660153919701,290.031680061975,0.0361328125
10680000,16,0.5685246402501278,0.011862281417928078,55.666236584573156,0.0006972678708110715,0.00010242204124564315,289.89498082561954,0.0361328125
10690000,16,0.5704520137308793,0.011986031581358431,55.846599349577964,0.0006970435592867245,0.00010204213954717144,289.970273371188,0.0361328125
10700000,16,0.5704592263928346,0.011838406465491764,55.862083361038074,0.0006930641516708537,9.808321696065417e-05,290.0427440759659,0.0361328125
10710000,16,0.5687365379801447,0.011873207794546594,55.68633418799421,0.0006990347644724563,0.00010390850088123686,290.1081054893834,0.037109375
10720000,16,0.569268316710812,0.011968771413108537,55.72995584382506,0.000698116856219162,0.00010314307594791674,289.9088875840019,0.0361328125
10730000,16,0.5698019884517631,0.011739484945913122,55.80625138435019,0.0007011846786228889,0.0001064809677304713,289.7969956590107,0.0361328125
10740000,16,0.5659943285845596,0.011985080003202813,55.40092598188277,0.000708442390556736,0.00011352412529073321,290.0344513053766,0.037109375
10750000,16,0.5693195887318306,0.012048161927569868,55.72714433343006,0.0006985097865908847,0.00010370016088109992,289.8795489284597,0.0361328125
10760000,16,0.5702738793973761,0.011866912903585452,55.84069825587961,0.0006987655855877473,0.00010390056752455661,290.0910619531644,0.0361328125
10770000,16,0.572653393272239,0.01202336884793185,56.06300372230209,0.0006989274042357926,0.00010398132461781442,289.99676301633957,0.0361328125
10780000,16,0.5698542568784628,0.011933567034432185,55.79207085940601,0.00069801873132866,0.00010323187987712755,289.76996750476553,0.0361328125
10790000,16,0.5723240090367533,0.012122251149400215,56.02017713857794,0.0007020946622978913,0.00010721351037354085,289.87321657653365,0.0361328125
10800000,16,0.5680416598594402,0.011749451342926025,55.6292217622891,0.0007015411683705714,0.00010680447283403965,289.93313818839414,0.0361328125
10810000,16,0.5732386620987484,0.01199473320146153,56.12439415295924,0.0006963204163183494,0.00010108388273639168,290.04092351214655,0.0361328125
10820000,16,0.5635825297824546,0.012070920546455272,55.15116259151949,0.0006970452205506895,0.00010191624972312745,289.97937863420645,0.0361328125
10830000,16,0.5661883608540828,0.01180920625509617,55.43791685212081,0.000693735647594885,9.85861164789581e-05,290.0192878953267,0.0361328125
10840000,16,0.5690838379686285,0.012067568255424203,55.70162806679003,0.0006975661218534895,0.00010264652352417699,290.0445556756578,0.0361328125
10850000,16,0.571961533567596,0.011927551003766801,56.00339951039011,0.0006941490681284957,9.910729265076802e-05,289.87130977431883,0.0361328125
10860000,16,0.5679648415986324,0.011611502826641971,55.63533534682374,0.000698267118984075,0.00010355132435413654,289.9204882568407,0.0361328125
10870000,16,0.5682229236257601,0.012081449682893774,55.61414842907333,0.0007018434748343542,0.00010692421936500787,289.89723829630356,0.0361328125
10880000,16,0.5682155654182699,0.011832534156312063,55.638303718903735,0.0007013400283862372,0.00010673406350782626,289.7761061195515,0.0361328125
10890000,16,0.5730635086472747,0.011806004166583154,56.12575171152872,0.0006970124257303231,0.00010211103485697582,289.9914957329455,0.0361328125
10900000,16,0.5625638054902088,0.011697498292062005,55.086632357377404,0.0006974126050975195,0.00010253109518966694,289.8050282804206,0.0361328125
10910000,16,0.572803777648677,0.012596901839094492,56.020688825505204,0.0007071754032799979,0.00011230457748396786,289.850992038356,0.0361328125
10920000,16,0.5665508984406677,0.011759097848422384,55.47918165976012,0.000693245990091662,9.817131892015646e-05,290.02967071499415,0.0361328125
10930000,16,0.5663444488352009,0.011776150233037078,55.4568311049696,0.0006967696199032417,0.00010184134101571847,289.9779121152733,0.0361328125
10940000,16,0.5685912430073018,0.012006609636887534,55.65846440657151,0.0006973484651700512,0.00010228165401835417,290.02899938225477,0.0361328125
10950000,16,0.5712808778172346,0.012028720114528046,55.92521681503418,0.0007002210835104784,0.00010518342034069011,290.03848973768254,0.0361328125
10960000,16,0.5653511297364038,0.011940848967038236,55.34102919349432,0.0007013709891958141,0.00010652977712193845,289.83803978417313,0.0361328125
10970000,16,0.5674979853393777,0.012025193808026855,55.54728035382559,0.0006963460908672761,0.00010124751277960606,290.190111424759,0.0361328125
10980000,16,0.5655640003040479,0.011796827725403827,55.376718405509195,0.0006987452690222014,0.00010390195639761075,290.0983817482383,0.0361328125
10990000,16,0.5718026711507598,0.01191325904652935,55.98894227763977,0.0006986928175349142,0.00010406456502850525,289.78724668395864,0.0361328125
11000000,16,0.5720537150942233,0.012097494714868881,55.995623045715085,0.0007031761857041402,0.0001086641893659805,289.72288249148534,0.0361328125
11010000,16,0.5733246635813227,0.012002126021784899,56.13225530881357,0.0006983199446878504,0.00010330820895239196,290.08015730016956,0.0361328125
11020000,16,0.5692429049304849,0.01187955950846819,55.73633621463904,0.0006992043810587448,0.00010443978083005415,289.96115765411406,0.0361328125
11030000,16,0.5720430173008181,0.01201753978081734,56.002549139955526,0.0007000805551235453,0.00010510864745291242,289.9977856449071,0.0361328125
11040000,16,0.5653165258111105,0.011691758686406708,55.36247773510341,0.0006987858521439554,0.00010399777233988978,290.08959092655823,0.0361328125
11050000,16,0.5709849630849244,0.0120222466526506,55.8962732365995,0.0007011605348049204,0.00010623615656763467,289.92516404883855,0.0361328125
11060000,16,0.5748536622228338,0.012857720822030426,56.19959542542402,0.0007066673836941431,0.00011198688138974947,289.7025495703264,0.0361328125
11070000,16,0.5711957186144184,0.011863192413627856,55.93325382774754,0.0006981249294625124,0.00010312276983258058,290.03404089223795,0.0361328125
11080000,16,0.5680933627009824,0.011849417799342826,55.62439529256079,0.0006962740302770348,0.00010146929356981956,289.89169964235117,0.0361328125
11090000,16,0.5699451566764527,0.011944631337873912,55.80005368354339,0.0006977732993963662,0.00010298513556761942,289.8091593480051,0.0361328125
11100000,16,0.5682649252369798,0.01190632988383786,55.63586084640022,0.0007029616644020489,0.00010826159007211704,289.7834185715091,0.0361328125
11110000,16,0.5693970889480309,0.012209237374182865,55.71878641072914,0.0007033419612707998,0.00010849318567443968,289.99510356889306,0.037109375
11120000,16,0.5652723413740806,0.011662950227264067,55.360940257928966,0.0006991188201520948,0.00010435416203467303,289.8829113469889,0.037109375
11130000,16,0.5702151072232773,0.011926307450625067,55.82888104606677,0.0006984376870542653,0.00010348736344397168,289.79639582922607,0.0361328125
11140000,16,0.5720191696936872,0.011580467795129104,56.04387129438665,0.0006986917800325025,0.00010383807912610999,289.7962144378913,0.037109375
11150000,16,0.5650832609470893,0.011960322633764174,55.3122951957045,0.0007010592482186158,0.00010634814311487113,289.8961040198006,0.0361328125
11160000,16,0.5721402159781868,0.012226802465262495,55.99134240059431,0.0007005269404282597,0.00010566739465304418,289.89431174709136,0.037109375
11170000,16,0.5668658015756558,0.011484651514392123,55.53811642545795,0.0006949842477479067,9.988098165575713e-05,290.0579430789828,0.0361328125
11180000,16,0.5668944475389244,0.01210801459717136,55.47864437062132,0.0007018412206504504,0.00010681872330763608,290.1702249640935,0.037109375
11190000,16,0.5697492806019532,0.012071489231932764,55.767780349773794,0.0006974376075512022,0.00010234363740643275,290.162021806903,0.037109375
11200000,16,0.5690000145723741,0.011822477531468754,55.71775501619519,0.0006978110462003365,0.00010292906905569469,290.1039913177987,0.037109375
11210000,16,0.5649323610228807,0.011997326349557436,55.293504746481744,0.0007035338905208602,0.00010882877144421172,289.769749301255,0.0361328125
11220000,16,0.5692041067803812,0.011811746492244292,55.739237296066904,0.000698610135416407,0.00010370377257386955,289.9382762964845,0.037109375
11230000,16,0.5697353735753724,0.011806488499466956,55.79288974158591,0.0006985547095517676,0.00010365416137537657,289.93396428527603,0.037109375
11240000,16,0.5701957151304182,0.01209893647935014,55.80967901646507,0.0006966239514946648,0.00010168310454875446,290.0000085580968,0.0361328125
11250000,16,0.5693386626863236,0.011681148561761974,55.76575280565791,0.0006938291410296811,9.871060616563766e-05,290.0659888132215,0.0361328125
11260000,17,0.5676776016897472,0.01212477024848359,55.55528448836737,0.0006996710708433231,0.00010481717719194486,289.99311012551357,0.0361328125
11270000,17,0.5688953119702127,0.011862847115603392,55.703247579385994,0.0006975259683839371,0.00010253975389740502,289.909065824454,0.037109375
11280000,17,0.5705813740399547,0.012093369959939898,55.848801839284384,0.0006975906337685584,0.00010250404576283992,290.12323096077273,0.0361328125
11290000,17,0.5692397755512946,0.011879612158027183,55.73601745425118,0.0007010894262408231,0.0001062256953726694,289.98194045465965,0.0361328125
11300000,17,0.5681278107484554,0.011692287806661086,55.64355316844227,0.0006995491768638496,0.00010451799739583152,289.92969273124277,0.0361328125
11310000,17,0.5702782846870593,0.011789278396151454,55.848901995102594,0.0006959963064793707,0.00010090820288391743,290.0038722667583,0.0361328125
11320000,17,0.5703487820195758,0.012292905729235398,55.80558916444212,0.0007075659088200168,0.00011247782354959183,289.91018780257787,0.0361328125
11330000,17,0.5686763285149634,0.011869032260991197,55.680731036047426,0.0006987770562815964,0.0001039278119997828,289.87356143256517,0.0361328125
11340000,17,0.5716370113121754,0.01187018103829805,55.97668447337359,0.0006977059674821559,0.00010266977602741098,290.06690024456464,0.0361328125
11350000,17,0.5701747391464382,0.011696066752127985,55.847868701213365,0.000696474228459923,0.00010166050427095485,289.73189854250194,0.0361328125
11360000,17,0.570820321489039,0.011907164779132019,55.891316642205524,0.0007035159549037335,0.00010865322693328127,289.98440297614644,0.0361328125
11370000,17,0.5708840252510706,0.01189540421467245,55.89886308014587,0.0006955992402767517,0.00010082563043379581,289.92917314856527,0.0361328125
11380000,17,0.5701595448443225,0.011806762794218316,55.83527983817077,0.0006967463006630767,0.00010171009610266661,290.01454344073716,0.0361328125
11390000,17,0.5678793273914415,0.01190610951476694,55.597322995206525,0.0007023200880685662,0.00010736179636462415,290.101392637701,0.0361328125
11400000,17,0.5709926361106623,0.011877702168690529,55.91149475986346,0.0007000493939012176,0.00010483271311040574,289.92934035150097,0.0361328125
11410000,17,0.5653269789883619,0.011878256770556402,55.34487360629217,0.0006977481435928121,0.00010283700184260526,289.8926804610617,0.0361328125
11420000,17,0.5677018363736309,0.011725869499596753,55.59759814185524,0.0006955353624716567,0.00010069825424258146,289.7759690152025,0.0361328125
11430000,17,0.5694926453322064,0.011697515525502907,55.77951439015958,0.0006994792381547728,0.00010456224181161928,289.95567347548456,0.037109375
11440000,17,0.5741025703730913,0.012231894894792103,56.18706912736839,0.0007012876641805649,0.00010666728314517557,289.88653161947735,0.0361328125
11450000,17,0.5703322952311431,0.011956163522180218,55.83761435588288,0.0007021722140560162,0.00010752376242463706,289.90222181894245,0.0361328125
11460000,17,0.5697073674941375,0.01203603086448096,55.76713517133097,0.0006990204517036493,0.00010420527778749198,289.9731393643747,0.0361328125
11470000,17,0.565756015825807,0.012288834883314443,55.34671946563485,0.0007018447285248327,0.00010670755223104612,289.98015539225486,0.0361328125
11480000,17,0.5669813376762205,0.01222869899761144,55.47526487531297,0.0006986188166787245,0.00010369502151600808,289.99590623860763,0.0361328125
11490000,17,0.5674770463431311,0.011845668739112216,55.56313905694063,0.0006997691557040195,0.0001048817138586438,289.86916205649163,0.0361328125
11500000,17,0.5732906400639056,0.011920600155115488,56.13700515713339,0.0006985438747707198,0.00010379318016002519,289.80848198085357,0.0361328125
11510000,17,0.5674725190677105,0.012036622168952923,55.54359108673986,0.0006996248815167484,0.00010461090549106154,290.0461651557982,0.037109375
11520000,17,0.5649305038063177,0.01228116618862793,55.264934865035784,0.0007066672070642386,0.00011198251705862892,289.67736604492904,0.037109375
11530000,17,0.5657211177939445,0.012290167091267607,55.34309590906575,0.000700229495153606,0.00010530429632217637,290.0300814849828,0.0361328125
11540000,17,0.5704041972749421,0.012076832183261919,55.83273783892762,0.0006924366504399976,9.74267003017687e-05,289.92770865888093,0.0361328125
11550000,17,0.5646910662517401,0.011976105419081715,55.27149712302958,0.0006973477331656078,0.00010218311175379996,290.0107832716697,0.0361328125
11560000,17,0.5680446415997271,0.011507975450713085,55.65366743664626,0.0006951069752601992,0.00010030800983161713,289.8608941546171,0.0361328125
11570000,17,0.5642006277792432,0.011541454308486307,55.26591811151327,0.0006962243584772529,0.00010149013860737031,289.8954732825454,0.0361328125
11580000,17,0.571460225628885,0.011847136343964502,55.961310314249154,0.0006967019236538147,0.0001016731405606819,289.8950900856507,0.0361328125
11590000,17,0.5661771957420686,0.011794595738377635,55.43826120000139,0.0006976704771750643,0.00010267862614799123,289.90125793931986,0.0361328125
11600000,17,0.5655310555878547,0.011530752204682474,55.40003104132335,0.0006980594060554033,0.00010318764269848475,289.9710952324815,0.0361328125
11610000,17,0.568270087751981,0.012135178544877192,55.61349236355913,0.0007044179512716,0.00010954916105700956,290.03381268467626,0.0361328125
11620000,17,0.5765822592494866,0.012025348274796099,56.45569245259828,0.0006999805122643801,0.00010519504438064648,289.7915273370432,0.0361328125
11630000,17,0.5691584002850312,0.011870657290486633,55.72877616441334,0.0006976833098553094,0.00010256739723085668,290.00447781628014,0.037109375
11640000,17,0.5697635225854978,0.012026712940869487,55.77368244262125,0.000701264965385782,0.00010648900635147982,289.7608979709303,0.037109375
11650000,17,0.5747711415438219,0.011880023613640356,56.289113076270645,0.0006999510654990266,0.00010524574079558739,289.84569384692213,0.0361328125
11660000,17,0.5724131911715751,0.012462061120867314,55.99511413449558,0.0007018530292610093,0.00010690661845872055,289.8824978695604,0.0361328125
11670000,17,0.5670283148858531,0.012251456164274364,55.47768699870156,0.0006990520983253175,0.0001039567610933752,290.0181902956564,0.0361328125
11680000,17,0.5664691144184579,0.01176095116314898,55.47081777836434,0.0007018187280318003,0.00010708253217183305,289.8181891867924,0.0361328125
11690000,17,0.5678134783172822,0.012433372454074752,55.53801190832112,0.0006992685120980184,0.00010420984988736574,289.9715182132376,0.0361328125
11700000,17,0.5698058996904634,0.012141663363287647,55.76642453878995,0.0007046426599403074,0.00010957924056482182,290.04021298365427,0.0361328125
11710000,17,0.5681277925463891,0.011660102838206097,55.64677055330787,0.0006944670591252148,9.946610750998137e-05,290.20453389288986,0.0361328125
11720000,17,0.5693572108063208,0.012032845469679844,55.73243734619377,0.0006967606784307384,0.00010179944719965198,289.89263054049695,0.0361328125
11730000,17,0.5732068470489299,0.012352631348681609,56.08542297267815,0.0006986690378088639,0.00010336549679584381,290.17113806230793,0.0361328125
11740000,17,0.5658315820030956,0.012007554805256192,55.38240395620843,0.0007008811699075034,0.00010594565818292726,289.89085250503337,0.0361328125
11750000,17,0.5692060397087771,0.01248384437582334,55.67222140568955,0.0007017426782316569,0.00010663539728175236,289.9809509886498,0.0361328125
11760000,17,0.5672750452009911,0.011975544264402553,55.52995105472031,0.0007021592163435427,0.00010746790444183687,289.6794838869869,0.0361328125
11770000,17,0.5691066394395902,0.011684861590953936,55.7421788095495,0.0007031643742007011,0.0001082691559574504,290.04558731709625,0.0361328125
11780000,17,0.5711099636021333,0.011667170464744409,55.94428066883549,0.0006929338639242178,9.780230769778866e-05,289.9937842023157,0.0361328125
11790000,17,0.5622114720094686,0.01188372657788995,55.03277580651106,0.0007009336842193735,0.00010605205678241936,289.9660338104529,0.0361328125
11800000,17,0.56655021005469,0.011708698005719574,55.48415237687919,0.000694027195444537,9.909791099761666e-05,290.12373824087473,0.0361328125
11810000,17,0.5691481165040423,0.011726474402663918,55.74216530076969,0.0006965933695771731,0.00010159304763295676,289.88688215237386,0.037109375
11820000,17,0.5676661841669839,0.012114591757596747,55.555160485927,0.0007022057564294102,0.0001072825977836272,289.9734569162261,0.0361328125
11830000,17,0.564286390232258,0.011777070560106035,55.250932872341785,0.000699508903857728,0.00010452712731858573,289.8462876367671,0.0361328125
11840000,17,0.5658379531916492,0.011849606201099823,55.39883545546821,0.0006997075376819091,0.00010467983726935318,290.04557983748606,0.0361328125
11850000,17,0.5660928924293606,0.01203250919871355,55.40603953515876,0.0007011510903468192,0.00010614606989517604,289.9124630714566,0.0361328125
11860000,17,0.5706047559260466,0.011975668776317165,55.86290987148148,0.0007023767167202697,0.00010759311731535656,289.9027274344157,0.0361328125
11870000,17,0.5696196866682403,0.012046392039566284,55.757330926340245,0.0006960761424858337,0.00010118644531414541,289.89151266158296,0.0361328125
11880000,17,0.5725981531370701,0.011993880814968248,56.06042841377142,0.0006994058519333555,0.00010461485687421472,289.8720155720843,0.0361328125
11890000,17,0.5704439446841125,0.011929433615433973,55.851452774867866,0.0006971462298386839,0.00010231636510014097,289.9416629057191,0.037109375
11900000,17,0.5669640306961765,0.011958617065313338,55.50054282714255,0.0007039659632437187,0.00010906222163191267,289.8191809986236,0.0361328125
11910000,17,0.5714546185550765,0.012131783361119709,55.93228469177571,0.0006996723196179965,0.00010480654121901996,289.88451952182555,0.0361328125
11920000,17,0.5666567110180727,0.012047003447952115,55.460971788422654,0.0006984747043515693,0.00010366591447521473,289.8947824450935,0.0361328125
11930000,17,0.5691847035536013,0.011770981883344894,55.741373226176236,0.0006985233603489174,0.00010347767393770405,289.81899392565396,0.0361328125
11940000,17,0.5644255687641831,0.011691718284831808,55.27338681596047,0.0006983165050719993,0.0001035367933133181,289.88693554213586,0.0361328125
11950000,17,0.5706408147706086,0.011829164765569245,55.88116672082234,0.0006952834664519655,0.00010028908402106681,289.9450342895584,0.0361328125
11960000,18,0.5667447517317409,0.01208553824335701,55.46592240833613,0.0006957561689018668,0.00010075574790560329,289.8355188731888,0.037109375
11970000,18,0.570473924012388,0.012624808802858586,55.784912777252714,0.0007051482266916111,0.00011031685414301607,289.8068930907763,0.037109375
11980000,18,0.5710259235469232,0.012192629233920067,55.88333077348588,0.0007011809862902276,0.00010622294191907494,289.95515073946723,0.037109375
11990000,18,0.5702613631823822,0.01170353501907644,55.85578432833207,0.0006941223028187225,9.917338226184296e-05,289.88330707261224,0.0380859375
12000000,18,0.5714646853275214,0.012060433211706677,55.94042681415291,0.00070938140669979,0.00011441561594049852,289.9774995409828,0.0380859375
12010000,18,0.5646948708410993,0.011911569015334692,55.27833121939902,0.0006978414838873037,0.00010292842751597375,289.8759274873526,0.0380859375
12020000,18,0.5672556228568364,0.01187343707213249,55.53821977757813,0.0007016800650850007,0.00010681706285037011,289.88589570102084,0.0380859375
12030000,18,0.5673575772994951,0.011969891045574473,55.53876982634157,0.000702429973892568,0.00010755861016091352,289.8997025741668,0.0390625
12040000,18,0.568635807618113,0.012418762299086866,55.621705650337624,0.0006983743702480298,0.00010320748485414983,289.8122693628993,0.0380859375
12050000,18,0.5673298104736432,0.011857220403045673,55.54726010985797,0.000702428098563286,0.00010765972695319921,289.82428590034226,0.0380859375
12060000,18,0.5690151253789737,0.011908288184310006,55.710685020979824,0.0006980475719025295,0.00010302654786906412,289.94474435638875,0.0390625
12070000,18,0.5701474692669114,0.011495264668242746,55.86522195569833,0.0006984699808029337,0.00010371674902811507,289.6706855440481,0.0380859375
12080000,18,0.5695428814568435,0.011929090091234409,55.761380179235985,0.00069504218145613,0.00010016970541256131,289.89174253502875,0.0380859375
12090000,18,0.5673861451893625,0.012115581993460797,55.52705723873794,0.000703268287232482,0.00010851480569365422,289.88203181571146,0.0390625
12100000,18,0.5659286548119188,0.01188823027251785,55.404043642940614,0.0006978516815402434,0.00010298861400433026,289.8673339212318,0.0380859375
12110000,18,0.568773927697879,0.012012867567049744,55.67610742309229,0.0007004545752553251,0.00010571676842634747,289.8521599705131,0.0380859375
12120000,18,0.5675091678737971,0.012190156385841859,55.53190245834111,0.0006994663206994297,0.0001044605342826469,289.8412749633943,0.0380859375
12130000,18,0.5702940607659527,0.011771100568759036,55.852297142961184,0.000701711969564583,0.00010671706027927556,289.8929896318244,0.0380859375
12140000,18,0.5714764023564814,0.012258966566632133,55.92174476045827,0.0007015610460633472,0.00010659079125128026,289.9032975240091,0.0380859375
12150000,18,0.5655441926977174,0.011883369437405087,55.36608312429183,0.0006999711557828912,0.00010501028541199081,289.7231994125445,0.0390625
12160000,18,0.5663899701138869,0.011803843140536703,55.458613878139026,0.0007056499363955038,0.00011076758073025168,289.86462147878973,0.0380859375
12170000,18,0.5701818634811369,0.012252120959996402,55.79297565287223,0.0007013549360342079,0.0001064567414553442,289.7456560332973,0.0380859375
12180000,18,0.5692474188565901,0.011703285753832835,55.75441441226284,0.0006992653262857266,0.00010454523327273882,289.8713007154434,0.0380859375
12190000,18,0.5706914982188386,0.012106910653570639,55.858459838658796,0.0006975348223466316,0.0001026488985000785,289.845767379277,0.0380859375
12200000,18,0.5715219785604806,0.011877856339055243,55.964413313573544,0.0006995417611730037,0.0001048126441554419,289.84510496759225,0.0380859375
12210000,18,0.5643749796128665,0.011615539306542058,55.27594469318121,0.0007017259119678211,0.00010675417109115302,289.82876520201836,0.0380859375
12220000,18,0.5705745195275767,0.011687909000718068,55.888662444954605,0.0006946126999464173,9.963366398232093e-05,289.8808984388514,0.0380859375
12230000,18,0.5742756878859487,0.011726052908093693,56.25496509894651,0.0006990355363262216,0.00010426183719652162,289.83645787711845,0.0380859375
12240000,18,0.5727958399343304,0.012055833106844091,56.0740021919286,0.0007052311156833334,0.00011034452318682958,289.7551355283267,0.0380859375
12250000,18,0.5704290124760913,0.012450992941401909,55.79780323817696,0.0007027093813646629,0.000107831783437579,289.7781598047861,0.0380859375
12260000,18,0.5703203889114563,0.012074149653684097,55.82462546911357,0.0007045079547072946,0.00010942967600037497,289.8221561144235,0.0380859375
12270000,18,0.5703223581392417,0.011924803449518752,55.83975670156569,0.0006989584877487614,0.00010401989550690367,289.88576445381193,0.0380859375
12280000,18,0.5722828996634916,0.01237930662072946,55.9903602952861,0.000702677233009669,0.000107672588052054,289.9752580184609,0.0380859375
12290000,18,0.5602484507540122,0.011550744255979748,54.86977182145466,0.0006981965397949691,0.00010345647521834175,289.3909641325557,0.0380859375
12300000,18,0.5698129356829311,0.01219464003349044,55.7618306343443,0.0007007390337901483,0.00010595494691605063,289.4794715161048,0.0380859375
12310000,18,0.5702381376227469,0.0121918499350943,55.804629765122684,0.0007024038200227526,0.00010758087996563052,289.29945117124834,0.0380859375
12320000,18,0.5648974810609296,0.011789917971454185,55.310758132061345,0.0006992977161861089,0.00010441545837872518,289.52385737857,0.0380859375
12330000,18,0.5657321439598293,0.01210486473576746,55.36272904812799,0.0007032399018360167,0.00010845419778579256,289.44823696291496,0.0380859375
12340000,18,0.5743305845397889,0.011927633413331315,56.24029673884015,0.0006980601240143668,0.00010310343979021922,289.41099657539087,0.0380859375
12350000,18,0.5685810668088095,0.012094428738958685,55.6486649048423,0.0006985354252786304,0.00010354756076639289,289.4466551485237,0.0380859375
12360000,18,0.5750456257192708,0.01217311949201354,56.28725190446242,0.0007053007294980814,0.00011052020981530844,289.4315082291208,0.0380859375
12370000,18,0.5663402928747363,0.011423410389774584,55.491689825136596,0.000697979892152844,0.0001031726358489329,289.6138288465867,0.0390625
12380000,18,0.5665245688696806,0.011517823596516572,55.50067599639744,0.0006954351698452489,0.0001006333530079715,289.5896458736667,0.0380859375
12390000,18,0.5695683256901357,0.011670159370795132,55.78981800601759,0.0007004139171565915,0.00010550705285184666,289.48902224470623,0.0380859375
12400000,18,0.5690289689479079,0.011905692992016333,55.71232910569151,0.0006985781768262457,0.00010364375645919239,289.39610643051736,0.0380859375
12410000,18,0.5667832515967242,0.012254730426633094,55.4528532816319,0.0007030064006236338,0.00010818427416052693,289.54733509699867,0.0380859375
12420000,18,0.5682426776252502,0.011951403012134492,55.62912907000487,0.0006959007550835131,0.00010110391925631243,289.4022918571289,0.0390625
12430000,18,0.5706702874248091,0.011867620024315285,55.88026774142465,0.0006941008699451489,9.903446058324795e-05,289.4671246289783,0.0380859375
12440000,18,0.5727947343938883,0.011733225292618598,56.10615221970649,0.0006954838613798478,0.0001007219491494619,289.3991281818868,0.0380859375
12450000,18,0.5715836855480212,0.012275077547456437,55.930862120580215,0.0007044106133205376,0.00010942651004652812,289.45868574214524,0.0380859375
12460000,18,0.5681038463736855,0.011842044013485743,55.626181093892995,0.0006995746796790506,0.00010469909013835812,289.4715430631274,0.0380859375
12470000,18,0.5726145126264647,0.012083779535873381,56.053075132011145,0.0007029062214283084,0.00010793646035606003,289.45401152740783,0.0380859375
12480000,18,0.5686237202409129,0.011585693978269772,55.70380384010712,0.0006939229299263821,9.905792308820824e-05,289.29609790130445,0.0380859375
12490000,18,0.580550529939653,0.012468645685586633,56.808189408572936,0.0007048377950731271,0.000109687128154243,289.321746626948,0.0380859375
12500000,18,0.5664602162518265,0.012120895874078955,55.43393271568596,0.0007022957704718954,0.00010748355588059611,289.2993236170261,0.0380859375
12510000,18,0.5719443972990949,0.012107871484498317,55.983653743689196,0.0007019787818557735,0.00010708918772686146,289.34338156454425,0.0380859375
12520000,18,0.5744008003465869,0.012406117263597,56.19946958475631,0.0007053780648182265,0.00011051613848167365,289.39967123808674,0.0380859375
12530000,18,0.5706685913658599,0.011964981851308691,55.87036199356307,0.0007004609244736638,0.00010548365784262924,289.1318712021645,0.0380859375
12540000,18,0.5750394265159736,0.01185175347133146,56.318768925382614,0.0006993023200199652,0.00010434395076308721,289.2772569087123,0.0380859375
12550000,18,0.5683357575939922,0.012373877345146856,55.59618906119076,0.0007013283530354638,0.00010626534321317428,289.1462047295889,0.0380859375
12560000,18,0.5685722965793479,0.012045320252655504,55.65269894467105,0.0007019679679207081,0.00010717662739372784,289.06012868747916,0.0380859375
12570000,18,0.564872810757184,0.01204776103840749,55.28250640912729,0.0006983092812454655,0.00010344720308734416,289.0019451907641,0.0380859375
12580000,18,0.5662379800283565,0.012006753759432748,55.423124160349325,0.0006996304702895252,0.00010483390198670567,289.0159376450887,0.0380859375
12590000,18,0.5723441455436167,0.012018081076398486,56.032607575898055,0.0007053831424699877,0.00011038405647899251,288.85559456678493,0.0380859375
12600000,18,0.571320208763729,0.01182605107801343,55.94941708379545,0.0006981329752144081,0.00010299616447853144,289.2257687820092,0.0380859375
12610000,18,0.5658413257449344,0.011811551623116569,55.402978744074574,0.0007007522560968989,0.00010555720053836184,289.0770155208471,0.0380859375
12620000,18,0.5683640264326156,0.01181832699648495,55.654570930743645,0.0006964052999942262,0.00010131482529202558,289.0949115565726,0.0380859375
12630000,18,0.5718657746904175,0.01195915182486658,55.990663785084315,0.0007011593310163284,0.00010620181234599457,288.8969076315449,0.0380859375
12640000,18,0.5696441450168199,0.011885104691084739,55.77590541675217,0.0006976516662411193,0.00010265291395842478,289.060461243164,0.0380859375
12650000,18,0.5672000364947027,0.011937999808408888,55.526204985380616,0.0006990615573512458,0.00010416126312828711,288.9590611229502,0.0380859375
12660000,19,0.5691672294845799,0.01197300304720132,55.71942410078782,0.0006998057028946328,0.00010496014176835716,288.9809112491539,0.0390625
12670000,19,0.5665293484831943,0.011780201217701354,55.47491614579576,0.0006994046035682647,0.00010446337348808534,288.93186603836125,0.0380859375
12680000,19,0.568975160333473,0.012029038960843622,55.69461339366966,0.0007069615525932691,0.00011205665884070877,288.81567899781214,0.0380859375
12690000,19,0.5730916953040999,0.011833102098968533,56.125860685339674,0.0006992974339541862,0.00010437355640064454,288.95246834604893,0.0380859375
12700000,19,0.5691830649932742,0.012038936097505122,55.71441359077126,0.0007003682214494638,0.00010544715119203455,288.7224576156891,0.0380859375
12710000,19,0.5709436728341897,0.011839304938242333,55.91043765699387,0.0006944840424700939,9.94885263125986e-05,288.99170618967815,0.0380859375
12720000,19,0.572000206218658,0.012393718281749906,55.96064970059929,0.0007026875327529746,0.00010770982454223971,288.9455614418641,0.0380859375
12730000,19,0.5740430264589526,0.012353653564803937,56.16893841813795,0.0007029985634189034,0.00010812645404027238,288.9468453028881,0.0380859375
12740000,19,0.5739188942548604,0.012305884944283108,56.16130187233785,0.0007034978291657055,0.00010866908377621692,288.8393067046366,0.0380859375
12750000,19,0.5716456454921731,0.012116034118117033,55.952961928458166,0.0007006680842144902,0.00010581961648427526,288.8662673191971,0.0380859375
12760000,19,0.5681460695913716,0.01150578641558105,55.664029374878794,0.0006982215730417301,0.00010333184306586533,288.89321910090865,0.0380859375
12770000,19,0.5691547723646516,0.012005369810814064,55.71494153688859,0.0006988480800269675,0.00010394361603528698,289.0764849886004,0.0380859375
12780000,19,0.5665385498946444,0.012238422312251314,55.430013591865475,0.0007045390450114243,0.00010957726748924702,288.9346579162436,0.0380859375
12790000,19,0.5626524288582242,0.011701041195683933,55.095140119848885,0.0007022815745042308,0.00010723553704556953,288.9830826641321,0.0390625
12800000,19,0.5683521005804794,0.011984671821569063,55.63674418974271,0.0007000508886046783,0.00010498055509078864,288.97519534552947,0.0390625
12810000,19,0.5673379672542697,0.011758966903201632,55.557901111549285,0.0006963383391178824,0.00010141910638802064,288.92925555770825,0.0390625
12820000,19,0.5653698670689972,0.011963124194700202,55.34067589992581,0.0006948843605933015,9.994275653800433e-05,288.8153732937291,0.0400390625
12830000,19,0.570290716974677,0.011546024040708452,55.87447050932055,0.0006927955096436386,9.784094156483853e-05,288.8907885725455,0.0390625
12840000,19,0.5663922159121699,0.011688266452752087,55.470395819397034,0.0006989396635206054,0.00010393049193383894,288.95975574535777,0.0390625
12850000,19,0.568214691855621,0.011735052188497505,55.64796509363627,0.0006946992396260138,9.965557118550679e-05,288.9422066840809,0.0390625
12860000,19,0.5672096973924419,0.0120645369737362,55.514517200081784,0.0006974988505969178,0.00010252202088082008,288.9324306784788,0.0390625
12870000,19,0.5712846352002117,0.011711197483481232,55.95734522730862,0.0006959155747016016,0.00010088568319420025,288.8696284734193,0.0390625
12880000,19,0.5667198513802697,0.01209464876849778,55.46252169691897,0.0007055260217637878,0.00011060906295708186,288.93782762983034,0.0390625
12890000,19,0.5682333877920199,0.011509347433056746,55.6724054203539,0.0006941848103625831,9.939128632073742e-05,288.89251636971284,0.0400390625
12900000,19,0.5688750603249267,0.011656112624886746,55.72189555050285,0.0006969837867198893,0.00010195381973014561,289.0224527433207,0.0390625
12910000,19,0.5680253028360788,0.011570298323012812,55.64550185364698,0.0006971435385626788,0.00010236261227978675,288.90807887814543,0.0390625
12920000,19,0.5693010141259073,0.011943585087312312,55.73574413306373,0.0006996720950645949,0.00010487794333723869,288.90210408666894,0.0390625
12930000,19,0.567096286648552,0.011637608219749934,55.54586872179616,0.0006987027347348334,0.00010383993782257644,288.9281553857995,0.0390625
12940000,19,0.5707131010648016,0.01201033970132701,55.870277076026724,0.0006962286355051636,0.00010137682904260768,288.7583128120022,0.0390625
12950000,19,0.5711637012514362,0.011739830172532283,55.94238856598283,0.0006987534585988994,0.00010385289593064615,288.79047835120247,0.0390625
12960000,19,0.5706710743221768,0.011973303713653752,55.86977817704692,0.0006952940161427287,0.00010033886804710486,288.8914871590344,0.0390625
12970000,19,0.5713993854442192,0.01200515119302982,55.93942495366416,0.000702209919714877,0.00010725495931834071,288.9343722621217,0.0390625
12980000,19,0.565276335676662,0.011481666200025737,55.37946777285639,0.0006955660678071375,0.00010072761915347758,288.80408801015164,0.0390625
12990000,19,0.5681706852370044,0.01205023223619111,55.61204626806184,0.0007031609797178147,0.000108240083639523,288.9476317512738,0.0390625
13000000,19,0.5683888307006845,0.011814372117754497,55.65744687976598,0.0006978368392831686,0.00010275196907438728,289.1046771094337,0.0390625
13010000,19,0.568613397484636,0.011763460983110215,55.68499454382287,0.000696331215630103,0.00010126842052072269,288.94882955749125,0.0390625
13020000,19,0.5642981743263654,0.011691502818148286,55.26066818340456,0.0006964087838256279,0.00010127874157946587,289.0274838010826,0.0390625
13030000,19,0.5703425775389728,0.012355374574672454,55.798721356174106,0.0007058189375542274,0.00011112502553427607,288.80359167697895,0.0390625
13040000,19,0.5618016364907163,0.011812408273447145,54.99892370171249,0.0006971047182717702,0.00010198051953900102,289.05979824633806,0.0390625
13050000,19,0.565309856284747,0.011877273682144,55.34325996606206,0.0007031711571508502,0.00010831182317090522,289.0205634673617,0.0390625
13060000,19,0.5712826619253886,0.011858915100264086,55.942376376100235,0.0006972055849211783,0.00010214465586215859,288.99923792511925,0.0390625
13070000,19,0.5692853801401796,0.011664918521330735,55.76204723997187,0.0007006873298034148,0.00010596199628091315,288.7832013556808,0.0390625
13080000,19,0.5692809561382287,0.012013720261989993,55.72672474962887,0.0007005056578981846,0.00010555774749572456,288.7590477599832,0.0390625
13090000,19,0.5643635643495002,0.01186312315547782,55.25004567974896,0.0007002920400006364,0.00010539000215330151,288.9378542144817,0.0390625
13100000,19,0.5630263369058556,0.011630679404277436,55.13956673354566,0.0006961488934614851,0.00010116440866681726,288.864655542819,0.0390625
13110000,19,0.5724649134492305,0.011852361156923437,56.0612561037833,0.00069619963424987,0.00010121037295334215,289.106499252158,0.0390625
13120000,19,0.568504017127296,0.011649779626830455,55.68542482969776,0.0006947480910287477,9.984127130994315e-05,288.96067127922583,0.0390625
13130000,19,0.5679276454368787,0.011715043556531628,55.62126132278915,0.0006988260306863298,0.00010386467470690824,288.8908933699429,0.0390625
13140000,19,0.5704586482082412,0.012081136682464657,55.83775220810924,0.0007000663416565294,0.00010516109460374955,289.06226860660473,0.0390625
13150000,19,0.5716964425135457,0.012354049846925475,55.93424079161409,0.0006996519433709966,0.00010454648675308445,288.9034966244818,0.0390625
13160000,19,0.5642298055290788,0.011674506289127652,55.2555315722785,0.0006995670239362251,0.00010448948581605487,289.06913063684897,0.0390625
13170000,19,0.5639634529871038,0.01163035202643328,55.23331108567265,0.0006982150697257877,0.00010334093522483217,288.80453117840784,0.0390625
13180000,19,0.574523098904398,0.011779446037564483,56.27436652645125,0.0006955960484278175,0.00010062132155693201,288.9688029785338,0.0390625
13190000,19,0.5676396939795463,0.011837506726755152,55.58021988797306,0.0007000955555712144,0.00010537639880575161,288.64249549622144,0.0390625
13200000,19,0.5667317928750002,0.011897601432059639,55.48342030621006,0.0007006384259222547,0.0001055833904275678,289.03261573361664,0.0390625
13210000,19,0.5693932587497591,0.012121313722181715,55.72719555917413,0.0007025951146746648,0.00010757086943136673,288.9407814374519,0.0390625
13220000,19,0.5697988837323072,0.011536231404198715,55.82626654365692,0.00069363192038433,9.860456001034277e-05,288.9763169179705,0.0390625
13230000,19,0.5670530039681658,0.011846754036482063,55.52062594228071,0.0007000092339625056,0.00010500444178275767,289.01190294890563,0.0390625
13240000,19,0.5686717115636101,0.011783729216575419,55.688799755594836,0.0006968572029918476,0.00010189747768900607,288.79958577600524,0.0390625
13250000,19,0.5702367855926491,0.01183940928017779,55.83973896137442,0.0006962472720407649,0.000101337335713124,288.78283235099525,0.0390625
13260000,19,0.5704377938868949,0.012011044954910089,55.84267593639523,0.0006970237404437093,0.00010195584613860331,288.8894953368271,0.0390625
13270000,19,0.5675087845652743,0.011661962732939724,55.584683421182966,0.0006975203324467082,0.00010266381989351916,288.8216967289497,0.0390625
13280000,19,0.5707701928064977,0.011862492552334306,55.89077145798544,0.0006987374138558231,0.00010401086785161973,288.87484520362904,0.0390625
13290000,19,0.5678223135088244,0.011839458429984719,55.598286692307006,0.000699560651221154,0.00010459731435460776,288.8871952901232,0.0390625
13300000,19,0.56827081329237,0.011789429649541546,55.648139811836906,0.0006979659648179236,0.0001028246825648288,288.94257023805994,0.0390625
13310000,19,0.571014838274985,0.011720597880329137,55.92942531389509,0.0006956675986811023,0.00010081934385678118,288.7717768075472,0.0390625
13320000,19,0.5639582953470713,0.011884445300008447,55.20738660680815,0.0007061383832472671,0.0001111060572492819,288.96632874452547,0.0400390625
13330000,19,0.5708865313393205,0.011930914085267386,55.89556296878589,0.000702251570732659,0.00010743584177356912,288.9052482547757,0.0390625
13340000,19,0.5645443523283402,0.011943381052075385,55.26009830425315,0.0006966418910416323,0.00010158171451394319,288.86145275658254,0.0390625
13350000,19,0.5706984494365221,0.011930224561588307,55.87682465976752,0.0006948336336023562,9.985648736859512e-05,288.84462836912405,0.0390625
13360000,19,0.5679905967689943,0.011801831937113417,55.61887778394519,0.0006959791953270021,0.00010109390510431931,288.84340627828936,0.0390625
13370000,20,0.5712227366539988,0.012400312047454953,55.88224367381931,0.0007078274735945829,0.00011263628285097966,289.0239021875616,0.0390625
13380000,20,0.5682523483627928,0.011749605728111482,55.6502754964417,0.0006977873158253728,0.00010284560525932009,288.7368771537004,0.0390625
13390000,20,0.5662988776898555,0.011368890901928814,55.49299978058747,0.000692892088240562,9.787539850314598e-05,288.9230831949127,0.0390625
13400000,20,0.5665972477113871,0.011526781105501862,55.507047613943286,0.000697910648660736,0.0001030019289942761,288.7936813161465,0.0390625
13410000,20,0.5682976978576628,0.01167936576249652,55.661834372632825,0.000695572501076508,0.00010069037807943123,288.82001970786376,0.0390625
13420000,20,0.5656227424713827,0.011594023375468289,55.402873162290064,0.0006961543744776205,0.00010104705490448177,288.973582262023,0.0390625
13430000,20,0.5709173562272639,0.011864189180405866,55.90531817498705,0.0007073145956098692,0.00011235510068892,288.8828703924204,0.0390625
13440000,20,0.5668371291538554,0.011703509543158751,55.51336296860513,0.0006971687889024014,0.00010217117610187526,288.7592035623691,0.0390625
13450000,20,0.5668389325313812,0.011493176230710273,55.534577114328975,0.0006948001520991405,0.00010000769604992163,288.78826291684055,0.0390625
13460000,20,0.5690294797787545,0.011692613204269772,55.733687815522345,0.000698935458017488,0.00010391235589629871,288.89607225452124,0.0390625
13470000,20,0.570516893821469,0.012107898723471401,55.84090076629575,0.0007029725373646143,0.00010800624406987639,288.84070478216046,0.0400390625
13480000,20,0.5673431030982938,0.012040309983286398,55.530280594139214,0.000697945474843708,0.00010270032985616455,288.75703007439944,0.0390625
13490000,20,0.5709040300602745,0.012212576378445156,55.86914639834593,0.0006992035195441274,0.00010407695311736193,288.88407265978793,0.0400390625
13500000,20,0.5663887291519387,0.011463206047282067,55.492553441082805,0.000695674940005836,0.00010060030846579112,288.98126534211116,0.0390625
13510000,20,0.5689792538647629,0.012115278813757808,55.68639876929358,0.000700995458303214,0.00010593159909354285,288.8784747134736,0.0400390625
13520000,20,0.5719945422847076,0.011741900359277217,56.02526545470624,0.000695251527190389,0.00010023714623721871,288.85991248173605,0.0400390625
13530000,20,0.5659824452116542,0.01167517257667611,55.43072852693178,0.0006963298878387346,0.00010136022373079296,288.8255165942291,0.0400390625
13540000,20,0.5630126478352931,0.012121024630570347,55.089163454845945,0.0007000084011862598,0.0001050862896904438,288.78362618913826,0.0400390625
13550000,20,0.5759501708067599,0.011951877622256298,56.39983096306816,0.000696208545643933,0.00010115716795711198,288.64673185793123,0.0400390625
13560000,20,0.5679876776764825,0.011835630678367282,55.61520601199209,0.0006993069422511153,0.00010427139306930606,288.75884694762743,0.0400390625
13570000,20,0.567123515758306,0.01187407361166515,55.52494557179176,0.0006967664340801541,0.00010181183401417218,288.74219863702723,0.0400390625
13580000,20,0.5689795210275626,0.011687441048598049,55.72920940589682,0.0006964766730344454,0.00010157358733051637,288.78851175835365,0.0400390625
13590000,20,0.5728198466840624,0.01177160037104155,56.10482578463784,0.0007020000005084503,0.00010691182966613832,288.9252987655761,0.0400390625
13600000,20,0.5707653170506525,0.011831250106731899,55.89340798740737,0.0006980522195619421,0.00010316911980338632,288.6461704660773,0.0400390625
13610000,20,0.5698701316592398,0.011582691388017742,55.82874507790917,0.0006929279157767825,9.799705923784441e-05,288.70864916886455,0.0400390625
13620000,20,0.5673749427806368,0.011700368040909289,55.567458592405735,0.0007008692741430708,0.00010610964235044956,288.7483678890678,0.0400390625
13630000,20,0.5629047184761053,0.011652519529778986,55.125220993310926,0.0006995755188677505,0.00010452665796737123,288.74216953254256,0.0400390625
13640000,20,0.570131416662132,0.012114642587763185,55.8016785894786,0.0007025847158139714,0.00010762182182937923,288.72972415316514,0.0400390625
13650000,20,0.564637144744319,0.011669857525562868,55.296729588028214,0.0006952528721888894,0.00010027445027789152,288.8215618302912,0.0400390625
13660000,20,0.5725196490691229,0.011921835042207733,56.05978248291222,0.0007011712603932177,0.00010626192895382534,288.52156471735685,0.0400390625
13670000,20,0.5730737213668728,0.011709062146956174,56.13646724885098,0.000695819000890875,0.00010081863284144985,288.7703294383273,0.0400390625
13680000,20,0.5756529992066427,0.01193931209307811,56.37136974923167,0.0006998133940616139,0.00010506994650798502,288.65841863370406,0.0400390625
13690000,20,0.5675707357745923,0.011863517160348142,55.57072303244659,0.0007021800633073757,0.0001072715115221607,288.69724962277184,0.0400390625
13700000,20,0.5674829872941171,0.012228442725548202,55.525455400964695,0.0007018380606417922,0.00010671991979346988,288.7948456903864,0.0400390625
13710000,20,0.5715675222951272,0.011876121828208587,55.96914153056679,0.0006933606937197973,9.817537100594305e-05,288.8193307182045,0.0400390625
13720000,20,0.5689788855367013,0.011905982332054145,55.70729137524153,0.0007010589945285791,0.00010628315289332007,288.71263272378235,0.0400390625
13730000,20,0.5701223184334734,0.011829138297275192,55.82931924837484,0.0006990507206282037,0.00010416588588631555,288.58037318330435,0.0400390625
13740000,20,0.5729568331643969,0.011993247630479743,56.096360003031585,0.0006937655924602514,9.864232860524422e-05,288.9076908135817,0.0400390625
13750000,20,0.5687800792812742,0.011845822604275693,55.6934268356783,0.0006965509577653899,0.00010167546656265363,288.7539619620792,0.0400390625
13760000,20,0.5696049004687884,0.011794321142099346,55.78105889866561,0.0007013961388056681,0.00010643525337452914,288.70272042250895,0.0400390625
13770000,20,0.5732327652966863,0.01267653412360225,56.055624506599365,0.0007088548869255379,0.00011384502648666116,288.6969057573471,0.0400390625
13780000,20,0.5692394034907041,0.012027658262669518,55.72117544325958,0.0007035643898469445,0.00010869135152982056,288.84907919645735,0.0400390625
13790000,20,0.5672924042097987,0.01192397974391511,55.536843359088444,0.0007023789532771285,0.00010741353623184739,288.66223363430237,0.0400390625
13800000,20,0.5661537144206081,0.012132746722122657,55.40209790564171,0.0006958767835034182,0.00010077648421329535,288.7416486433994,0.0400390625
13810000,20,0.5697393494678413,0.011461020282576045,55.827834507730856,0.0006958694066751942,0.0001008827149518303,288.93432477392986,0.0400390625
13820000,20,0.5673642856836386,0.011842266881902992,55.55220274266055,0.0006937845511892194,9.854805060646683e-05,288.7884812553243,0.0400390625
13830000,20,0.5624846354058071,0.011772465900499303,55.07121788853682,0.0007011445522157332,0.00010619982624692841,288.67451455852887,0.0400390625
13840000,20,0.5634003645028233,0.011922995169364375,55.14773813468709,0.0007009925322774332,0.00010604066888306257,288.77543974680356,0.0400390625
13850000,20,0.5680139945611559,0.011669180652759147,55.634482800514824,0.0006985334381270383,0.00010390634855667895,288.7339506032328,0.0400390625
13860000,20,0.5705425309630374,0.011813401452318554,55.87291402335363,0.000695312034612062,0.00010042119149548911,288.71141874149663,0.0400390625
13870000,20,0.5681269099609851,0.012248035110387377,55.58788895500532,0.0006985398131404832,0.00010349561595501372,288.8089169460411,0.0400390625
13880000,20,0.5706288358900564,0.011755049373129246,55.887380278987166,0.0006945200512209776,9.939512032802063e-05,288.8446107981164,0.0400390625
13890000,20,0.5719956471482068,0.01177398197734047,56.02216810310686,0.0006990033599219869,0.00010408802678068597,288.6639357027818,0.0400390625
13900000,20,0.56893510838144,0.01161326900666524,55.732185280783,0.0006959827522266577,0.00010095468278768229,288.92429429416256,0.0400390625
13910000,20,0.5717818666168004,0.011818793695095326,55.99630828178169,0.0006951564899462877,0.00010016064174889125,288.7906901552641,0.0400390625
13920000,20,0.56432814701178,0.012019188933793477,55.2308971953356,0.0007011366844485155,0.00010613879928217703,288.8555102233664,0.0400390625
13930000,20,0.5685087459987405,0.0115521231480131,55.69566330846136,0.0006932355326279618,9.806694374778976e-05,289.02990473111737,0.0400390625
13940000,20,0.5726757238940664,0.012110904142440279,56.056483089464834,0.0007030516505275253,0.00010787613258636377,288.7914015873812,0.0400390625
13950000,20,0.5662629005314848,0.011847563775932143,55.44153460878828,0.0007062523282745974,0.0001114116887394733,288.7125966769748,0.0400390625
13960000,20,0.5699930753553042,0.011992871858284479,55.80002123740063,0.0007043711651546264,0.00010929455397118498,288.729278778091,0.0400390625
13970000,20,0.5665926829850277,0.011939876167761598,55.46528195858296,0.0007073002237552081,0.00011253601244370813,288.65159877478413,0.0400390625
13980000,20,0.5627142100750234,0.011434790129688772,55.12794280072908,0.0006955251828258131,0.00010042313313218371,288.61539372291577,0.0400390625
13990000,20,0.5670086680058258,0.011924325628943267,55.5084356955482,0.0007022923649613298,0.00010739923472440673,288.6606868268391,0.0400390625
14000000,20,0.5657413585802435,0.012072667986161755,55.36687094848123,0.0006999138002042542,0.0001049928445727296,288.75869668410274,0.0400390625
14010000,20,0.5690803292978809,0.01210447188086727,55.69758731132247,0.0007003098802897187,0.00010511680111519849,288.68934090432305,0.0400390625
14020000,20,0.5674160857632221,0.012131974751804425,55.52841241171445,0.0006978644072234637,0.00010292884683468883,288.5397240613051,0.0400390625
14030000,20,0.5665352427578022,0.011989309676112234,55.45459496684619,0.0006991246147393915,0.00010386607081493649,288.68795823677465,0.0400390625
14040000,20,0.5738001152254405,0.012224110592407323,56.15760129102525,0.0006979792000632571,0.00010295493931463268,288.593569368708,0.0400390625
14050000,20,0.5683699265422799,0.011709952955400426,55.665998645817,0.0007035605143061838,0.00010869162416790007,288.7926071424995,0.0400390625
14060000,20,0.5669247450486454,0.011751084865317339,55.517367144662714,0.0006986924869494676,0.00010383423231357208,288.7167905971677,0.0400390625
14070000,21,0.5679203505056655,0.011583219610446498,55.633714381920996,0.0006969254506635573,0.00010223308106437068,288.75018120239594,0.0400390625
14080000,21,0.5650299911024446,0.011373823651618951,55.36561807499579,0.0006966222534759457,0.00010193257451385771,288.5119087408739,0.0400390625
14090000,21,0.5696663028271911,0.01193239259100391,55.773391615115976,0.0007000254316689992,0.00010516060876830932,288.50223343300553,0.0400390625
14100000,21,0.5673667517235503,0.011813491015524454,55.55532713846487,0.0006968074194288125,0.00010177989459136141,288.5721892637839,0.0400390625
14110000,21,0.5703734990666298,0.012289638695622919,55.80838736418236,0.000702954248315503,0.00010808523293002155,288.61446652103604,0.0400390625
14120000,21,0.5679242284516791,0.01188603740052174,55.60382016254879,0.0006967583386001472,0.00010173641366204077,288.672369681792,0.0400390625
14130000,21,0.5678312636948241,0.012298882164207272,55.55323950837617,0.000705861524386343,0.00011068966033852957,288.6374939532512,0.041015625
14140000,21,0.5633919508962488,0.011713684684149243,55.16782763832748,0.0006998357455178691,0.00010508791065535319,288.46982148469664,0.0400390625
14150000,21,0.5698085261663292,0.01173705265986389,55.80714875193617,0.0007044634734204734,0.00010950101574212774,288.58613932467506,0.0400390625
14160000,21,0.5643762684915545,0.01160999162650667,55.276628759726364,0.0006962041995691938,0.00010127400631600476,288.5497608508168,0.0400390625
14170000,21,0.5719464806285356,0.011992869978753706,55.99536194487889,0.0006976108326982748,0.00010290916240555068,288.53613533018694,0.0400390625
14180000,21,0.5718912142120732,0.011802126185755804,56.008910456890696,0.000697940197207849,0.00010272860042701092,288.70343383305664,0.0400390625
14190000,21,0.5721330896414106,0.012041038387124175,56.00920607662696,0.0007005242737681628,0.00010546546181417662,288.6204979046479,0.0400390625
14200000,21,0.5702119674364277,0.011818373541154469,55.83936054133397,0.0006949219976036932,9.975735003216994e-05,288.68576987845984,0.0400390625
14210000,21,0.5625154268125406,0.011862729359955521,55.06527080062523,0.0006967748398831038,0.00010187033624011215,288.70658219238635,0.0400390625
14220000,21,0.5702801819800066,0.011917201624629677,55.83629925106932,0.0006964625867530379,0.0001012828854462282,288.5131220448572,0.0400390625
14230000,21,0.5684789660025621,0.0117611135251523,55.67178644567487,0.0006969597428265189,0.00010204577808263907,288.5025644123209,0.0400390625
14240000,21,0.5644171981885658,0.012154549431032185,55.22626586622167,0.0007009530896290128,0.00010614709606678797,288.3593486778784,0.0400390625
14250000,21,0.5680443629684442,0.011545784943010059,55.64985908452501,0.0006985498153944452,0.00010353970448169622,288.4692467985178,0.0400390625
14260000,21,0.5680328464345206,0.012262997383474796,55.57698603669356,0.0007006782504607684,0.00010569496430822508,288.6220696726672,0.0400390625
14270000,21,0.5696293209290111,0.011976223011962493,55.76531159100019,0.0007029101514855224,0.00010805172656308041,288.34654659579564,0.0400390625
14280000,21,0.5775167288483806,0.01261761473694399,56.48991270019493,0.000707419079879384,0.00011255514801850881,288.4631741924053,0.0400390625
14290000,21,0.5679259309050343,0.011871616302075515,55.605432241340054,0.0006994062200330341,0.00010458234618006252,288.49546070272277,0.0400390625
14300000,21,0.5696573768860222,0.01170502448193194,55.79523684337145,0.0006972954405644161,0.00010225159496015629,288.5636662572255,0.0400390625
14310000,21,0.5683896559692241,0.011839507349164807,55.65501606693051,0.0006976618125074341,0.00010265512159203657,288.4282801697297,0.0400390625
14320000,21,0.5670548652914562,0.011816010694725262,55.52388676712228,0.0006981689391648109,0.00010316669125247778,288.486775133756,0.0400390625
14330000,21,0.5712436750423824,0.012186713892501103,55.90569755410524,0.0007001053121275794,0.00010519881728085625,288.4770472493724,0.0400390625
14340000,21,0.5690407831640744,0.011747074925756199,55.72937208382103,0.0007018445647057844,0.0001069550378272365,288.3091748222174,0.0400390625
14350000,21,0.5663959771040619,0.011993513593679483,55.44024749050715,0.0006989150711401939,0.00010425130675702769,288.35806341711213,0.0400390625
14360000,21,0.5660054506504532,0.01176142851611011,55.42440393604132,0.000698028643544727,0.00010305259427069453,288.50696076912726,0.0400390625
14370000,21,0.5692087940615619,0.011939059640549473,55.72697432659177,0.000698455627773406,0.00010322052896117548,288.59651002002624,0.0400390625
14380000,21,0.5725723761328922,0.012287427320313621,56.02849580296203,0.0007001543606979676,0.00010493385914867857,288.4935531358465,0.0400390625
14390000,21,0.572722276731021,0.011878259308285842,56.084402996152555,0.0006951541801824467,0.00010024627310430569,288.5763926924963,0.0400390625
14400000,21,0.5690278393619985,0.011935028903267302,55.709281966281594,0.0006996288441530226,0.00010469982411219211,288.6395892211695,0.0400390625
14410000,21,0.5721869067822448,0.01196505286776231,56.02218610403458,0.0007021865941829377,0.00010713095234480206,288.5332393740976,0.0400390625
14420000,21,0.5704513035047821,0.01208443492171819,55.83668794218554,0.0006992477274911413,0.00010444466999071467,288.4772715812895,0.0400390625
14430000,21,0.5697854769594203,0.011904186629506654,55.78813003675694,0.0006992993175243101,0.00010443859775894096,288.38948526700875,0.0400390625
14440000,21,0.5685037449381435,0.011540382539448274,55.696337329954034,0.0006944355620462722,9.95516439427097e-05,288.66341472370607,0.0400390625
14450000,21,0.5660909247082837,0.011633304603922659,55.445763330042084,0.0006958702379208719,0.00010101252644334936,288.5066651564925,0.0400390625
14460000,21,0.5737593077632124,0.012318436161285123,56.14408818814802,0.000702465553954007,0.00010745710681590048,288.46130064080666,0.0400390625
14470000,21,0.5640915867401356,0.011602337720105266,55.24892573635926,0.0007008086190691274,0.00010627033046649069,288.4190892553132,0.0400390625
14480000,21,0.5737496938577653,0.011838151725155474,56.191155305089836,0.00069560868630578,0.00010048839378431865,288.7177531218026,0.0400390625
14490000,21,0.5722026398796842,0.011764282377301571,56.04383702253521,0.000696746387179477,0.00010179293794533374,288.6576813877074,0.0400390625
14500000,21,0.5696624671222588,0.01166590909032855,55.799656783724814,0.0006937315536610123,9.859341378726014e-05,288.42638377337965,0.0400390625
14510000,21,0.5739778117805785,0.01196015855415794,56.20176667750254,0.0006998750966893048,0.00010505373678592785,288.3705820550177,0.0400390625
14520000,21,0.5705042630902312,0.011794286870477028,55.87099873233908,0.0007010781973262644,0.0001062800071445956,288.2766605530625,0.0400390625
14530000,21,0.5675620049185447,0.012088529938862403,55.54734888869689,0.0007007399811074631,0.00010598839123944324,288.50893249599596,0.0400390625
14540000,21,0.5662362412610951,0.01185301240118036,55.43832384998561,0.0006945671425109588,9.950860772700937e-05,288.5419730166848,0.0400390625
14550000,21,0.5690586779787344,0.011738305956894863,55.732038677529225,0.0006999524632380718,0.00010508178072163107,288.48084792153975,0.0400390625
14560000,21,0.5681902358098787,0.011831266684059547,55.635898611956776,0.0006967774495733943,0.0001017974698937931,288.44825593015037,0.0400390625
14570000,21,0.569871317115971,0.011740521291508406,55.813080872121986,0.0006976698834125118,0.00010279788925301768,288.5644800998986,0.0400390625
14580000,21,0.5729505071814575,0.012081900747924975,56.08686203090542,0.0007004604410821405,0.00010537968176461298,288.4847231627213,0.0400390625
14590000,21,0.5650882602879589,0.011631954744122317,55.34563132098784,0.0007048679745298988,0.00011015687609075325,288.6070091256182,0.0400390625
14600000,21,0.5709529282228546,0.011801379726242362,55.91515585460402,0.0007006337174400302,0.00010615498054076122,288.40276295821104,0.0400390625
14610000,21,0.5698709917005393,0.01183600226087534,55.80350032036231,0.0006969280681850942,0.00010182161170020721,288.73361895122093,0.0400390625
14620000,21,0.5696413950272842,0.011780877263760071,55.786053283924886,0.0006964770655748537,0.00010153975516082424,288.58913588889544,0.0400390625
14630000,21,0.571047748719858,0.011486694460260533,55.95610668822191,0.0006939213536625123,9.914721231147925e-05,288.42386434790404,0.0400390625
14640000,21,0.5648944421671324,0.011606986177282867,55.32874644695913,0.0006988770599936937,0.00010378776921800442,288.5623155765996,0.0400390625
14650000,21,0.5661467972652199,0.012006457712888607,55.41403538493393,0.0007001318082236463,0.00010520029173565105,288.48861345426326,0.0400390625
14660000,21,0.5707422437734554,0.011649305779545004,55.90929497295109,0.0007032565740876599,0.0001084862812827792,288.4268247331775,0.0400390625
14670000,21,0.5662998317296204,0.011820323387506956,55.447952065674855,0.0006971215683885566,0.00010214589675825459,288.4349201619407,0.0400390625
14680000,21,0.5718919898898372,0.011768087001424416,56.01239142506871,0.0006991345768678588,0.00010423671032170952,288.4662516308236,0.0400390625
14690000,21,0.5700523382307843,0.011953045136764784,55.80993073443491,0.0007003257014743965,0.00010548358036416495,288.4420274293873,0.0400390625
14700000,21,0.5699697830678253,0.012181090830662605,55.77887039479386,0.0006998775026836513,0.00010495873588326488,288.4403449138399,0.0400390625
14710000,21,0.5734483224130915,0.011847355882797719,56.16009795658849,0.0006999844788112703,0.00010495028561188453,288.7259263641945,0.0400390625
14720000,21,0.5773012722035452,0.012769589281514402,56.45316949081713,0.0007112304704517101,0.00011631687735527737,288.52622190154466,0.0400390625
14730000,21,0.5699943804183064,0.011762304700815279,55.823208733847515,0.0006980264220722835,0.0001032318798403038,288.4749907249958,0.0400390625
14740000,21,0.566751638381374,0.011804239045250048,55.49474130174553,0.0007080401428410537,0.00011302047463200447,288.4314787162198,0.0400390625
14750000,21,0.5723621368947527,0.012281725691705683,56.008042435444914,0.0007062824368644415,0.00011148272095623217,288.51959474655655,0.0400390625
14760000,21,0.5703923315313434,0.011881448590986872,55.85108958409436,0.0006999016988115736,0.00010496702064455761,288.5460058629109,0.0400390625
14770000,22,0.5721625396066176,0.012182147163044854,55.998040374682354,0.00070080945015526,0.0001059727593664973,288.4283933923255,0.0400390625
14780000,22,0.5730914954059098,0.012537226717396979,56.05542835196383,0.0007106503543097774,0.00011539300698645713,288.6766973733721,0.0400390625
14790000,22,0.5728533075120762,0.012009137576606769,56.084418181785594,0.0006946434403722416,9.929154635029973e-05,288.52901130196403,0.0400390625
14800000,22,0.5706298381941528,0.011930739703974468,55.86991090839734,0.0006999249331400732,0.00010499398273026621,288.5510547594999,0.0400390625
14810000,22,0.5740751080016452,0.012094462149537553,56.198065477868035,0.00070215616760728,0.00010725963808208119,288.56505848040473,0.0400390625
14820000,22,0.5679467691715226,0.012054942793405642,55.58918380039195,0.0007055836230258584,0.00011077672809797973,288.27488094313105,0.0400390625
14830000,22,0.573591676230013,0.01188995658787319,56.17017340453326,0.0007010254075568638,0.00010612952294706289,288.409250170089,0.0400390625
14840000,22,0.5704728242690131,0.01188559117339989,55.858723966650636,0.0006954922390655882,0.00010055126634266463,288.31373824694225,0.0400390625
14850000,22,0.5678949984962806,0.011784071093745775,55.611093847179156,0.0006975435371655812,0.00010239141064442775,288.6328654254055,0.0400390625
14860000,22,0.5707525137148783,0.011913714740490657,55.88388100312506,0.0006958974209534381,0.00010080415153023349,288.42688308216225,0.0400390625
14870000,22,0.5673161747980697,0.011893229583467389,55.54229531989658,0.0006979061154689322,0.00010303805069495373,288.17508922157896,0.0400390625
14880000,22,0.5708215922782722,0.012016669966340092,55.88049358621828,0.0007039358867082678,0.00010889824683168759,288.4684234955957,0.0400390625
14890000,22,0.5684300708536453,0.011732533943041698,55.669754817796424,0.0006954164964025211,0.000100482535268954,288.5474486366619,0.0400390625
14900000,22,0.5712123615290824,0.012042365121799452,55.91700096519323,0.0006965417837299933,0.00010149084801329194,288.58261894042187,0.0400390625
14910000,22,0.569393130799567,0.011586363994935822,55.780677893271,0.0006922110035705151,9.72632256867238e-05,288.4212642271815,0.0400390625
14920000,22,0.5647237794850293,0.011756142386570967,55.296765333076955,0.0006946010412875203,9.945578028566861e-05,288.5883907563985,0.0400390625
14930000,22,0.5671462896070523,0.011590718643693602,55.555558106110155,0.000697557841818573,0.00010265781662722097,288.48662131493626,0.0400390625
14940000,22,0.5660108678278531,0.012010806194041069,55.400007571566945,0.0007000881386413075,0.00010532336191445955,288.32992914984743,0.0400390625
14950000,22,0.5750525877005273,0.011931577314478867,56.31210225250163,0.0006962943536846039,0.00010143571865450375,288.4125874471478,0.0400390625
14960000,22,0.5665537915772378,0.011778359430251406,55.477544338335775,0.0007001159162324889,0.00010525390727777796,288.36687252888987,0.0400390625
14970000,22,0.5703928617306759,0.012570036412049719,55.78228382806318,0.0007026405802728935,0.00010755006624599496,288.3505407826322,0.0400390625
14980000,22,0.5683286070515003,0.011686682525300687,55.66419346135148,0.0006953289166509832,0.00010030445095879822,288.4228760515331,0.0400390625
14990000,22,0.5667367282425093,0.011726724713248062,55.50100159618727,0.0006963485206962976,0.00010141335390586193,288.6566894838082,0.0400390625
15000000,22,0.5708869086971138,0.012268209510547428,55.86187150769058,0.0007013944272007799,0.00010633929833957056,288.48584838596565,0.0400390625
15010000,22,0.5711313731554775,0.012433117644307101,55.869827263002975,0.0007031333103524568,0.00010828434486560276,288.3168671839832,0.0400390625
15020000,22,0.5698290048441625,0.011941345461325008,55.78876724536965,0.0006972472390532906,0.00010241981168662778,288.25686258053076,0.0400390625
15030000,22,0.565628682598812,0.01177380518905698,55.385488546446624,0.0006967892825597058,0.0001018392870857936,288.66663792004675,0.0400390625
15040000,22,0.5685238578956652,0.012088564825982641,55.64353065729064,0.0006964484584193458,0.00010140225569244831,288.36128494618407,0.0400390625
15050000,22,0.5700567312700408,0.012135685875800184,55.792105717944814,0.0006993475492478114,0.00010427581635475123,288.47997375184593,0.0400390625
15060000,22,0.5749222804304422,0.011957002887853195,56.29652930625561,0.0006957353253569016,0.0001007992448076835,288.48925175697764,0.0400390625
15070000,22,0.5662134535838752,0.011553128768078992,55.466033969449924,0.0006967388886543407,0.0001017876414376104,288.5643110509811,0.0400390625
15080000,22,0.5693393021612092,0.011714970815472413,55.76243417241309,0.0006928873958937192,9.778403792304749e-05,288.5666304265059,0.0400390625
15090000,22,0.571791942286742,0.012268181928234423,55.95237681971843,0.0007031782306922119,0.00010847739545405648,288.55308050848345,0.0400390625
15100000,22,0.5672327415861796,0.011779168301522782,55.545358717615265,0.0006951961165958295,0.00010028136710205283,288.4718508842594,0.0400390625
15110000,22,0.5733018831961184,0.012324397329019748,56.09774983265054,0.0006991402869776793,0.00010411060047047193,288.638910324929,0.0400390625
15120000,22,0.5651273464110372,0.011601501761349406,55.3525857220807,0.0006929761927799847,9.784297795229029e-05,288.5086540506715,0.0400390625
15130000,22,0.5705234286935661,0.012118910702848722,55.84045296391181,0.0006969324888367949,0.00010190270139123963,288.34291857411756,0.0400390625
15140000,22,0.5674245187310585,0.012157012358471475,55.52675174415781,0.0006962417708853295,0.00010111808704153989,288.5150674600831,0.0400390625
15150000,22,0.567831900684031,0.011854282139296818,55.59776312701795,0.0007019362046971209,0.00010727270752143978,288.41993535511784,0.0400390625
15160000,22,0.5724250458810006,0.011502727102382574,56.092233006161,0.0006967005676106617,0.0001018620878476641,288.4144259007061,0.0400390625
15170000,22,0.5658779973872294,0.011644406598933506,55.42336083332032,0.0006978266447619235,0.00010313149330754274,288.2866032676334,0.0400390625
15180000,22,0.5725107385915372,0.012035735332802907,56.04750132538743,0.0006956923749170882,0.00010073191363803655,288.3575696060291,0.0400390625
15190000,22,0.5667508518687949,0.011784924742135104,55.496593921552176,0.0006939937990547777,9.897005151139223e-05,288.53289929366434,0.0400390625
15200000,22,0.5662826632648281,0.01245363337707239,55.38290408551464,0.000711604352198672,0.0001167586409973997,288.4083316197931,0.0400390625
15210000,22,0.5670813804254977,0.011667228581099948,55.54141590451438,0.0006986399178493433,0.00010410301563647808,288.1669002103513,0.0400390625
15220000,22,0.5668171769123153,0.012005776264067253,55.4811414140285,0.0006988743699770497,0.00010392353557421651,288.50058416848,0.0400390625
15230000,22,0.5670731402923478,0.011522643966391686,55.555050723809856,0.000694134418873629,9.912054326874682e-05,288.5686401833799,0.0400390625
15240000,22,0.56726729500603,0.012004179694286255,55.52631271479606,0.000707609522287324,0.00011275207003372703,288.5163478535599,0.041015625
15250000,22,0.5712946536193827,0.01201401562964194,55.928064915507825,0.00070241797123839,0.00010764071685459316,288.3934081343089,0.0400390625
15260000,22,0.5716158333874076,0.011975717439636602,55.964012641313495,0.000696709793103367,0.000101850759833774,288.47357309140756,0.0400390625
15270000,22,0.5681762375278822,0.011889222262086633,55.628702945056446,0.0006975551263880775,0.0001024667119109957,288.68209054160354,0.0400390625
15280000,22,0.5669327216749769,0.01193713539351686,55.49955994547188,0.0006953863518595482,0.0001005425085213745,288.4803925893058,0.0400390625
15290000,22,0.5712011391971287,0.012219774140712191,55.89813748209773,0.0007017854660999672,0.0001069497611373748,288.3769663127934,0.0400390625
15300000,22,0.5682916333800647,0.01182506165589112,55.6466585474326,0.0006935092007818576,9.85517879820818e-05,288.44322005361823,0.0400390625
15310000,22,0.5717194076786658,0.012341256424773852,55.93781589936953,0.0007049555284283831,0.00011002568032444065,288.37745669957127,0.0400390625
15320000,22,0.5692024706849027,0.0118603488001175,55.734213818953364,0.0006942590219915365,9.945814727408885e-05,288.3235461522895,0.0400390625
15330000,22,0.568251821364505,0.011680445082165956,55.6571384892673,0.0006979135873749573,0.00010308340238471469,288.34213699371577,0.0400390625
15340000,22,0.567192824847882,0.01238712600502422,55.480570828478264,0.0007023884828366261,0.00010757202428549472,288.31528135871423,0.0400390625
15350000,22,0.5658604295513392,0.012020676637779391,55.38397697761407,0.0007010273937358392,0.00010623594448977289,288.5143657640589,0.0400390625
15360000,22,0.574739008308806,0.01221977929477901,56.25192383242209,0.0007017219134110758,0.00010682692610431656,288.444678506964,0.0400390625
15370000,22,0.569600506629687,0.011531819438500845,55.80686997076642,0.0006940432178261793,9.93469891523755e-05,288.4507902684075,0.0400390625
15380000,22,0.567188557806928,0.011496843490602092,55.56917267805062,0.0006953289563427151,0.00010048608190367857,288.2093470124513,0.0400390625
15390000,22,0.5677869892449147,0.01184395114082723,55.5943051875256,0.0007011870494557923,0.00010623283405565235,288.55322292973847,0.0400390625
15400000,22,0.5751037358302262,0.012303620040613826,56.280012807300565,0.0007035004004474621,0.00010849611225609985,288.44802308319436,0.0400390625
15410000,22,0.571938761244886,0.011828535899318779,56.01102319227124,0.0006977753805540127,0.00010305527884001761,288.27051855965817,0.0400390625
15420000,22,0.5771260545744571,0.011831823833262149,56.529424197114025,0.0006973255356748265,0.00010245933566978181,288.4184740203078,0.0400390625
15430000,22,0.5735358206689473,0.012298075786681812,56.12377594626346,0.0006985748847402755,0.00010371936085332576,288.1702061278974,0.0400390625
15440000,22,0.5661372402219255,0.01206373046072127,55.40735210517527,0.0007028617274658359,0.00010783531721031376,288.18611318130695,0.0400390625
15450000,22,0.564459861208413,0.01203579892529738,55.24240766187487,0.0006998826024903426,0.00010498069266868242,288.42461867016874,0.0400390625
15460000,22,0.5707717829004898,0.012281800365665294,55.84899929224414,0.0007059504254393881,0.00011103440486825698,288.25307059996913,0.0400390625
15470000,22,0.5707124812387673,0.01180471975635921,55.89077710309783,0.0006980179474930095,0.00010308124663224673,288.4053714599797,0.0400390625
15480000,23,0.5742760186928483,0.012069842002802854,56.22061905888623,0.0007035244053613257,0.00010858531169441811,288.2930843503252,0.0400390625
15490000,23,0.5696847168971373,0.012188677435728733,55.749604970046775,0.0007012846980103804,0.00010629418676105939,288.3389962936306,0.0400390625
15500000,23,0.5690040952788582,0.012093168799046233,55.69109403812478,0.0006994477756143264,0.00010433742704932913,288.4371453290501,0.0400390625
15510000,23,0.5673335047977965,0.011483148051876878,55.58503672726201,0.0006966839079511903,0.00010178178331190025,288.4929548395482,0.0400390625
15520000,23,0.5699014664485118,0.012177885087747623,55.77235916779824,0.0006982019706048564,0.00010326727963113114,288.30881626992635,0.0400390625
15530000,23,0.5713101854004367,0.012257123311615563,55.905307534756865,0.00070075617735097,0.00010563430621761498,288.4795400454173,0.0400390625
15540000,23,0.5711889058177011,0.012142184462692806,55.90467305350485,0.0006976773590242946,0.00010264579007750631,288.5075236041772,0.0400390625
15550000,23,0.5733974892581942,0.012144693069788543,56.125280728760984,0.0006949447297240884,9.973582537619684e-05,288.305950590063,0.0400390625
15560000,23,0.567483510611864,0.012300024417693425,55.518349604690826,0.0007030390194249592,0.000108011155854762,288.4140988850045,0.0400390625
15570000,23,0.5680387199548005,0.011432822956587185,55.66059052648827,0.0006948533286189156,0.00010000968612256057,288.3321681461355,0.0400390625
15580000,23,0.568852179853623,0.012099392653454106,55.675280182518065,0.0007019632156990505,0.00010716028342458762,288.09877949718015,0.0400390625
15590000,23,0.5717396699465296,0.012009342273932862,55.97303360231788,0.0006981590903314632,0.00010342192628459422,288.2156240848126,0.0400390625
15600000,23,0.5716928711903094,0.012451567942098679,55.92413138320315,0.0007047229862300543,0.00010987364983969765,288.2575649087965,0.0400390625
15610000,23,0.5721847764197159,0.011954503963234627,56.023028441142515,0.0006979824406619777,0.00010320361644023816,288.354235081111,0.0400390625
15620000,23,0.5687129007523514,0.01216741219543589,55.65454985177913,0.0007031646513639547,0.00010858411727571991,288.2058747483359,0.0400390625
15630000,23,0.5665425789318599,0.01191276387769287,55.46298271276895,0.0007021496416710726,0.00010733856376602304,288.3170701154683,0.0400390625
15640000,23,0.5633001506415378,0.011786328805503786,55.151383682016295,0.0007006705868809321,0.00010602997477631472,288.2522830269301,0.0400390625
15650000,23,0.5687907339429806,0.0118689347588131,55.69218128090404,0.0006989270296288627,0.00010394788313856884,288.4293306877422,0.0400390625
15660000,23,0.571941923748412,0.011847644545091032,56.00942967416235,0.0006977078781437374,0.00010265574245535421,288.55901727305803,0.0400390625
15670000,23,0.5673351109639099,0.012062338234662937,55.5272788223216,0.0006970897405167928,0.00010215071349137787,288.2698905731798,0.0400390625
15680000,23,0.5661059927630164,0.011828522051480685,55.42774836696509,0.0007008262651287567,0.00010581937158133297,288.49664292227834,0.0400390625
15690000,23,0.5727319117247615,0.011932343297524453,56.07995804254258,0.0007013571959382747,0.00010662324165943212,288.22622627627635,0.0400390625
15700000,23,0.5712444839550228,0.011913882013354363,55.93306166919392,0.0006976226228172685,0.00010274117420899707,288.20060918075876,0.0400390625
15710000,23,0.5681988019393559,0.012020712177503603,55.6178101116575,0.0006949694321831409,9.972503328988532e-05,288.3656979274666,0.0400390625
15720000,23,0.566333057130908,0.01177257722640184,55.4560491565287,0.0006913869919016705,9.629469319311201e-05,288.67425048869035,0.0400390625
15730000,23,0.570358646310488,0.012163362408953592,55.819529681595405,0.000700315411312248,0.00010544992733586757,288.3365415224788,0.0400390625
15740000,23,0.5682685976397843,0.011430071947418366,55.68385382779153,0.0006916471352205225,9.644449492945121e-05,288.55595992964834,0.0400390625
15750000,23,0.5699033417689907,0.012153215612180822,55.77501356562239,0.0006998860035695121,0.00010485716927162665,288.44006989504817,0.0400390625
15760000,23,0.5710923120350693,0.012074721515083396,55.90176015143709,0.0007001346594041237,0.0001052064637296361,288.3266001167055,0.0400390625
15770000,23,0.5707417778500764,0.01189268987247968,55.88490993572729,0.0006985315316428553,0.00010356407363740401,288.4136804988401,0.0400390625
15780000,23,0.5694763384771923,0.011830906082779515,55.764544829574014,0.0006952081611212419,0.00010033789166642421,288.44449504234626,0.0400390625
15790000,23,0.5714184924286042,0.012028856614446226,55.93896458465117,0.0006983904835772364,0.00010322928401812291,288.45390325998824,0.0400390625
15800000,23,0.572342994525875,0.011899540386253023,56.04434611536099,0.0007006203316967396,0.00010592207714788878,288.28470912592076,0.0400390625
15810000,23,0.5672830314245804,0.012000399529031055,55.528264337263806,0.000699820637388554,0.00010511673303179314,288.4442602116109,0.0400390625
15820000,23,0.5758364597858818,0.012376701907474905,56.34597706999515,0.0007006781973509817,0.0001057711721135262,288.2188492604955,0.0400390625
15830000,23,0.5657137297746787,0.01202701996555736,55.368671971525764,0.000697343474332173,0.00010241467400270616,288.1422154984661,0.0400390625
15840000,23,0.5671193239145991,0.011738753133493207,55.53805842231307,0.0006949460439932539,0.00010011236181857778,288.3354486512362,0.0400390625
15850000,23,0.5742531035989347,0.012074148155368263,56.21789716384119,0.0007023913214269629,0.00010765608792065818,288.26101279671065,0.0400390625
15860000,23,0.5693774193859024,0.01181541219280864,55.756201799211965,0.0006987662812459242,0.00010387823186145695,288.41073290794486,0.0400390625
15870000,23,0.5685055433321291,0.011953428654727913,55.65521279819782,0.0006993031753252363,0.00010427971477806685,288.41905122607386,0.0400390625
15880000,23,0.5643144318334279,0.011803500463018929,55.25109441550276,0.0006938979455005361,9.884089145134351e-05,288.4584807822555,0.0400390625
15890000,23,0.5709796517230006,0.011876939457337947,55.910272538374755,0.0006988540894688097,0.00010380655802309866,288.3209901414168,0.0400390625
15900000,23,0.5678067322585049,0.01174752549173157,55.605921684472214,0.0006969257405943905,0.00010198778022815996,288.28373628087263,0.0400390625
15910000,23,0.5639760852280702,0.011313079491746694,55.266301806589176,0.00069524596831552,0.00010041352727243026,288.39962190183957,0.0400390625
15920000,23,0.5715133772618985,0.012198808708719902,55.931458198270676,0.0007053382466024914,0.00011034426940308395,288.2241099645712,0.0400390625
15930000,23,0.56655703537964,0.01203859666071553,55.45184550564242,0.0006958403995633405,0.00010099295169296494,288.2504500280892,0.041015625
15940000,23,0.5692343152295406,0.01182398527117834,55.74103392587119,0.0006961782811551348,0.00010130982786593904,288.41110880724517,0.0400390625
15950000,23,0.5707425768788641,0.011950615092358991,55.87919733880298,0.0006966630086677406,0.00010157331489495238,288.27184040182715,0.0400390625
15960000,23,0.5680203122861744,0.012104802250504398,55.59155212090818,0.0007049211955673898,0.00011008475142791617,288.4207657316181,0.0400390625
15970000,23,0.571624125929139,0.011685499805849216,55.9938638282917,0.0006977918585418784,0.00010287126585137127,288.39503203165236,0.0400390625
15980000,23,0.5656925049579271,0.011877390902953651,55.38151302556509,0.0006987882261760336,0.00010380344897082,288.30059189080663,0.0400390625
15990000,23,0.5729918332641422,0.011828212608678834,56.116363142175274,0.0006967901085049118,0.00010177020485889203,288.35569407379705,0.0400390625
16000000,23,0.5648417328700049,0.011732953509333488,55.31087935851273,0.0006967442740205695,0.00010164863673900585,288.4264852382333,0.0400390625
16010000,23,0.5665046393679607,0.011939724509683537,55.45649275205548,0.000695496641408564,0.00010031109428096008,288.5021747240839,0.0400390625
16020000,23,0.5617084025019631,0.011321395042668303,55.03870141836808,0.0006931085815028575,9.809204308352662e-05,288.52483085343005,0.0400390625
16030000,23,0.5695746280983919,0.01186051405141112,55.77141263364743,0.0007020349352014899,0.00010716039826833287,288.35895169065,0.0400390625
16040000,23,0.5724513468801886,0.01228335252894788,56.01680091453341,0.0006997780938696277,0.00010462910312539188,288.3578224150279,0.0400390625
16050000,23,0.5662584613501875,0.011964556169991878,55.42939144149331,0.0007028160704370645,0.00010806840349847924,288.2908528760851,0.0400390625
16060000,23,0.5749896506146202,0.012217494791207227,56.27721664549734,0.0007025041594926039,0.00010760369612572681,288.3075000563959,0.0400390625
16070000,23,0.5681227626040452,0.012141968850425762,55.598080544208784,0.0007017868151159304,0.00010678102988469572,288.4217408741525,0.0400390625
16080000,23,0.5727029471093994,0.012100263221820624,56.06026948733642,0.0007078811846278529,0.00011279790411332618,288.29978003145504,0.0400390625
16090000,23,0.5688701572264018,0.011508020567247559,55.73621488233658,0.0006979998893730389,0.00010318596279918437,288.263483743092,0.0400390625
16100000,23,0.5690329662786333,0.012107637734376623,55.692534245238676,0.0007042962574117558,0.00010937327010375776,288.29784110636695,0.0400390625
16110000,23,0.5659236377172809,0.011635347989491214,55.428830107478205,0.0006932074377493289,9.818577004977702e-05,288.4151793658866,0.0400390625
16120000,23,0.5703035645738965,0.011721581385898818,55.85819977361625,0.0007066383908889987,0.0001119730281195633,288.30664462844453,0.0400390625
16130000,23,0.5701269743147942,0.011730916253079643,55.839607262956505,0.0006963539111215955,0.00010152386919269618,288.4437545948095,0.0400390625
16140000,23,0.564707648576825,0.011627419206712996,55.30802436985252,0.000696627395730476,0.0001018925613859327,288.2923635467573,0.0400390625
16150000,23,0.5715275911118463,0.011846605781602569,55.96810006434758,0.0006986102006279994,0.00010386359251319308,288.31338663116605,0.041015625
16160000,23,0.5739232774739682,0.012001241780745273,56.192204680663714,0.0006959687792030465,0.00010090966938232698,288.49422739286047,0.0400390625
16170000,23,0.5709679016915546,0.011789209163324793,55.91787064693527,0.0006939141726565146,9.888764003408066e-05,288.4757351792358,0.0400390625
16180000,24,0.570845450241583,0.011935005797201605,55.89104565560591,0.0007015155491104106,0.00010656929061282729,288.2278645917414,0.0400390625
16190000,24,0.565668898316334,0.011824469352702805,55.384444632883,0.0006989156698338123,0.00010393940800755197,288.3783767826013,0.0400390625
16200000,24,0.5700983101651134,0.011842970718410655,55.82553516832028,0.000693493998504134,9.846822245356404e-05,288.3517688642107,0.0400390625
16210000,24,0.5708637330932643,0.01163113794108022,55.92326056489155,0.0006939477229971478,9.891713144515732e-05,288.3586908182431,0.0400390625
16220000,24,0.5703487452115621,0.01187422193195133,55.847453204964715,0.0006977632275850444,0.00010275003690103987,288.4380119312608,0.0400390625
16230000,24,0.5669845394837701,0.011749453326734308,55.523510109157144,0.0006993943839103139,0.00010443891263133764,288.35298838694854,0.0400390625
16240000,24,0.5697580547333571,0.011659591686160336,55.809847609266384,0.0006956070319150485,0.00010066600898641738,288.4447911929572,0.0400390625
16250000,24,0.5641896492239797,0.011771828481816007,55.24178332477933,0.00069409242916191,9.913302819744353e-05,288.41472240888623,0.0400390625
16260000,24,0.5703179150200715,0.011649993308427715,55.866793462452115,0.0006983285509485778,0.00010344404378094761,288.4666033791791,0.0400390625
16270000,24,0.5694902574610069,0.011726675186767586,55.77635936723253,0.0006990778679635452,0.00010416675829853027,288.3206000927905,0.0400390625
16280000,24,0.5690979722003313,0.01159536091644603,55.7502626761971,0.0006971530936042532,0.00010248028001456958,288.2735827062691,0.0400390625
16290000,24,0.5699257895321987,0.011866278483565418,55.80595274286095,0.0007010571840032541,0.00010604704798677513,288.25739802266975,0.0400390625
16300000,24,0.5705155434037976,0.012153775214715898,55.83617825071163,0.0006958534455385741,0.00010099367365126553,288.1693344360997,0.0400390625
16310000,24,0.5714600258606785,0.012112517920364906,55.93475199627546,0.0007084526793804588,0.00011346567178479329,288.24443139437045,0.0400390625
16320000,24,0.5696839572738034,0.012295492053914992,55.73884762606359,0.00070025824071122,0.0001052881747768644,288.376972083441,0.0400390625
16330000,24,0.5680333979714203,0.011957867500306515,55.60755447610692,0.0006989891176662561,0.00010404065582654779,288.2414074359507,0.0400390625
16340000,24,0.5653544841359223,0.01194023139810385,55.341426467216785,0.0006973390756337425,0.00010220009150885085,288.5214680301736,0.0400390625
16350000,24,0.5670789350433572,0.011718926534733332,55.53600202654047,0.0006966357058911993,0.00010168575765697942,288.30210526673244,0.0400390625
16360000,24,0.5666252555391234,0.01178877634645073,55.48364901294265,0.0006980145408567638,0.00010299462574784315,288.4051004924766,0.0400390625
16370000,24,0.5667362060816038,0.01169552511597293,55.5040692530079,0.0006941188717138399,9.925165272573405e-05,288.2325993174788,0.0400390625
16380000,24,0.570991497900168,0.012200948827328074,55.87905608660719,0.0006974223261461917,0.00010260391363482457,288.17055594046496,0.0400390625
16390000,24,0.5732801947943841,0.012072746922595681,56.12074569825903,0.0007020287323257657,0.00010697326995440895,288.370165877753,0.0400390625
16400000,24,0.5706981260785217,0.01174896845853657,55.8949169991637,0.0006950305911781918,0.00010000998762869275,288.368607353206,0.0400390625
16410000,24,0.5642107022166278,0.011689043205762509,55.252167660149695,0.0006945147046789891,9.972364629718724e-05,288.2161963811992,0.0400390625
16420000,24,0.5707619954219096,0.011852276833918304,55.89097309409945,0.0007030982193996358,0.00010817053019550428,288.4487218977778,0.0400390625
16430000,24,0.5621533517458338,0.011882048013887342,55.027131516325994,0.0007022674695031245,0.0001072322638375545,288.29030333109625,0.0400390625
16440000,24,0.5737537880789112,0.012121747017581768,56.163205239142265,0.0007002438185775576,0.00010538422670886164,288.20539468182403,0.0400390625
16450000,24,0.566931633624811,0.01208832415704023,55.484332246223545,0.0007033946532936259,0.00010856012424340065,288.19242647623264,0.0400390625
16460000,24,0.5680759917682635,0.01181657122229947,55.62594312170286,0.0007011534593622762,0.0001062009492007077,288.1922702698386,0.0400390625
16470000,24,0.5716663468359645,0.012842138307621357,55.88242195762001,0.0007085229320411241,0.0001134386756592929,288.2566081041504,0.0400390625
16480000,24,0.5650945612401866,0.012118213787145844,55.29763581358427,0.0007094620281259698,0.00011465724835596834,288.2150398007055,0.0400390625
16490000,24,0.5658719638133056,0.011776115975488286,55.409586330322355,0.0006983542465734077,0.00010356277594526779,288.1952132632685,0.0400390625
16500000,24,0.5716260139441454,0.011736118800867727,55.988991129098345,0.0006960204466441682,0.00010116469751004021,288.35923473086444,0.0400390625
16510000,24,0.5686905249255385,0.011763786222812538,55.69267500905735,0.0006936336610934092,9.873281854217914e-05,288.38213487969614,0.0400390625
16520000,24,0.5754723122261116,0.012042977945063083,56.3429347913346,0.0006966264862911944,0.00010144283923314524,288.5585880731749,0.0400390625
16530000,24,0.5739335962604689,0.012208158132424858,56.172544561441654,0.0006988744013232461,0.00010402490981075647,288.2806483443373,0.0400390625
16540000,24,0.5675493092610439,0.01190149117454616,55.56478312173801,0.0006962748258737683,0.00010128729446455834,288.28675731263087,0.0400390625
16550000,24,0.572420285028532,0.011940351172409392,56.04799451762415,0.0007009374199285922,0.00010625817070259602,288.2342180783796,0.0400390625
16560000,24,0.5702745038256966,0.012241105393807261,55.80334093606167,0.0007006080976958868,0.00010569757742786388,288.11073710322233,0.0400390625
16570000,24,0.5663878442982051,0.01174792922792985,55.46399275529679,0.0007016221606859144,0.00010685273864307559,288.1548911090757,0.0400390625
16580000,24,0.5741415799227789,0.01201638019119725,56.212521275787765,0.00069834270894091,0.0001034804199594035,288.3077689964582,0.0400390625
16590000,24,0.571977769760042,0.012231465984010035,55.97463177604628,0.0006996212529765214,0.00010483188769797773,288.45368054846375,0.0400390625
16600000,24,0.5678219405047444,0.011692136277634322,55.61298174808489,0.0006970017370480036,0.00010190786090584124,288.4578580229691,0.0400390625
16610000,24,0.5709413584821118,0.011919498706107283,55.90218775097537,0.0006984966086250262,0.00010359340494197021,288.2778524584262,0.0400390625
16620000,24,0.5690701793547112,0.01198290076081333,55.708729291155876,0.0006978562539217633,0.00010294198153361765,288.31167464769635,0.0400390625
16630000,24,0.5693590219110152,0.011968466294872793,55.73905665375502,0.0007043504084784493,0.00010927969618324581,288.44638634309365,0.0400390625
16640000,24,0.5658160986526921,0.012072557971638575,55.37435533909471,0.000697888402981369,0.00010292017301040919,288.1019392099827,0.0400390625
16650000,24,0.5709405968243643,0.012644501955354,55.82961080333328,0.0007080446224071397,0.00011303196841953454,288.25104863730115,0.0400390625
16660000,24,0.5658462741274728,0.011384690820695473,55.446159392492575,0.0006937099750271762,9.865797479802445e-05,288.43212504237806,0.0400390625
16670000,24,0.5714787798824612,0.011852329944633989,55.962646474663075,0.0007043170131311829,0.00010959415737671334,288.327944443392,0.0400390625
16680000,24,0.5632775788438457,0.012312740081777457,55.096484957814525,0.0007044985184459797,0.00010966472520953931,288.11261574546677,0.0400390625
16690000,24,0.5690442859445731,0.012080778820524116,55.696351833963575,0.0007009673779391567,0.00010604271675340253,288.3014579070539,0.0400390625
16700000,24,0.5661451738476061,0.011851503478006366,55.42936848734053,0.0006993098585461033,0.0001042535834494129,288.2341458972367,0.0400390625
16710000,24,0.5665317783264885,0.012092423857962485,55.44393614894158,0.0007019538424835337,0.00010730153214396608,288.1822231185264,0.0400390625
16720000,24,0.5689950793714772,0.012003299080771437,55.699179195830645,0.0007038369053547287,0.00010882203315282002,288.2668934672858,0.0400390625
16730000,24,0.5672847258611301,0.011647617564899631,55.56371234141678,0.0006978616452625278,0.00010309739196590731,288.09089682317347,0.0400390625
16740000,24,0.5692924915091916,0.012120144460338484,55.71723558780392,0.0006995766207241711,0.00010462357066218364,288.30347626843474,0.0400390625
16750000,24,0.5741102239942742,0.011916310527862913,56.21939256231564,0.0006983716216067532,0.00010349248581610964,288.0899379481374,0.0400390625
16760000,24,0.567074577865932,0.01176640400661511,55.53081888333813,0.0006979617249731838,0.00010304855905074994,288.30742053425973,0.0400390625
16770000,24,0.5670088974006102,0.01237761812540386,55.46312907215382,0.0006988202247174306,0.00010394542885621808,287.9940858960146,0.0400390625
16780000,24,0.565072147631333,0.012164992005755743,55.29071653286947,0.0006999050701312212,0.00010496397554989262,288.34265495324524,0.0400390625
16790000,24,0.5685796780754793,0.011834152582288203,55.67455361508175,0.0006972891510629429,0.000102420542829467,288.2919312380181,0.0400390625
16800000,24,0.571821702941533,0.011438740607413114,56.03829743506495,0.0006978086443959705,0.00010279375876494503,288.18326070307626,0.0400390625
16810000,24,0.5687026583848869,0.012047753660122475,55.6654917142649,0.0006943474460801336,9.91025706922114e-05,288.35032712797016,0.0400390625
16820000,24,0.5677976508487068,0.011993033691258547,55.58046273628018,0.0006981994119460215,0.00010327965335480671,288.31512496867776,0.0400390625
16830000,24,0.5728427479531458,0.012300807918583909,56.05419573794907,0.0007062552785700184,0.00011148779201736891,288.3465242471176,0.0400390625
16840000,24,0.5642224519344055,0.011854800764793273,55.2367664809721,0.0006979107030647432,0.00010300665527125608,288.38646703179256,0.0400390625
16850000,24,0.5721409201973415,0.012140138385188737,56.000078984186324,0.0006974588665262658,0.00010255237982729833,288.3181035137892,0.0400390625
16860000,24,0.5650328274281808,0.012007273695127793,55.302556315140556,0.0006976136371041334,0.00010272749090100464,288.120606601755,0.0400390625
16870000,24,0.567699079481167,0.011689354850482857,55.600973854094434,0.0006975255761690048,0.00010282146237525437,288.26798588679156,0.0400390625
16880000,25,0.5781324281037381,0.01227430721807335,56.58581347845183,0.0006985242345062178,0.00010355520599147448,288.2989805175855,0.0400390625
16890000,25,0.5697398491139777,0.011959213491626193,55.778064731044225,0.0006985797544917194,0.00010387482739207647,288.2237754248664,0.0400390625
16900000,25,0.5694657217313481,0.011680506166114081,55.77852295709418,0.0006976480140623607,0.00010301438963534194,288.2513257307055,0.0400390625
16910000,25,0.572875232080846,0.01177739692888212,56.10978486303561,0.0006982680097552258,0.00010350240153773369,288.1846951893314,0.0400390625
16920000,25,0.5668938093056544,0.011528759111190988,55.53650633410682,0.0006949958325449508,0.00010016362390102546,288.3581099147013,0.0400390625
16930000,25,0.5674859423040608,0.011610685664611167,55.58752684011144,0.0006996845040562431,0.00010479192212961364,288.3785259171566,0.0400390625
16940000,25,0.5687749678373867,0.011787275277123406,55.69877030787469,0.0007016396106290054,0.00010671077177188,288.1771058240466,0.0400390625
16950000,25,0.5706322510476148,0.011688729504285856,55.894352848311584,0.0006993741524342697,0.00010445886345206711,288.4662664530867,0.0400390625
16960000,25,0.5629419631606868,0.011523712851345602,55.141826415828916,0.0006995837762224772,0.00010470763813381625,288.37746683794256,0.0400390625
16970000,25,0.5655859803457455,0.012005117686505744,55.35808776233597,0.0007063962130661584,0.00011161677460348648,288.1797600550374,0.0400390625
16980000,25,0.568461839932271,0.011696710590151442,55.67651378852475,0.0006984749777429496,0.00010352707259032636,288.2375610326444,0.0400390625
16990000,25,0.5686741174460845,0.01176733015290061,55.690679477821476,0.0006999669210760989,0.0001050769209497674,288.3132237978006,0.0400390625
17000000,25,0.5692628510134818,0.01171152489442706,55.7551341650883,0.0006957309899851916,0.0001007345902369809,288.43758863367793,0.0400390625
17010000,25,0.5633709520094128,0.011817419081229638,55.15535494596412,0.0006992772939604926,0.00010439508259730112,288.2751779512786,0.0400390625
17020000,25,0.5677436482317763,0.011754477218691793,55.5989181972409,0.00069871320435079,0.00010379311732943332,288.2529595379834,0.0400390625
17030000,25,0.5672845159015404,0.012183351639759525,55.51011759408207,0.0007045194522344351,0.00010941860444959284,288.2601849881945,0.0400390625
17040000,25,0.5658237495978221,0.011860714633222682,55.39630482671478,0.0006972592330629109,0.00010227309449916003,288.22515066207876,0.0400390625
17050000,25,0.5632838694166991,0.011703149892114665,55.158072904463175,0.0007021080213317002,0.00010746435938962245,288.1122971114795,0.0400390625
17060000,25,0.569985107532077,0.011934446771186553,55.80506724306495,0.0006984968000614448,0.00010347879351244685,288.2326151323864,0.0400390625
17070000,25,0.5666937224104375,0.011480011794966782,55.52137221468751,0.0006934616760800858,9.840870587716493e-05,288.41017890447876,0.0400390625
17080000,25,0.5703657169618828,0.012161375408712729,55.82043531072858,0.0007023701959140004,0.00010748090743366694,288.0507680485942,0.0400390625
17090000,25,0.5668899321593006,0.011582491169334538,55.530745271304,0.0006972088963475784,0.00010215151450210031,288.3086016709411,0.0400390625
17100000,25,0.5642638169916632,0.01187841464011861,55.23854116478982,0.0006987847994906683,0.00010396915788762086,288.19535892854265,0.0400390625
17110000,25,0.5664567509595917,0.011726988131104905,55.472977447176156,0.0006951217322628902,0.00010023209828940515,288.1925704752198,0.0400390625
17120000,25,0.568995727637382,0.011945563706544813,55.70501744501022,0.0006962426461749765,0.00010118434185360825,288.32772051760605,0.0400390625
17130000,25,0.5714267430014849,0.011870595548622227,55.955616123638855,0.0006971578881345744,0.00010225013472340202,288.2308575991061,0.0400390625
17140000,25,0.5687660057693557,0.011686117411582778,55.70799051770919,0.0006999029803297893,0.00010506373695599229,288.22401575491,0.0400390625
17150000,25,0.566116331146552,0.011659518072670272,55.44568217896008,0.0007016520395701492,0.00010696873093002294,288.24131299832425,0.0400390625
17160000,25,0.5673718635001661,0.011799132913511054,55.557274439254876,0.0006979994474055346,0.00010293050445099846,288.403079295493,0.0400390625
17170000,25,0.5671709752869882,0.011744999329721067,55.54259887059771,0.0006964968103626999,0.00010153228510155736,288.3810034427807,0.0400390625
17180000,25,0.5686481446308402,0.011762974950655718,55.68851834849451,0.0006936037601986308,9.872907834573128e-05,288.3374798099487,0.0400390625
17190000,25,0.570628432521116,0.011884520318445332,55.87439249323321,0.0006974054092427042,0.00010269203651049887,288.0793703103124,0.0400390625
17200000,25,0.5744287643403523,0.012275827557558934,56.21529491135127,0.0007007466320119863,0.00010565127202275146,288.2655733342155,0.0400390625
17210000,25,0.5674343661435933,0.011799117180400383,55.56352603671919,0.0006947538649421248,9.958958891143937e-05,288.41956080790396,0.0400390625
17220000,25,0.5704398634908602,0.01167964349950056,55.87602280755122,0.0007000646684355845,0.0001051662192908338,288.2679483108097,0.0400390625
17230000,25,0.5667483999125636,0.011768237330498157,55.49801763035381,0.0006977848974849199,0.00010299927946688263,288.30338187732013,0.0400390625
17240000,25,0.570710620284461,0.011760657482852164,55.89499705656129,0.0006941692628756261,9.898582563813818e-05,288.29095735902484,0.0400390625
17250000,25,0.5680446546095332,0.011922845710710388,55.61218218368427,0.0006995447144736921,0.00010458829035532553,288.3982928921531,0.0400390625
17260000,25,0.5722358217454129,0.01173302722384491,56.05028057189135,0.0006958630123998504,0.00010088696132675672,288.36283707136465,0.0400390625
17270000,25,0.5675961254244928,0.012012061904377636,55.558407420113966,0.000700114835102875,0.00010521747617244015,288.16138557339343,0.0400390625
17280000,25,0.5642577565914962,0.011890540444399056,55.23672301121297,0.0007040700455695279,0.00010919446328415976,288.1749865859975,0.0400390625
17290000,25,0.5700822587100247,0.011975382986381214,55.81068878385435,0.000696768086092355,0.00010175027033517816,288.25458974474543,0.0400390625
17300000,25,0.566129680309496,0.011747721430218386,55.438197140407155,0.0007009987926196121,0.00010606972217427537,288.4045130592042,0.0400390625
17310000,25,0.5658232930627569,0.011477213994570381,55.43460905484771,0.0006911552762719366,9.603533996135259e-05,288.48366304897775,0.0400390625
17320000,25,0.5672025976525558,0.011572949434253117,55.56296609024281,0.0006961159986789207,0.00010111924589903096,288.57618223556017,0.0400390625
17330000,25,0.566193389492622,0.011946028819329288,55.424737259987715,0.0006939777794481894,9.88270411824036e-05,288.53589432453464,0.041015625
17340000,25,0.5687139413735826,0.011970861799968827,55.674309208570065,0.0007051424931343302,0.00011024744527613595,288.3408430372601,0.0400390625
17350000,25,0.5704780676182795,0.012013844910767898,55.846424000825245,0.0007032920168788647,0.00010856445103621405,288.2597317283278,0.0400390625
17360000,25,0.5702959912046137,0.011794064023178502,55.850193785537066,0.0006956391899555064,0.00010067040093198468,288.29391031215687,0.041015625
17370000,25,0.568177536348469,0.011920246722651018,55.62573070904957,0.000699614296107541,0.0001046459579240338,288.2374197361829,0.0400390625
17380000,25,0.5686757089664448,0.011847559333587167,55.68281643785612,0.0006986135703412113,0.00010368571178012012,288.0801047185531,0.0400390625
17390000,25,0.5659565092965247,0.011931562283887543,55.40249611710688,0.0006986676398067208,0.00010385489578082773,288.09314532716286,0.0400390625
17400000,25,0.5684977480958741,0.011847048363868289,55.66507132339897,0.000693584014196494,9.865687299455388e-05,288.2689711652071,0.0400390625
17410000,25,0.5685647470954248,0.012270149576440691,55.62946119133674,0.0006970261510728849,0.00010192737112926274,288.29827526282736,0.0400390625
17420000,25,0.5687431303950863,0.012345879237512215,55.63972636349784,0.0007078769770944162,0.00011311118335850127,288.22280357412797,0.0400390625
17430000,25,0.568736773361209,0.011798275266515099,55.693851140114425,0.0006965024437185359,0.00010164172174287868,288.3373249064797,0.0400390625
17440000,25,0.5707694873888842,0.012039214010206065,55.87302872799914,0.000719306051716173,0.00012463149402116677,288.1402624229383,0.0400390625
17450000,25,0.5699411876693068,0.01188055704406055,55.8060644035698,0.0006986781099898815,0.00010336156770444933,288.43669639247145,0.0400390625
17460000,25,0.5726612839468415,0.011876322987354264,56.078496980857906,0.0006961486649985271,0.00010127054384516724,288.221049285447,0.0400390625
17470000,25,0.5659837066006654,0.011888728467752447,55.40949881299839,0.000694485607090534,9.932778128156884e-05,288.3893587076503,0.0400390625
17480000,25,0.5695328669720368,0.011827504617955457,55.77053754028625,0.0006962417516029651,0.00010141365349107153,288.21473824156726,0.0400390625
17490000,25,0.5690306272522995,0.011867232936828991,55.71634083771348,0.0007031413814231576,0.00010827538302311926,288.35740619072754,0.0400390625
17500000,25,0.5709687320483416,0.012008896213868527,55.89598460898878,0.0007009489924673396,0.00010596598268270931,288.3909960303746,0.0400390625
17510000,25,0.569563146099881,0.011890699113273114,55.76724620629012,0.0007009020209330605,0.00010603404666005586,288.4208426434301,0.0400390625
17520000,25,0.5643178484085131,0.011770706332280933,55.25471548581334,0.000698252884733493,0.0001034787687346803,288.20481932041326,0.0400390625
17530000,25,0.5690262797473197,0.011730663440179,55.72956258965284,0.0007022409322613018,0.00010734751777267933,288.2092579833851,0.0400390625
17540000,25,0.5625178828517639,0.011750150027280927,55.07677439498119,0.0006961580291660483,0.00010125699033715926,288.0840623683208,0.0400390625
17550000,25,0.5643471918795734,0.011424290019520255,55.29229153325298,0.0006946183225353051,9.974337979543409e-05,288.4753981641457,0.0400390625
17560000,25,0.5680516334211845,0.012035524725633823,55.601612148301584,0.0006997559537867689,0.00010495428778907583,288.3017258991685,0.0400390625
17570000,25,0.5695152256436329,0.011621218381433521,55.789402266988425,0.0006939631136738685,9.906787847154378e-05,288.23568770599434,0.0400390625
17580000,25,0.5645793001542609,0.012318988515995529,55.22603209101788,0.0007095824358832765,0.00011444572697254376,288.19970229671037,0.0400390625
17590000,26,0.5690967483558862,0.011900078887655015,55.71966787782842,0.0006960503091141183,0.00010097703175870109,288.3130205994669,0.0400390625
17600000,26,0.5665019620814888,0.012075405893848947,55.4426569594056,0.0006964713115988624,0.00010131352016742558,288.1361901974818,0.0400390625
17610000,26,0.5706384991289097,0.011961305837379504,55.867720089377755,0.0007040243007514651,0.00010933522235153624,288.2690263583688,0.0400390625
17620000,26,0.5717845766008941,0.012045491182187213,55.97390977550639,0.0007013280660305608,0.00010631187354366784,288.5939573435316,0.0400390625
17630000,26,0.5677292830690926,0.011571955425114466,55.615734065619385,0.0006983871094458855,0.00010358756623454922,288.23888048725007,0.0400390625
17640000,26,0.5669698090867139,0.011976375781982214,55.499344453764216,0.0007028294920069337,0.00010793414825799204,288.43275230744126,0.0400390625
17650000,26,0.5681436850224114,0.011800508532987032,55.63431859820692,0.0006973086012051419,0.00010239418647168627,288.2187395521183,0.0400390625
17660000,26,0.5699667395642991,0.011747761312031655,55.821899104389914,0.0007046021689263687,0.00010960169782547607,288.5074566506333,0.0400390625
17670000,26,0.5676847554747124,0.012027267566760294,55.565750138499375,0.0007014514623202739,0.00010674326798984581,288.1583250293497,0.0400390625
17680000,26,0.5681349545394156,0.011678671594702407,55.64562945914871,0.0006966128976101091,0.00010166787877995607,288.42317166074406,0.0400390625
17690000,26,0.5667442773287032,0.0123570518220804,55.43872355127157,0.00070400769970539,0.00010934964741152214,288.2403050601156,0.0400390625
17700000,26,0.5671867473542707,0.01212207071152081,55.506469090892764,0.0007004753993785197,0.0001053983144833683,288.1717796545605,0.0400390625
17710000,26,0.5657570952679911,0.011773706213475298,55.39834044152352,0.0006994631903940389,0.0001046412375465898,288.1696574877833,0.0400390625
17720000,26,0.5648493775081446,0.011587002802978941,55.32623846985128,0.0007004232713651863,0.00010563537897909079,288.3573999271484,0.0400390625
17730000,26,0.5688449833865837,0.012040992548184625,55.68040062008074,0.0006994699108780657,0.00010467018575049143,288.2621404962974,0.0400390625
17740000,26,0.5728343528133587,0.012176262278220802,56.06580985341991,0.0007082532237002099,0.00011360973127608288,288.0835468859532,0.0400390625
17750000,26,0.5686825676375225,0.012080837358349146,55.660174271815904,0.0007023512441780734,0.00010734302840165712,288.30589476810684,0.0400390625
17760000,26,0.5665633448270527,0.012444542618240788,55.411881180186455,0.0007071000148292596,0.00011217302086817206,288.33287984785807,0.0400390625
17770000,26,0.5685775327034429,0.012239416272344796,55.633812881620706,0.0007048296406695165,0.00010981369738828511,288.2531764815222,0.0400390625
17780000,26,0.5657144666708726,0.011761397988862193,55.39530806973599,0.0006982020618268877,0.00010290104202133282,288.48239536117165,0.0400390625
17790000,26,0.5689742374421536,0.011696648929660679,55.72775991596341,0.000701040278029378,0.00010618845688074478,288.38034391607044,0.0400390625
17800000,26,0.5709939557252292,0.011705969943207332,55.928799634951694,0.0006964785107951385,0.00010136075989037741,288.3775228890354,0.0400390625
17810000,26,0.5668155121421512,0.011727858020708151,55.50876650521257,0.0007006828785051165,0.00010576542884735257,288.32744658002747,0.0400390625
17820000,26,0.5685332887649879,0.011831162775242434,55.67021402560694,0.0006999405154859225,0.00010509374202430752,288.137905064547,0.0400390625
17830000,26,0.5700572466457288,0.011606287554502107,55.84509736263633,0.0006941209392004387,9.920434476220752e-05,288.2697224694902,0.0400390625
17840000,26,0.5659246742391024,0.011658623830633888,55.42660631437488,0.0006984549340490476,0.00010353271798211878,288.3674833932512,0.0400390625
17850000,26,0.56642103277384,0.01155845998114204,55.48625847018834,0.000699517531397591,0.00010474488293820878,288.29198733130664,0.0400390625
17860000,26,0.5714971268515381,0.01220789337626409,55.928924527278596,0.0007030924553278072,0.00010826447542660372,288.32762847042767,0.0400390625
17870000,26,0.5713017068072441,0.012397284480066441,55.890443645687746,0.0007032732160879792,0.00010831798715919839,288.30627508416165,0.0400390625
17880000,26,0.5672665544016386,0.011834048756310995,55.54325205213632,0.000701587312113347,0.00010681414174307532,288.21091490734767,0.0400390625
17890000,26,0.5726538312262868,0.0120541406634276,56.05997064890446,0.0007019415111405026,0.00010703649562831219,288.2133156528675,0.0400390625
17900000,26,0.5758901926814681,0.011890113362701512,56.40000915071119,0.0006950995864774134,0.00010002962303666208,288.45272919624284,0.0400390625
17910000,26,0.5703199108948952,0.012088988448091304,55.823093362759295,0.0007025682953169046,0.00010759710284146984,288.22325962920024,0.0400390625
17920000,26,0.5739905180181768,0.011975851723238442,56.20146792469355,0.0006998703510933281,0.00010496561661078017,288.29187653969365,0.0400390625
17930000,26,0.5682964035876076,0.011794790717052323,55.65016250870864,0.0007004625300597325,0.00010547578163521203,288.3370204198962,0.0400390625
17940000,26,0.5746804410797867,0.011984829939544707,56.26956226327596,0.0006965447989951412,0.00010146311181222076,288.33219937091684,0.0400390625
17950000,26,0.5695268462840287,0.011584031128965047,55.794282945726906,0.0006951142789582931,0.00010009650229855289,288.4009022475808,0.0400390625
17960000,26,0.5691585245187613,0.011746440126309234,55.741210037047246,0.0006948387402194188,9.983825510491209e-05,288.40543336553276,0.0400390625
17970000,26,0.5682643033145103,0.011762711160627954,55.65016036242943,0.0006988899186447977,0.00010404394116326148,288.22446509578697,0.0400390625
17980000,26,0.5694360864900484,0.012245294936254961,55.719080553507276,0.0007026036448318738,0.00010778599310452967,288.20101166193433,0.0400390625
17990000,26,0.5678784950190432,0.011718102464315767,55.616040381315024,0.000697258339089046,0.00010227486828371002,288.36547688512627,0.041015625
18000000,26,0.5686590231389184,0.011637501412447694,55.70215350364868,0.0006965201408263019,0.00010156736874346562,288.393815888593,0.0400390625
18010000,26,0.5672242557093398,0.011449834106227203,55.57744374484946,0.0006949486035320652,0.0001000672633844222,288.2551874539501,0.0400390625
18020000,26,0.5685613373131888,0.011763684519205156,55.679766416273516,0.0007014390539688937,0.00010633752384514915,288.17995595742394,0.0400390625
18030000,26,0.5703717060614044,0.0118409638416358,55.85307541847452,0.000703759326266382,0.00010869944533330837,288.5082704032596,0.0400390625
18040000,26,0.5693394464692473,0.012030103284172545,55.7309357352543,0.0007096069646882834,0.00011462084275429579,288.0956140643351,0.0400390625
18050000,26,0.5665084778659157,0.011862378584271647,55.46461112625268,0.0007006007899167087,0.00010545713496122598,288.3210556088402,0.0400390625
18060000,26,0.5638636253332187,0.011801899706891387,55.206173757750456,0.0006993777255001042,0.00010432734267745733,288.449554978587,0.0400390625
18070000,26,0.5726662942505777,0.0122129529127277,56.0453356362476,0.0007023899053815492,0.00010760551362551291,288.05635941642345,0.041015625
18080000,26,0.5724550151106045,0.011953584328412188,56.050144143883884,0.0006958221546713867,0.00010064052718718467,288.3167005670728,0.0400390625
