step,epoch,train_loss,train_recon,train_L1,val_loss,val_mse,val_l0,dead_frac
1990000,5,0.006609073080679805,0.0003444057938485556,62.64667426993789,1.0922678544148754e-05,4.279316046773378e-06,160.91934992415753,0.4921875
2000000,5,0.006475157050176383,0.00023270821889170417,62.42449014003751,8.548101126141181e-06,1.905160648105108e-06,160.926186497375,0.50390625
2010000,5,0.006798289363972708,0.0005399304376601671,62.58359043560199,1.0229765088426097e-05,3.5881983272983205e-06,160.72894090581357,0.5009765625
2020000,5,0.0084218077685525,0.0021186272316120755,63.03180682524101,2.7302438411329067e-05,2.0662674149597803e-05,160.3695224814964,0.5078125
2030000,5,0.006464525781110224,0.00022644506623285994,62.38080860617632,7.875082253896562e-06,1.2365175374424226e-06,160.58246895043382,0.505859375
2040000,5,0.007190789169960309,0.0009108244221094109,62.799649080624576,1.6110759900604003e-05,9.47386532718602e-06,159.63609943384245,0.529296875
2050000,5,0.0069082757454186185,0.0006320090549372239,62.76266799946692,1.4540351534185084e-05,7.90565798211804e-06,158.82045657040896,0.5322265625
2060000,5,0.007992536855282917,0.0016978809622095231,62.94656014075509,2.0732889101890863e-05,1.4098651631096914e-05,158.66952522459832,0.5341796875
2070000,5,0.007152290240938076,0.000867545610445155,62.84744779741355,1.5353240903244286e-05,8.720761948342846e-06,158.74701401188543,0.544921875
2080000,5,0.007306836425400754,0.0010593171596463937,62.475193766769685,1.1514295676167705e-05,4.881885979929882e-06,158.41164808036214,0.546875
2090000,5,0.006707613499278998,0.00045486834896729043,62.52745303040528,1.149392090978748e-05,4.865779274532256e-06,158.6438194140061,0.5576171875
2100000,5,0.006727389837105196,0.0004889157743149205,62.38474214939504,1.1109392471084755e-05,4.48293712125288e-06,158.63027404671988,0.5595703125
2110000,5,0.006863327453273691,0.0006600214701206217,62.03306150548761,1.1848527177386283e-05,5.224015737080348e-06,158.68683202379182,0.552734375
2120000,5,0.0067982034676169435,0.0005510577449194032,62.47145864954256,1.322642068148388e-05,6.602946221699317e-06,158.70082443406855,0.5546875
2130000,5,0.006533019364825453,0.00028549919040901574,62.475203291524046,8.848989337092861e-06,2.2263385221682757e-06,158.69960847040977,0.55859375
2140000,5,0.006857363679098001,0.0006218697381335088,62.354940930895616,1.1512673064772464e-05,4.891549161115427e-06,158.6980120111052,0.56640625
2150000,5,0.006629556815920277,0.00034547645917262055,62.84080518452333,1.0073910157851021e-05,3.453842818143003e-06,158.65314062734137,0.56640625
2160000,5,0.006992047342116731,0.0007244180854651986,62.67629437849974,1.4872576518091622e-05,8.25450519165093e-06,158.71022859542578,0.5595703125
2170000,5,0.006804037027586396,0.0005403390917812576,62.63698112333906,1.2379390404640534e-05,5.763169797504504e-06,158.5055803062079,0.556640625
2180000,5,0.006502422355495045,0.0002486395521547006,62.53782971622895,8.770718559172285e-06,2.155829217952267e-06,158.66815724460517,0.5615234375
2190000,5,0.006526274733284423,0.0002818885481710741,62.44386311619169,9.551908409733546e-06,2.9385017441517196e-06,158.71356429495873,0.5703125
2200000,5,0.0073041890151834335,0.0010157017705466154,62.88487448886695,1.1974978330186712e-05,5.362054535333495e-06,157.90742521152944,0.560546875
2210000,5,0.007197210238249665,0.0009287024403478634,62.6850795714284,1.6553887226572764e-05,9.943256552348843e-06,157.66894612520838,0.56640625
2220000,5,0.006343018041686677,0.00010169657386716933,62.413216345079455,7.474348247860727e-06,8.649591085676365e-07,157.76744438681746,0.5712890625
2230000,5,0.006380297832550051,0.00013475860002737367,62.45539412185809,7.230508154795084e-06,6.220307606507367e-07,157.60889587890932,0.5615234375
2240000,5,0.006585348135481736,0.00028576364156457937,62.99584654863052,8.642931365523568e-06,2.036560183074727e-06,157.64181790307504,0.56640625
2250000,5,0.007311969357938323,0.0011001212830824226,62.11848263736969,1.3125522183584015e-05,6.519495917750931e-06,157.4761845214238,0.568359375
2260000,5,0.006682852953172561,0.0004030351041110183,62.798180052676706,1.0190917020977997e-05,3.586859884452765e-06,157.47819378105837,0.57421875
2270000,5,0.006931710366146888,0.0006920072668437051,62.39703253766031,1.3268517438343304e-05,6.6672228717834554e-06,157.39792451697832,0.576171875
2280000,5,0.006647261388958816,0.0003522189432614941,62.95042631867159,1.0519793329499001e-05,3.920192351276922e-06,157.46816748978875,0.576171875
2290000,5,0.006836943814794044,0.0006102369778481813,62.267070012141644,1.126757178825311e-05,4.669348634249656e-06,157.47838526698197,0.58203125
2300000,5,0.006806792586396551,0.0005483873798048049,62.584053811608676,1.0361889243514742e-05,3.7640277149751613e-06,157.39965474602835,0.5791015625
2310000,5,0.006801676082564661,0.0005208172671153497,62.80858975106093,1.12890487523473e-05,4.6932035976591005e-06,157.41223416459997,0.5830078125
2320000,5,0.006769117339427362,0.000528626012422371,62.404914935256265,1.0438893061776834e-05,3.844673010195511e-06,157.3946149499674,0.576171875
2330000,5,0.007333618420519505,0.0010414507669741656,62.92167836123486,1.618711390071512e-05,9.593545267017632e-06,157.25298319430053,0.58203125
2340000,5,0.006468573538398667,0.0002684444079556682,62.00129293386206,8.239628978612763e-06,1.6476130546095086e-06,157.40592771745892,0.58203125
2350000,5,0.007032353320183262,0.0008016453419480693,62.3070811704643,1.8361067612262153e-05,1.177104449898073e-05,157.28445212663672,0.580078125
2360000,5,0.007400000599559938,0.0011549083502746923,62.45092404410115,1.7784526790109518e-05,1.1194975111117836e-05,157.3039179941837,0.583984375
2370000,5,0.006666255824699553,0.00044870485586191874,62.175511021307635,8.872360013112907e-06,2.284488341482393e-06,157.367527369918,0.5869140625
2380000,5,0.006982124304658411,0.0007704112624188976,62.117132111215994,1.0420514527197079e-05,3.833823987471015e-06,157.27367115307683,0.58203125
2390000,5,0.00715184461719247,0.0009595364182155017,61.92308347433435,1.7294592061754553e-05,1.0710920239366313e-05,157.27672160451172,0.58203125
2400000,5,0.006399716411582389,0.00018052808405117987,62.19188473520281,8.349169623082147e-06,1.765312375122487e-06,157.47952297024653,0.578125
2410000,5,0.006413564761997696,0.00017042625213334363,62.43138679170591,8.776697330380053e-06,2.194635344581721e-06,157.42210848372744,0.5859375
2420000,5,0.006625953642957104,0.0004051236353113711,62.20830194622857,9.140773571390188e-06,2.55987710880222e-06,157.35913002298307,0.5810546875
2430000,5,0.007318055382149977,0.0010912708524170403,62.26784654157341,1.5030540752272792e-05,8.450876054779945e-06,157.29278459457436,0.5771484375
2440000,5,0.0066195458205684475,0.00038579829399106307,62.337476970562804,9.657378162283428e-06,3.0792333833806115e-06,157.34484434531547,0.5830078125
2450000,5,0.0067421045410310946,0.0005216183199766739,62.20486396945026,8.602686286609605e-06,2.025352564808017e-06,157.0312892497268,0.5654296875
2460000,5,0.006672425701293678,0.00042781986671352985,62.4460602080277,9.007057215934854e-06,2.4317357885808013e-06,156.40070071414465,0.572265625
2470000,5,0.006439667651449221,0.00022741356376230462,62.12254248508213,8.550581275995097e-06,1.9756308952871816e-06,156.48607816845373,0.58203125
2480000,5,0.006914846208659824,0.0006860246340659609,62.28821734691611,1.289335145022986e-05,6.320938914384825e-06,156.40737274434795,0.58203125
2490000,5,0.006526400017088278,0.0002858705315391482,62.40529653680966,8.428677875802835e-06,1.8565089781075995e-06,156.45255960686103,0.578125
2500000,5,0.006932257499935409,0.0006767894903037399,62.554681774757626,1.3920688318875928e-05,7.350302402658961e-06,156.51169031090575,0.5830078125
2510000,5,0.0067412085391865845,0.000521108955871188,62.200997632201194,1.0639970510105902e-05,4.070649373186535e-06,156.49815490030159,0.5908203125
2520000,5,0.006420069179249374,0.00020499391813412894,62.15075440860123,7.82969852312504e-06,1.2616092329762247e-06,156.50359690835273,0.58984375
2530000,5,0.006753118678023267,0.0005237776125459341,62.2934118937672,1.2170979495440135e-05,5.604054118362762e-06,156.53463668695255,0.591796875
2540000,5,0.0072537294961502515,0.0009919150215623987,62.6181464007611,1.5362296588929336e-05,8.795529550050324e-06,156.4201959136411,0.5869140625
2550000,5,0.006772438742069625,0.0005752130056785112,61.972258630087325,1.2349459617265696e-05,5.785209764734934e-06,156.4528771154346,0.59375
2560000,5,0.006940025307892106,0.0007533249812389406,61.86700493561076,1.393290917540334e-05,7.369215352393761e-06,156.41777290835986,0.5908203125
2570000,5,0.0064377873224031115,0.0002484501873921249,61.89337292762144,9.360839797744968e-06,2.7988208159115057e-06,156.5141001158551,0.591796875
2580000,5,0.006408220160427976,0.00022907139477685082,61.791489236504034,9.517655628043069e-06,2.9565973779786812e-06,156.4862986722878,0.5908203125
2590000,5,0.00638726386219178,0.00025016075836553864,61.37103246843725,7.702905814419647e-06,1.1431132900591018e-06,156.45352798986178,0.58984375
2600000,5,0.006801981780031194,0.0006020640979612796,61.999178355123355,1.3532813712081555e-05,6.974753849414732e-06,156.44172298887767,0.5927734375
2610000,5,0.006804618917154695,0.0005397807542615471,62.64838325704205,9.800114023894108e-06,3.241842987782606e-06,156.32345135467804,0.58984375
2620000,5,0.006669625388269774,0.0004888444275828209,61.8078111079389,1.0648049751226897e-05,4.092053996498213e-06,156.44894614018014,0.5966796875
2630000,5,0.006476428724997477,0.0003283902781849413,61.480386084883335,1.0873926032083245e-05,4.3200713995294825e-06,156.41507348550434,0.59765625
2640000,5,0.007129334898530147,0.0008812036855050445,62.4813138436885,1.508789154301269e-05,8.534428072969697e-06,156.39455308930778,0.599609375
2650000,5,0.008074525409789226,0.001865215002378337,62.0931053481922,1.9536519920787728e-05,1.2984408025075901e-05,156.1855241232358,0.591796875
2660000,5,0.006228543143042103,7.838094928321302e-05,61.501623282161404,7.319564700603985e-06,7.684821597178393e-07,156.50190650948883,0.603515625
2670000,5,0.006491141235024263,0.0002922051994902756,61.98936194576393,9.203334977827908e-06,2.653493099469352e-06,156.40088963379736,0.6064453125
2680000,5,0.006320220773720178,0.00011834303298213977,62.01877901849641,7.454867826843203e-06,9.060244815103037e-07,156.42870053769,0.6044921875
2690000,6,0.006371066979057984,0.00018185717720972384,61.89209951406227,8.495069675079463e-06,1.947557868880469e-06,156.33650363310142,0.60546875
2700000,6,0.007378007023114032,0.001206244201644926,61.717629919784585,1.7432082953195923e-05,1.0885110686783288e-05,155.03850298445133,0.6005859375
2710000,6,0.006413886053148416,0.00024273286048954911,61.71153337192171,7.934575378988384e-06,1.3895845168978722e-06,155.10539268519005,0.6005859375
2720000,6,0.006504452713544754,0.0003150457727971256,61.89407088928509,8.708112575359037e-06,2.164345770300767e-06,155.10542589175154,0.6015625
2730000,6,0.007113953654091048,0.000887742981237686,62.2621080956359,1.4577996857241447e-05,8.035056782146666e-06,155.10759527801847,0.59375
2740000,6,0.0070444058462258,0.000880691464161793,61.637144972807036,1.3039146061268068e-05,6.497520639991103e-06,155.0952208192328,0.6015625
2750000,6,0.006625035911086418,0.0004609949956818737,61.64041074001464,1.0484050110826665e-05,3.943656563813141e-06,155.10961332344561,0.603515625
2760000,6,0.007082993747464804,0.0008809841507917325,62.02009735445907,1.2745963293834915e-05,6.206533760077205e-06,155.06024267682707,0.6064453125
2770000,6,0.007238857710526601,0.0010154947517642312,62.23363100019646,1.5450288291617808e-05,8.912827084556595e-06,155.09997054605086,0.60546875
2780000,6,0.007117643332677378,0.0009435136998825681,61.741297800488304,1.5305194766502615e-05,8.76854848220544e-06,155.0689388350033,0.603515625
2790000,6,0.006737126818153293,0.0005412557217246161,61.9587125852718,9.70256844886065e-06,3.1666130201747383e-06,155.04731362797733,0.599609375
2800000,6,0.006759609730159288,0.0005692644407234367,61.90345473527135,1.3259754149797203e-05,6.725181603590891e-06,155.1042738613513,0.6005859375
2810000,6,0.0063612275054884815,0.0002031865253624846,61.58041125056448,8.690211635799061e-06,2.156389157013285e-06,155.10298801789955,0.603515625
2820000,6,0.0064572034827479535,0.00029761688659061516,61.59586773509513,9.518781325277818e-06,2.9867827696132074e-06,155.06631722331048,0.6015625
2830000,6,0.006423555246125798,0.0002755198700508258,61.480355158185866,8.825045844652179e-06,2.2939397068926537e-06,155.0192281537724,0.6103515625
2840000,6,0.006539905300738709,0.00038762704841704417,61.52278411524755,1.1751157116456235e-05,5.222768032971283e-06,154.81013336190077,0.611328125
2850000,6,0.006460976524490986,0.00031452031833166066,61.464563792297824,9.854632816314985e-06,3.32594793158387e-06,154.3476285624174,0.609375
2860000,6,0.007042672780824649,0.0009220138065603609,61.206590967547164,1.220558877786697e-05,5.676279691481796e-06,154.1497890917383,0.60546875
2870000,6,0.007164782604681653,0.0010057320700685665,61.59050703931011,1.6534643135921233e-05,1.0007514420370328e-05,154.12359307350272,0.6083984375
2880000,6,0.0062520519656312674,0.00012197740309455828,61.300747097473085,7.631662608121727e-06,1.1047741787410479e-06,154.161878843522,0.6064453125
2890000,6,0.0065738918931373645,0.00038993364282361256,61.83958401142955,1.2181397523721235e-05,5.655473868225158e-06,154.20920206799008,0.6064453125
2900000,6,0.006715322765855074,0.0004985268141506279,62.167960989828835,1.0069047428292184e-05,3.544164723414848e-06,154.1327993513361,0.609375
2910000,6,0.007161606814371851,0.0009719297685616499,61.896771847370346,1.4665820079121594e-05,8.140475843273853e-06,154.14843332090518,0.6015625
2920000,6,0.006781206590391343,0.000604783873121026,61.76422889865605,1.4145306617811113e-05,7.621980819890081e-06,154.21516037062293,0.609375
2930000,6,0.006477845505875889,0.000358673497555173,61.191721835564636,1.0869568549911446e-05,4.348418458532893e-06,154.14967523583744,0.6123046875
2940000,6,0.006990658983373567,0.0008638280179204723,61.26831165418569,1.2370791225939617e-05,5.850136809812315e-06,154.14580026400904,0.6123046875
2950000,6,0.006564967759403756,0.0004389679319501951,61.25999972342075,9.431341683766462e-06,2.9116788512761e-06,154.17080699257593,0.609375
2960000,6,0.00646451929517871,0.0003055004731649297,61.590190019749556,9.783717018944828e-06,3.2650596983172947e-06,154.19981065814432,0.6142578125
2970000,6,0.006471604604492904,0.00030218320568621175,61.69421559000479,9.98574642234616e-06,3.4675460949239846e-06,154.18167316818466,0.615234375
2980000,6,0.0073409121342193715,0.0012117852176343538,61.29127084813128,1.603059989388602e-05,9.512566457351731e-06,154.11240682170407,0.6064453125
2990000,6,0.0063089148937764995,0.00015362861958379359,61.55286430018513,7.638397868074718e-06,1.1227332318183683e-06,154.20107784983924,0.6142578125
3000000,6,0.006876889617350408,0.0006991298406167769,61.77759953771597,1.5113718657488373e-05,8.598872976248713e-06,154.19484204995067,0.6162109375
3010000,6,0.00696890389862011,0.0008397231533231027,61.29180909433474,1.2855135993363939e-05,6.341839123710335e-06,154.14077375936145,0.6005859375
3020000,6,0.006446258879930966,0.00034548719143963916,61.00771824420187,9.368759510994505e-06,2.8563330369343303e-06,154.18491524041946,0.611328125
3030000,6,0.00634882642767272,0.00021036775783872048,61.38458808070577,8.067248510180229e-06,1.5554152375898865e-06,154.13386149473556,0.6083984375
3040000,6,0.006523096266532439,0.00040519623632774007,61.179002225449565,1.0474231706030085e-05,3.963405075406142e-06,154.18735617928664,0.61328125
3050000,6,0.006797684199755561,0.000703693009159628,60.93991348259335,1.3210177218508364e-05,6.700512518755144e-06,154.10949045687306,0.6015625
3060000,6,0.007012968612006301,0.0008766843841935399,61.36284362633609,1.1124880914391871e-05,4.615706733354589e-06,154.1455352919041,0.607421875
3070000,6,0.006377744534100529,0.00027031038280840895,61.07434313795967,8.653716451150424e-06,2.1455595617251174e-06,154.1682733295769,0.6064453125
3080000,6,0.0065238146199985995,0.00037590901543575923,61.47905769228915,1.1910246160566363e-05,5.4037643329539425e-06,154.18603289314814,0.6171875
3090000,6,0.006556862389266173,0.0004133084372760417,61.43554106710024,9.689474675856145e-06,3.183706616468403e-06,154.16054172541024,0.6064453125
3100000,6,0.006841838929496728,0.0006914460583289909,61.50393002948354,1.0765667395737388e-05,4.2604477143649365e-06,154.12152551116074,0.607421875
3110000,6,0.006795461999027469,0.0006793026586103169,61.1615949992238,1.4003734760128987e-05,7.499701337252184e-06,154.16299203615512,0.6083984375
3120000,6,0.007088802048497225,0.0009331690449025519,61.55633166846954,1.6874083222225306e-05,1.0371393314420495e-05,154.18665038056417,0.6103515625
3130000,6,0.007144862011140934,0.0010102633333744539,61.34598829932274,1.201065610992535e-05,5.508253362388953e-06,154.05938643848276,0.60546875
3140000,6,0.006445202465335514,0.00032407918656639743,61.21123412573414,9.867988930265328e-06,3.366871449379215e-06,154.20930303829448,0.6123046875
3150000,6,0.006418002868659577,0.00033009027389558173,60.87912725395157,7.888127006170505e-06,1.387970031454483e-06,154.1303359741147,0.5986328125
3160000,6,0.006684598440992438,0.000565422451646213,61.19176140461278,1.2115230445735353e-05,5.616214995830689e-06,154.1271629271771,0.6064453125
3170000,6,0.006808216204378239,0.0006407746011060011,61.67441742798554,1.5597245299460018e-05,9.099758060752356e-06,154.17842848015798,0.6083984375
3180000,6,0.006797916053595434,0.0006817475182731319,61.16168688862516,1.2893510432267395e-05,6.395832022671649e-06,154.19528954188263,0.6025390625
3190000,6,0.006470710447743895,0.00030356294811274294,61.67147678205842,9.354686762656054e-06,2.8579773279176653e-06,154.1884262522195,0.599609375
3200000,6,0.0066523166603330575,0.0005229978014945658,61.29319045261848,1.2168493691866348e-05,5.672940946825986e-06,154.2246496429386,0.603515625
3210000,6,0.006168492803028355,0.00010771268497150405,60.607802490259246,7.585260783723645e-06,1.090605173076011e-06,154.24303687670866,0.60546875
3220000,6,0.00684045836854965,0.0007066704547129233,61.33788058780012,1.1949056758143016e-05,5.455513815921111e-06,154.17746910930768,0.595703125
3230000,6,0.007058687991585892,0.0009275450961134472,61.31143080932105,2.0754920131249888e-05,1.4261574653894732e-05,154.1782270364785,0.59765625
3240000,6,0.0069949739389797115,0.0008948585621844102,61.00115576255074,1.2515551418466668e-05,6.023822441632939e-06,154.150358865651,0.6015625
3250000,6,0.007020511913112236,0.0009304385075851101,60.90073548666987,1.6771709881807484e-05,1.0281429862065089e-05,154.2083311862869,0.607421875
3260000,6,0.006459908919580868,0.00032922466243572555,61.3068441199732,9.253636919552185e-06,2.7636629718751607e-06,154.15587846025176,0.599609375
3270000,6,0.006188155592080973,0.00010996044856696166,60.781953336702415,7.339155126730259e-06,8.500885125757872e-07,154.19118352643952,0.6025390625
3280000,6,0.006417069941729499,0.00031182060673590043,61.052495289376466,1.0457193238658258e-05,3.969301936088344e-06,154.2254169415203,0.6064453125
3290000,6,0.006446441922627602,0.00029554371636786927,61.50898345655598,8.622811572416104e-06,2.1351940395986088e-06,154.1746838565845,0.6103515625
3300000,6,0.007558611299699318,0.0014146044772031607,61.44006961075487,1.6461314051096378e-05,9.975176585212522e-06,154.1243397356229,0.59765625
3310000,6,0.006803927329567512,0.0006891168725814959,61.14810607072899,1.1025664396135515e-05,4.5399718351005404e-06,154.1214844660889,0.603515625
3320000,6,0.006596525130657023,0.00043948048358712164,61.57044828888649,1.1495921513592546e-05,5.0111880253077496e-06,154.23169554479384,0.611328125
3330000,6,0.006417859525395588,0.00031384084635423113,61.040188349595006,8.53123073927895e-06,2.0470669815206566e-06,154.1680173231409,0.611328125
3340000,6,0.006431897590871172,0.00031456803645020634,61.1732972197475,8.558613212639465e-06,2.0750958931891967e-06,154.15157906538488,0.60546875
3350000,6,0.006439308492808973,0.0002866033823575172,61.52705287546375,8.364571218152877e-06,1.8823242467129792e-06,154.15186381677705,0.6083984375
3360000,6,0.007074831388477045,0.0009444198563450132,61.30411677997463,1.3688635118763098e-05,7.207877495795855e-06,154.11800666105452,0.603515625
3370000,6,0.007072230017849866,0.000980014505159272,60.92215673104674,1.8582402635554786e-05,1.2102346318699355e-05,154.2067647801531,0.607421875
3380000,6,0.006410730153634409,0.000306526706371709,61.04203577784328,9.625093962768859e-06,3.144878208663204e-06,154.19734417299355,0.609375
3390000,7,0.006392848569680911,0.0002985142756519803,60.94334454027228,1.0443817885851976e-05,3.965293734557205e-06,154.22228129027917,0.611328125
3400000,7,0.006572685990671269,0.000455385176542738,61.17300952816286,1.066288954721506e-05,4.185194952031343e-06,154.21945435875762,0.6044921875
3410000,7,0.006959057720171163,0.000771239206097109,61.87818677784791,1.1293105789062082e-05,4.816065752220872e-06,154.1800057451054,0.6103515625
3420000,7,0.006586599135122296,0.00042701436996070403,61.59584943630751,9.98057412101018e-06,3.5037900223588072e-06,154.16052920123224,0.6064453125
3430000,7,0.00687699598065618,0.0007549387722921976,61.220573745767126,1.6394123149833016e-05,9.918874127153858e-06,154.15712217745968,0.6044921875
3440000,7,0.007559995749249362,0.0014690710596925076,60.90924858990362,2.4032042138667653e-05,1.75577652498348e-05,154.10021682032576,0.599609375
3450000,7,0.006828409212462283,0.0007162844916249738,61.121248679812616,1.0171011018522174e-05,3.696557026582564e-06,154.14099493882694,0.5966796875
3460000,7,0.006950740113454192,0.0008682519057705168,60.82488366583126,1.3349744092230012e-05,6.876895076874783e-06,154.1546331200319,0.603515625
3470000,7,0.006858773180747022,0.0007516635842356006,61.07109742238106,1.3827158778901848e-05,7.354978935562375e-06,154.09857372989427,0.6044921875
3480000,7,0.006436152527029127,0.00032418870831482367,61.119639934133275,8.098161205647097e-06,1.6268182352387646e-06,154.16023935787976,0.6015625
3490000,7,0.00654853155428806,0.0004861479002749927,60.62383797279407,1.1244727536613603e-05,4.773808074015354e-06,154.17989864819776,0.6083984375
3500000,7,0.006694347669247605,0.0006152823891703097,60.790654232056035,1.109543929524873e-05,4.626085743768316e-06,154.13346270550574,0.6044921875
3510000,7,0.00721202979467351,0.0010444660234825126,61.67563927608564,1.545989611925021e-05,8.991216172743006e-06,154.08566648536154,0.6025390625
3520000,7,0.006789018820579159,0.0006740092164117096,61.15009776677602,1.1357516010075428e-05,4.889538318599365e-06,154.12190839547463,0.6044921875
3530000,7,0.006608140814352383,0.0005382816908740769,60.698592983095075,1.0855379275253235e-05,4.388322133464261e-06,154.17358990286647,0.6005859375
3540000,7,0.006542116197874246,0.00038404640521234363,61.580699326986476,1.0663922615012452e-05,4.197369416357658e-06,154.1918378691269,0.609375
3550000,7,0.007053295218762058,0.0009319302922239951,61.213650631112415,1.555633830223611e-05,9.089802554273718e-06,154.12456776243718,0.6083984375
3560000,7,0.006423913893676547,0.0002956611242458358,61.28252909529154,8.411043230006339e-06,1.946018921556428e-06,154.16731364433215,0.607421875
3570000,7,0.0070591273227862275,0.0009074301081936038,61.51697338537916,1.5016453731455724e-05,8.552825677736715e-06,154.11721111303729,0.60546875
3580000,7,0.00637223940438629,0.00027671416431827644,60.95525382142891,8.976969192470228e-06,2.513563566680413e-06,154.1923780874581,0.6103515625
3590000,7,0.006623474116413859,0.0005308277057508947,60.926465784290606,1.1242204159594324e-05,4.7802183438573995e-06,154.14886526970065,0.609375
3600000,7,0.00740019127932982,0.0013218190652941031,60.783723549794004,1.5905052779076493e-05,9.44444833613562e-06,154.07603100815993,0.6025390625
3610000,7,0.006286987938004655,0.00017999757375571632,61.0699049515868,8.330400217975005e-06,1.8698659080450548e-06,154.1647957504501,0.6064453125
3620000,7,0.006547036240756934,0.00045006295651874246,60.96973435539228,1.0510079808025944e-05,4.050201666446258e-06,154.0740922617485,0.60546875
3630000,7,0.00634151681291634,0.00025108058137113286,60.90436401456511,8.503380663102092e-06,2.0441543438687046e-06,154.12986370128993,0.599609375
3640000,7,0.006514243611465624,0.00045969541653703065,60.54548364478913,9.020256388961028e-06,2.561616399951085e-06,153.9650181634485,0.5859375
3650000,7,0.006228896695845308,0.00014775195866884505,60.81144885500271,7.5155935747352545e-06,1.0580954562752344e-06,153.19321567383594,0.5927734375
3660000,7,0.006684871616494014,0.0005799075597071319,61.04964218570084,1.4283002606192941e-05,7.825748411673659e-06,153.26000345915162,0.59765625
3670000,7,0.007015244500758977,0.0009390749088493186,60.76169742302562,1.5418471409652285e-05,8.962756088962437e-06,153.20328039678694,0.6015625
3680000,7,0.007042427670877146,0.0009729317140369217,60.694961123161555,1.724434632638165e-05,1.078891537293646e-05,153.22944983210294,0.595703125
3690000,7,0.006645763385048293,0.0005517818165295525,60.939817014941475,1.1026079749915536e-05,4.571717177847983e-06,153.19851111490067,0.595703125
3700000,7,0.006779253251482068,0.0006892340520824428,60.90019350701869,1.3599185691199896e-05,7.144903663877809e-06,153.18980337883656,0.5986328125
3710000,7,0.006696201504053738,0.0005965773639842091,60.99624281091545,1.1285027799221832e-05,4.832263589001813e-06,153.14020020009025,0.5947265625
3720000,7,0.006257536720765067,0.000186596617799048,60.709402597824834,7.37147048730572e-06,9.192001048026782e-07,153.21122182649313,0.599609375
3730000,7,0.00642279270115681,0.0003138904060170205,61.08902450542786,1.02475213230342e-05,3.795786722779547e-06,153.2284023321992,0.6015625
3740000,7,0.006706646425967117,0.0006021429829722683,61.045036092020936,1.1078515685532977e-05,4.627183441927936e-06,153.20260577849206,0.59375
3750000,7,0.0067668615246559306,0.0006272966855682651,61.39565009960794,1.2544841798558264e-05,6.09468632209262e-06,153.22590890435418,0.599609375
3760000,7,0.006715305259612951,0.000647770418491211,60.67535022740223,1.1011379926379377e-05,4.562373140898642e-06,153.20542878835565,0.5908203125
3770000,7,0.006176114240154304,8.437183069887549e-05,60.91742537208486,7.313503850287654e-06,8.651297954622351e-07,153.23597407988348,0.5849609375
3780000,7,0.006873724635858481,0.0008178825946344663,60.55842201326945,1.170544458114437e-05,5.2575770565777816e-06,153.1691318207567,0.5849609375
3790000,7,0.006406113692314613,0.0003167587463195869,60.89355092770641,9.210615149841423e-06,2.763454446790519e-06,153.21818595166275,0.6025390625
3800000,7,0.006121883078606186,7.292352515804789e-05,60.489596902950304,6.974590599284735e-06,5.279118185692899e-07,153.25055225765783,0.5986328125
3810000,7,0.006464066963538763,0.00040609701968454144,60.57970120206587,1.0337385997237133e-05,3.891957243278688e-06,153.20199689508863,0.59765625
3820000,7,0.006647579317028007,0.0005432873161537044,61.042921854457546,1.5104677414108828e-05,8.659433669486797e-06,153.25357090081806,0.5966796875
3830000,7,0.006373973536713565,0.00032682949060098605,60.47144183698114,8.744062911342173e-06,2.300148237146345e-06,153.21795215684566,0.595703125
3840000,7,0.006667600702830753,0.0005952503776460867,60.72350492054343,1.2841167669102999e-05,6.398011983043589e-06,153.1883631746,0.5947265625
3850000,7,0.006320563109951143,0.00026090063864636723,60.596626550021035,9.084994176693254e-06,2.6425968112001305e-06,153.24088551229934,0.6005859375
3860000,7,0.006902160355182966,0.000750471396723655,61.51689098759445,1.909034701241217e-05,1.2648831915555148e-05,153.1902494307026,0.58984375
3870000,7,0.006248465709409889,0.00020710155295541188,60.413643033539906,8.38485149454325e-06,1.9432942071779103e-06,153.2347418059023,0.5986328125
3880000,7,0.006432298958402701,0.0003823990215472816,60.49900065794917,1.0318219002565679e-05,3.877578140365608e-06,153.21887422158497,0.5908203125
3890000,7,0.0060741096044828104,8.663044896512346e-05,59.8747928042523,7.699861953406847e-06,1.2600399307850594e-06,153.27615863337064,0.59375
3900000,7,0.006235671520618605,0.00021664201559449937,60.19029645066833,7.972778165274858e-06,1.5337354866066628e-06,153.21274646535824,0.5947265625
3910000,7,0.006223863975420599,0.0001760825011547246,60.47781599109959,7.66378085614405e-06,1.2254878745074642e-06,153.22279442900688,0.5869140625
3920000,7,0.006684094635322993,0.0006685815137912933,60.15513284678976,1.5034253181343604e-05,8.596179296399563e-06,153.19773016473357,0.587890625
3930000,7,0.00673210674706965,0.0006387750815252318,60.93331843274863,1.345120747057042e-05,7.0140905281387845e-06,153.21724775557402,0.5947265625
3940000,7,0.006207753071537971,0.00014896535304262105,60.587878282804375,8.005860357415416e-06,1.5699343690308333e-06,153.26267134196712,0.591796875
3950000,7,0.006339127489976339,0.0003103642416827653,60.28763391258152,1.3587252503968786e-05,7.151519771156117e-06,153.26731027802535,0.5947265625
3960000,7,0.00660399984645514,0.0005146826086761452,60.89317422881736,1.2443156614780095e-05,6.008750908675958e-06,153.2568489290189,0.595703125
3970000,7,0.006583500942490655,0.0005082717126524658,60.75229384410723,1.1064084568947026e-05,4.629908902682008e-06,153.21350196091032,0.591796875
3980000,7,0.006166745662780289,9.702578152533722e-05,60.69720017357131,7.238557363964855e-06,8.049696501099134e-07,153.23767520224607,0.5927734375
3990000,7,0.006910249701001623,0.0008443348424972351,60.659149622134635,1.4500352677948227e-05,8.067850266105271e-06,153.16764146931772,0.5927734375
4000000,7,0.006254852884146529,0.00013135647581189513,61.234965804552786,7.581549871381699e-06,1.149083237067996e-06,153.2444520768735,0.5966796875
4010000,7,0.0066391589865323385,0.0005846456870201319,60.54513477287129,1.1360012397414131e-05,4.928865362619635e-06,153.2163205095543,0.5966796875
4020000,7,0.006677704428269112,0.000613875948959712,60.638286638999695,1.3316393202877651e-05,6.884753168433237e-06,153.24224168818353,0.59765625
4030000,7,0.006429223344334641,0.0003144308797997514,61.14792565909121,1.012800873860685e-05,3.6975927174337737e-06,153.21573478545207,0.595703125
4040000,7,0.006403298918518034,0.0003825469840506625,60.20752077142337,8.967323755268385e-06,2.5373721964404554e-06,153.21313894603705,0.5908203125
4050000,7,0.0071078937527831445,0.001006803070211582,61.01090834729484,1.4363725411880968e-05,7.933445865744998e-06,153.1531421368203,0.5947265625
4060000,7,0.006689532107253595,0.0006782433786080238,60.11288850370728,1.1575419814878387e-05,5.147245889735979e-06,153.15832097509858,0.59375
4070000,7,0.0069557415449848356,0.0008420127260255178,61.13729011448312,1.2599758386458497e-05,6.171222643305673e-06,153.19355557401062,0.591796875
4080000,7,0.007277860547354996,0.0012120128669869505,60.65847830265477,1.930110649807825e-05,1.2873923633722475e-05,153.2065901891376,0.5966796875
4090000,8,0.00648637930999504,0.00038112177455722814,61.05257704166771,9.663607053811647e-06,3.23718607243946e-06,153.19054085072224,0.5966796875
4100000,8,0.006496070329809396,0.0003951325763888249,61.0093790233909,9.603712657793949e-06,3.177930159223835e-06,153.2059980678772,0.6005859375
4110000,8,0.006618157284720198,0.0005529367919457664,60.652206500060316,1.3254120783982922e-05,6.828280258444603e-06,153.22969281913385,0.6015625
4120000,8,0.007442087308371858,0.0013804152659257984,60.616722196292564,1.8461862346331833e-05,1.2036469447297067e-05,153.1645287510199,0.6005859375
4130000,8,0.006575387645077137,0.0005740897745449282,60.01298049449958,1.4705846834421982e-05,8.28103355434218e-06,153.24378908139641,0.59765625
4140000,8,0.006959142682121474,0.0008781268566717337,60.81016005036305,1.1975526556829277e-05,5.551423455820813e-06,153.20002674410608,0.5947265625
4150000,8,0.006292088410035198,0.00023895624514475036,60.53132313175187,8.5193168260327e-06,2.0965090495792505e-06,153.2216435720735,0.59375
4160000,8,0.006550819255525481,0.0005054162181403733,60.45403217052453,1.1620524817895128e-05,5.1984139110628314e-06,153.1661557569864,0.5908203125
4170000,8,0.006672804970759051,0.0006160316188145731,60.567735329997824,1.0213115011431733e-05,3.791485967279868e-06,153.19635028875388,0.5927734375
4180000,8,0.006810492830012212,0.0007582473714213761,60.522456089185965,1.2807539926787258e-05,6.386546540006898e-06,153.17834724586575,0.591796875
4190000,8,0.006637707818806596,0.0006054952995933848,60.322126767779565,1.2692000061351204e-05,6.271863754159175e-06,153.19480915915932,0.595703125
4200000,8,0.006600362693664609,0.0005631765243401979,60.37186316077075,1.068607008367377e-05,4.265801860981546e-06,153.1367511421144,0.595703125
4210000,8,0.006940993632678013,0.0008848949700551226,60.56098805645304,1.4205813116109322e-05,7.786593103778773e-06,153.17691348246464,0.5947265625
4220000,8,0.006552017539706675,0.0005400934018162388,60.119242894100786,1.0140744138971615e-05,3.7221140666763155e-06,153.2117592507917,0.5966796875
4230000,8,0.006512161527397373,0.00046200175287424827,60.501599614787615,1.1537041402240905e-05,5.1199330070997905e-06,153.21340788296024,0.6015625
4240000,8,0.006594904123771439,0.0005455915119894745,60.493127806029385,1.100788419498907e-05,4.590727672948345e-06,153.15440932808758,0.5966796875
4250000,8,0.006746338639374238,0.0006701295293494347,60.76209266806535,1.1612491995553273e-05,5.196112839108568e-06,153.1660327555348,0.59375
4260000,8,0.006607823724826068,0.0005667090072746432,60.41114893003459,1.2045427275143224e-05,5.629847439471949e-06,153.21479915841377,0.6005859375
4270000,8,0.006541041221173069,0.0005037524345771373,60.37288941709411,1.1607074532541694e-05,5.192039838770057e-06,153.17995978824314,0.5986328125
4280000,8,0.006447111981240978,0.000370919924061156,60.76192198156256,1.071999627803155e-05,4.3050594422737624e-06,153.2177785575981,0.5966796875
4290000,8,0.007254470090709667,0.0012072456635492316,60.472245918921544,1.4555718128151851e-05,8.14080162391934e-06,153.1593050360785,0.5986328125
4300000,8,0.0065836183032963345,0.0005436042482865529,60.400142186310035,1.512664700385527e-05,8.713371049070729e-06,153.23658070995918,0.599609375
4310000,8,0.00697761184248339,0.0009106518952539395,60.66960115090964,1.2618385240376537e-05,6.20557804511536e-06,153.09850587558685,0.5947265625
4320000,8,0.0064612892723095155,0.000401608877595778,60.596805356707975,9.723313984324988e-06,3.310728855777944e-06,153.18607042330152,0.5947265625
4330000,8,0.006743381120009399,0.000720409841515238,60.229714465121724,1.3357940323628932e-05,6.946569558465014e-06,153.16788062547303,0.5947265625
4340000,8,0.006448426691289222,0.0004509279687369824,59.9749888410736,9.503010150886098e-06,3.0918760642111386e-06,153.18053095985826,0.59375
4350000,8,0.006414348025132351,0.00030925738918682953,61.050908080028805,9.142098960923232e-06,2.7316658541246587e-06,153.20955458460125,0.59375
4360000,8,0.006877861972496203,0.0007918614440483797,60.860007023351514,1.621890906291421e-05,9.809293590928357e-06,153.11078765654898,0.591796875
4370000,8,0.006166459641138171,0.00010500700781168226,60.614527697679726,7.199471580927951e-06,7.897819136097796e-07,153.19388110177323,0.5947265625
4380000,8,0.006511941521805826,0.00038932338084819013,61.22618310169093,9.271208578260325e-06,2.862313525841808e-06,153.18445004089853,0.59375
4390000,8,0.006646922546056649,0.00059138577977746,60.55536914645245,1.2365913323946775e-05,5.957412889111611e-06,153.20091835243787,0.5966796875
4400000,8,0.008141802476549371,0.002040060693115967,61.017419982912294,2.542713686579429e-05,1.901952289757006e-05,153.06481619297543,0.59375
4410000,8,0.006782963133858472,0.0006997308289546688,60.83232476303201,1.1246480020108715e-05,4.839894157886995e-06,153.10718774985713,0.5966796875
4420000,8,0.00633419463743114,0.00029557418594754,60.38620620285319,8.768752415251494e-06,2.3625486817722193e-06,153.15737683265488,0.5947265625
4430000,8,0.006406407524250576,0.00036125775911470407,60.451499270915136,1.025119024642453e-05,3.845084053311445e-06,153.17126133483148,0.5947265625
4440000,8,0.006456817509118956,0.0004211155000285622,60.357021458180114,1.001220644014049e-05,3.6067785149894735e-06,153.17955343170962,0.595703125
4450000,8,0.007514094238525637,0.0014566050856683569,60.57489265467921,2.040595936318071e-05,1.4001620564549887e-05,153.04477924308327,0.5966796875
4460000,8,0.006290678658964523,0.0002832010313806084,60.07477804247983,8.80581219045922e-06,2.4019681745205797e-06,153.19890706470937,0.599609375
4470000,8,0.006981551964134235,0.000963793963167384,60.17758158614644,1.3522274316924516e-05,7.118990997537468e-06,153.07611291871814,0.5947265625
4480000,8,0.0062448462088984325,0.00021470404731818344,60.30142307770585,9.17393537382974e-06,2.771392051596493e-06,153.09559942225636,0.6005859375
4490000,8,0.006530533343328784,0.0004994004529415516,60.31133024445409,1.0071697486572571e-05,3.6691431753730017e-06,153.02941651020475,0.595703125
4500000,8,0.006233353592293559,0.00021212700477526666,60.212267544263156,8.907953307137003e-06,2.5063446726552455e-06,153.19588860251034,0.6005859375
4510000,8,0.006484095953624438,0.00040879088301314006,60.75305213883726,1.0754692154441247e-05,4.352790948324126e-06,153.1866955271676,0.599609375
4520000,8,0.006375359652011511,0.0003194163202588649,60.55943539014781,8.430513080243704e-06,2.0296935471926066e-06,152.9692079391661,0.5966796875
4530000,8,0.006884149554708588,0.0007971764278764386,60.869732578803294,1.2985945758805298e-05,6.586722654605098e-06,152.1728136379421,0.603515625
4540000,8,0.006337007580846674,0.0003075915233657139,60.29416196052239,9.626485830308076e-06,3.2272510742723547e-06,152.25221684223308,0.6025390625
4550000,8,0.007496892678692792,0.0014689125206791321,60.27980313302269,1.6585289995368974e-05,1.0185750452193513e-05,152.15314452589402,0.59765625
4560000,8,0.006785474219478251,0.0007306609489809521,60.54813433293749,1.2997017696579726e-05,6.598531808852885e-06,152.2320976666946,0.595703125
4570000,8,0.00660499323437112,0.0006018584033982675,60.031349930819424,1.0688483982938533e-05,4.29123727394879e-06,152.2222078496905,0.59765625
4580000,8,0.0063295590388088374,0.0002982420237428916,60.31317160251686,9.39422831021948e-06,2.996878599753078e-06,152.24474300068502,0.5986328125
4590000,8,0.006242123772601274,0.0002125290413413553,60.295948845507176,8.455595060123067e-06,2.0586501401971993e-06,152.27992236053262,0.59765625
4600000,8,0.006100368260230518,7.062200897739516e-05,60.29746396688591,6.8966282331491926e-06,4.999825292901134e-07,152.23566242822722,0.595703125
4610000,8,0.0067730304312425965,0.0006794233553207614,60.93607259756245,1.2260790593892012e-05,5.864578817755292e-06,152.2106756156272,0.59375
4620000,8,0.0065399869811913645,0.0005155680939045105,60.2441906075227,9.263312017263893e-06,2.867331624421289e-06,152.18849698947955,0.5908203125
4630000,8,0.006464628935025071,0.0004646248384438778,60.000042568128706,1.0866027407044145e-05,4.471642299320839e-06,152.212822295627,0.58984375
4640000,8,0.006579092335449924,0.0005696212017211518,60.09471326611195,1.2246437660354299e-05,5.852164270325067e-06,152.24345823827667,0.59375
4650000,8,0.006382072092994312,0.00034167087865621753,60.40401389357697,1.046536440343619e-05,4.071226748229223e-06,152.22892299620267,0.591796875
4660000,8,0.006330381146353265,0.0003355123196147108,59.94868975521537,8.305891568727787e-06,1.9125395025147595e-06,152.2470120062087,0.5927734375
4670000,8,0.006874326929798895,0.0008744262883293063,59.99900759226556,1.638101894498395e-05,9.989819811020312e-06,152.16466391816945,0.595703125
4680000,8,0.006453901339746407,0.00040629618544293943,60.47605311993907,1.0377998389974846e-05,3.986288057373733e-06,152.2252256801898,0.591796875
4690000,8,0.0068605906476363904,0.0008034276047007134,60.5716319453838,1.5269488735196565e-05,8.878468585912994e-06,152.23538024425815,0.595703125
4700000,8,0.006392217074227705,0.0003868894907199403,60.053277488923925,1.0460542806036555e-05,4.069541243969287e-06,152.21646712170295,0.595703125
4710000,8,0.006324596445149991,0.00026275948586619677,60.61837133439209,9.88261163228659e-06,3.4931578014863998e-06,152.2509837564524,0.599609375
4720000,8,0.0068065232624080685,0.0007618577042318218,60.44665672535445,1.2488199517290357e-05,6.098865114229491e-06,152.12978832305427,0.595703125
4730000,8,0.006562821515258914,0.0005550399437978965,60.077817245877874,1.141863012057912e-05,5.030266853463256e-06,152.1322138514358,0.59765625
4740000,8,0.006353961910709791,0.00030773169359423364,60.46230387102875,8.40450772669969e-06,2.015544767571831e-06,152.16076218275106,0.595703125
4750000,8,0.0066294805244435885,0.0006066396382136747,60.22841046044126,1.4368736597113788e-05,7.980859304212445e-06,152.2231368071533,0.6015625
4760000,8,0.006468308458048358,0.00042824062131990024,60.400679960655665,1.0727930829212136e-05,4.339684732224573e-06,152.18565510056766,0.6015625
4770000,8,0.007142312659953763,0.0011199505937411647,60.22362218545802,1.5207482370846837e-05,8.820378978777586e-06,152.11253198707945,0.59375
4780000,8,0.00669844859572814,0.0006650376351319241,60.334111162354176,1.1460626492272662e-05,5.07420194355784e-06,152.15515243185268,0.599609375
4790000,8,0.006162855012122632,0.00012862775546634427,60.342273909530455,7.529798349525733e-06,1.1434354777873692e-06,152.20914786665753,0.595703125
4800000,9,0.006382120807954263,0.00036722942064099855,60.14891533485236,1.0878055291772388e-05,4.491831387465176e-06,152.22452402784216,0.6005859375
4810000,9,0.006178759162934826,0.00013996188064226627,60.38797419608622,7.598337908014835e-06,1.2134476864262038e-06,152.22694536666933,0.599609375
4820000,9,0.006754987299102106,0.0007285312597524881,60.26456200923013,9.453235764727415e-06,3.068241069004342e-06,152.02157776361898,0.58984375
4830000,9,0.006163836474702907,0.00021307057937143244,59.50765990589005,8.526163356692422e-06,2.141841419677782e-06,151.29421245350545,0.5947265625
4840000,9,0.006753997324132989,0.0007464241856532861,60.075732819353874,1.501924750553291e-05,8.635566039640528e-06,151.30373042793053,0.5986328125
4850000,9,0.006426162360929062,0.0003950138573726684,60.31148681132014,1.0255783245247659e-05,3.872742528056391e-06,151.29868297124452,0.5966796875
4860000,9,0.006760137560074582,0.0007821421934793318,59.77995514458731,1.34496375800263e-05,7.06693738509211e-06,151.24938495509537,0.59765625
4870000,9,0.006155530129505558,0.00016129739825383006,59.94232887503747,8.768164587897395e-06,2.3856379614347384e-06,151.33755572885767,0.6044921875
4880000,9,0.0060852282232615115,5.405340462990438e-05,60.31174957819152,6.753922881723012e-06,3.721718965618878e-07,151.29254458275454,0.5966796875
4890000,9,0.006341809412524333,0.00031291075800140785,60.28898806603101,9.21872232053213e-06,2.83728556770269e-06,151.2611574248112,0.5986328125
4900000,9,0.006727048633731526,0.0007000161220080507,60.27032657528902,1.2815545037665234e-05,6.434577221381971e-06,151.28979726464317,0.5966796875
4910000,9,0.0061742000375463076,0.00013447544698594658,60.397247400873184,8.492746731396224e-06,2.1124221080931186e-06,151.33492352981773,0.6005859375
4920000,9,0.0067071322685577665,0.0007113425790235962,59.95789838654241,1.077414936991248e-05,4.394230494889317e-06,151.25849053296685,0.595703125
4930000,9,0.0066961057729578765,0.0006868617332522236,60.092441945731714,1.4076032604787626e-05,7.696870962906279e-06,151.29522877603475,0.5966796875
4940000,9,0.006468540556097027,0.000481598818592875,59.86941877218938,1.0952738843702351e-05,4.573719600821413e-06,151.3207370194941,0.6005859375
4950000,9,0.007103689300074996,0.0010550245443451108,60.48664901302885,1.542192945205535e-05,9.042952628504088e-06,151.26491371933608,0.5927734375
4960000,9,0.0064750344574428095,0.00043241192011892425,60.42622714086674,9.985215939265404e-06,3.606891022108298e-06,151.26275451518646,0.5966796875
4970000,9,0.006522921561564761,0.0005326097662873181,59.90311982864208,1.1871538921715478e-05,5.494203554524885e-06,151.304807123012,0.5986328125
4980000,9,0.006125435231878011,9.178978326909712e-05,60.33645607322028,7.403283617759079e-06,1.0264632836185117e-06,151.32420522615055,0.59765625
4990000,9,0.006284486300730221,0.0002673918225457339,60.170945952852634,8.16939956027554e-06,1.7927647341180124e-06,151.2758357194653,0.599609375
5000000,9,0.0060782194419724996,8.113267736758076e-05,59.97086915720708,7.0236722947634755e-06,6.477036429938746e-07,151.3093973546404,0.6005859375
5010000,9,0.00670842645239589,0.000700751031719975,60.07675592206426,1.157238411976457e-05,5.196858843964123e-06,151.2203581317774,0.5908203125
5020000,9,0.006284118229460057,0.0002355637302604837,60.48554662457187,8.784048689921546e-06,2.408828231213787e-06,151.29538453310232,0.6025390625
5030000,9,0.006738345850962966,0.0007172975100329171,60.210485116782024,1.1932034246439222e-05,5.557281294976872e-06,151.254664222551,0.6025390625
5040000,9,0.0069139497028750255,0.0008724873420944324,60.414625164124274,1.1576133270620675e-05,5.2021951692176795e-06,151.24334861790572,0.58984375
5050000,9,0.006393356032820903,0.00037699068348543503,60.16365488676906,9.8828047498215e-06,3.5089887470755796e-06,151.2805269637643,0.5966796875
5060000,9,0.00622579993608416,0.00021044194914178273,60.15358113132998,8.19374348346693e-06,1.8203379886447243e-06,151.29503080172302,0.5966796875
5070000,9,0.007096888285632932,0.001064589050446702,60.32299411428191,1.3963529305617353e-05,7.5907189179659334e-06,151.26495909122627,0.591796875
5080000,9,0.007213652646280574,0.0011859326048458624,60.27720181493808,1.2035410157829725e-05,5.662541233395873e-06,151.2537838340629,0.5908203125
5090000,9,0.006662248865858294,0.0006687994310711967,59.93449560513984,1.1609894283702346e-05,5.237359236083029e-06,151.2584761612505,0.5986328125
5100000,9,0.006230205269569969,0.0002442916557477768,59.85913765012184,7.479562964897056e-06,1.108185879078706e-06,151.26628706227206,0.5966796875
5110000,9,0.00621482936371805,0.00019783307348920234,60.16996445238724,8.835738048005006e-06,2.4649865285492445e-06,151.3114750520165,0.6025390625
5120000,9,0.0065233153179637205,0.0005432172402775797,59.80098208283101,1.0026270011331475e-05,3.655717480394028e-06,151.2917680917968,0.5986328125
5130000,9,0.006137403443230423,0.00014995169336112392,59.8745188696149,8.121177797841441e-06,1.7511347616442302e-06,151.29382083060722,0.6015625
5140000,9,0.006309593198497669,0.000307015149903145,60.025781862619326,9.28335586510197e-06,2.9138970259773797e-06,151.2933344545077,0.599609375
5150000,9,0.0063794244181619416,0.0003820649446255399,59.973596104990946,8.397655719255838e-06,2.028589088139407e-06,151.2477978232109,0.6005859375
5160000,9,0.006858972210498693,0.0008876593265050868,59.71313057597224,1.2394223760893995e-05,6.025312573602912e-06,151.28154454731367,0.6044921875
5170000,9,0.007151192831843146,0.0011302080494428439,60.209849498641525,1.8859149151418162e-05,1.2491970531457568e-05,151.22748896314383,0.5986328125
5180000,9,0.006364522378921958,0.0003844002726333153,59.80122265183975,9.966270771430587e-06,3.5985694329972697e-06,151.280141376614,0.60546875
5190000,9,0.006672081267130996,0.0006125750306466512,60.59506408138977,1.3132663245087866e-05,6.764792776769959e-06,151.26481072275482,0.5986328125
5200000,9,0.0064271813821316715,0.0004549356108078946,59.72245916263476,1.2279551669165808e-05,5.9122258974525055e-06,151.26494629548958,0.6044921875
5210000,9,0.006271774264429998,0.0002810926490010252,59.90681793133626,8.910264133958914e-06,2.5437721459934e-06,151.27285028311263,0.6064453125
5220000,9,0.006228261134892173,0.00026997301905015746,59.5828829509488,9.342702653377006e-06,2.9757835351984425e-06,151.28504406827034,0.6064453125
5230000,9,0.006491387092626451,0.0005574290535425052,59.33958189600933,1.0482536032930934e-05,4.1160346901260625e-06,151.24189462354448,0.6083984375
5240000,9,0.0062343170297845234,0.00027831226754303917,59.56004916575082,9.894028255489081e-06,3.5284269132463007e-06,151.32624255666985,0.609375
5250000,9,0.006587101235715584,0.0005964022550725695,59.90699138328259,9.20527787379015e-06,2.840334810548328e-06,151.25038064098166,0.607421875
5260000,9,0.006503765981683577,0.000546805333780382,59.569607801801325,9.949121920946508e-06,3.5842988713469493e-06,151.26167817987962,0.607421875
5270000,9,0.006728965377996423,0.0007133191101851671,60.15646429213631,1.3639853063889685e-05,7.274537383779972e-06,151.28346626375304,0.611328125
5280000,9,0.006317571816513683,0.00033244199844127665,59.85129957168431,1.0225852461302571e-05,3.861921087758176e-06,151.28365292846448,0.607421875
5290000,9,0.007053468949323155,0.0010209964919335188,60.32472615682263,1.69023715651367e-05,1.053914425297678e-05,151.27655151799914,0.609375
5300000,9,0.006664840970296011,0.0006281009380857425,60.36740207693824,1.125703208173487e-05,4.89353849940311e-06,151.2319451987747,0.60546875
5310000,9,0.006883607268265144,0.0009178168889262041,59.65790507961231,1.3928973044712685e-05,7.565819002860178e-06,151.23007714379622,0.603515625
5320000,9,0.006615831762233695,0.0006510172837179937,59.64814603710698,1.5160343430872577e-05,8.798101660278392e-06,151.27543575841796,0.6064453125
5330000,9,0.006832438185361287,0.0008219043090874588,60.10534041516502,1.5258966523801805e-05,8.896608635478116e-06,151.2894203291812,0.5986328125
5340000,9,0.006157805647579171,0.0001998679155241759,59.57937855175633,8.149660315807442e-06,1.7881372332365299e-06,151.29898858494116,0.6064453125
5350000,9,0.007588785788792294,0.0015784593726932575,60.103265603035474,2.3163888779208872e-05,1.6801909479758144e-05,151.24356267656214,0.611328125
5360000,9,0.00620575387721409,0.00018752493948095487,60.18229083339257,8.002290212557435e-06,1.6414931624109362e-06,151.28271234645896,0.603515625
5370000,9,0.0066097666973493905,0.0006107285909653922,59.99038240918326,1.224236926196887e-05,5.882064621918421e-06,151.24175824088087,0.6083984375
5380000,9,0.007268363033756276,0.0012587929012711334,60.095702988961584,1.749758830961008e-05,1.1137811173191162e-05,151.27720446516483,0.611328125
5390000,9,0.006249698947979982,0.0002519763996399583,59.977226828413414,7.699065608612453e-06,1.3396633356814894e-06,151.26056652002944,0.60546875
5400000,9,0.0061230322455895995,0.00017972120666239486,59.433111975787206,6.8807673289462556e-06,5.213443974651188e-07,151.23570780083585,0.6015625
5410000,9,0.007050907616038408,0.001087965975566672,59.62941793051068,2.5760685348368715e-05,1.9401169399837588e-05,151.2158122822031,0.6015625
5420000,9,0.006291630343070559,0.0003166936060779607,59.749368857898496,8.616227940810387e-06,2.2579577152488264e-06,151.29026278057154,0.6123046875
5430000,9,0.00645971851882367,0.00043857635183842237,60.211423322484016,8.947144781606738e-06,2.58935330229138e-06,151.27078790292626,0.611328125
5440000,9,0.006406680401609414,0.00039368483589225314,60.12995712552432,9.102330788499697e-06,2.745235121724044e-06,151.28335037934716,0.6123046875
5450000,9,0.006462037514557106,0.0004359139174267418,60.26123734525139,1.2076457342967141e-05,5.718748768122943e-06,151.30827024097655,0.607421875
5460000,9,0.006446641317988713,0.0004581872592272279,59.884541936147194,1.106416820980383e-05,4.707363332064223e-06,151.30457278816925,0.607421875
5470000,9,0.006593644352351263,0.0006245893609385578,59.69055150151303,9.884608032161198e-06,3.527725144966817e-06,151.2413836472363,0.6015625
5480000,9,0.006171939879516562,0.00016330871522076705,60.08631267120897,7.552504869019913e-06,1.1963693310024764e-06,151.28226498813694,0.6064453125
5490000,9,0.006271610742487308,0.00031280663697252084,59.58804236448104,9.327597896156584e-06,2.972755341427533e-06,151.30595505342413,0.60546875
5500000,10,0.006348082107135312,0.00038608428302877107,59.61997974716085,9.613110037630064e-06,3.2581286942028583e-06,151.27450089802582,0.6025390625
5510000,10,0.006296358832626052,0.00025915063848255755,60.372083130157215,8.02092848330159e-06,1.666341003065938e-06,151.27322172222324,0.6044921875
5520000,10,0.0062442642798162,0.0002565645090441416,59.876999340755525,8.272893136954146e-06,1.918290885647889e-06,151.29655197109454,0.6103515625
5530000,10,0.006261993862959202,0.0002673751105579719,59.946189188717554,8.467705910931507e-06,2.1137082937523703e-06,151.29069369309403,0.611328125
5540000,10,0.006188862385000823,0.00015734649342719498,60.31516040906394,7.484157164569582e-06,1.1304994964589943e-06,151.27509392068563,0.60546875
5550000,10,0.006841427192977694,0.000835919887372121,60.05507434938487,1.4204288446706512e-05,7.851478318227702e-06,151.26435557041918,0.607421875
5560000,10,0.006611016255406398,0.0006043548990340718,60.06661508268893,1.1451909772565411e-05,5.098892805632746e-06,151.27804011343983,0.609375
5570000,10,0.006622015472500915,0.0005853970241917198,60.366186057974005,1.0997265759120431e-05,4.644372811656826e-06,151.29085738198438,0.6103515625
5580000,10,0.0064654379810631475,0.0004572102414077194,60.08227882637443,9.484288047120386e-06,3.132052738344082e-06,151.29673742047063,0.607421875
5590000,10,0.006462542380161027,0.000457581098969282,60.04961427647372,1.0741915362568725e-05,4.389863846190562e-06,151.27591776536934,0.609375
5600000,10,0.007504171828841027,0.001523627145670236,59.805448478064825,2.0916536982878957e-05,1.456567912421675e-05,151.25360874804164,0.609375
5610000,10,0.006771787837409646,0.0007721645524961981,59.99623453947933,1.227449052117121e-05,5.923239749297915e-06,151.24661830921005,0.609375
5620000,10,0.006280523646199502,0.00031533443866460503,59.651893572408504,9.668310426701173e-06,3.317533089360973e-06,151.27022749945993,0.609375
5630000,10,0.006383455254067035,0.0003964741172976546,59.86981284466001,1.0834441407759951e-05,4.484086059398788e-06,151.31150334771294,0.6123046875
5640000,10,0.006686018218876911,0.0007461672070265058,59.39851165170397,1.579093793747886e-05,9.441025460687071e-06,151.26272698652465,0.611328125
5650000,10,0.00644922274504095,0.0005392305457782678,59.09992355925571,1.0537216235596328e-05,4.187332494075269e-06,151.29011666575235,0.611328125
5660000,10,0.007018047609783396,0.0010364389802104445,59.81608774536722,1.4534679783712355e-05,8.185151959194821e-06,151.25442285993245,0.6103515625
5670000,10,0.006431312953079757,0.0004365058293893003,59.948072939936274,9.626496884070277e-06,3.2774154904796432e-06,151.28891723804924,0.6142578125
5680000,10,0.006317238704996135,0.000365680489553828,59.51558357746143,9.656326583856133e-06,3.3078860362552164e-06,151.25812008550392,0.6142578125
5690000,10,0.006037822537579627,5.328037555471128e-05,59.84542338860226,6.582959226800606e-06,2.3448590920706248e-07,151.27808124963232,0.61328125
5700000,10,0.007018453910324324,0.0010120263909712355,60.06427683148995,1.9309797108763934e-05,1.2961694936015407e-05,151.2176893925178,0.6123046875
5710000,10,0.006284538264057515,0.0002760125449790869,60.08525888054415,8.95337745122297e-06,2.6061321819001005e-06,151.30293131959263,0.611328125
5720000,10,0.006446176245436269,0.0005277982485288835,59.18378134520337,1.0864275159310184e-05,4.517053393707879e-06,151.28428141041536,0.61328125
5730000,10,0.006652640348005962,0.0006618243067228632,59.90816207964728,1.2550195229077306e-05,6.203638413054026e-06,151.2913638517911,0.6162109375
5740000,10,0.0066132975367893775,0.0006279822330522846,59.85315462902244,9.251088115054605e-06,2.9044294242925975e-06,151.28098342397354,0.61328125
5750000,10,0.006612259849515669,0.0006385327136241243,59.73727287881396,1.104716492401738e-05,4.701511503921655e-06,151.25454374397282,0.615234375
5760000,10,0.006849709849210796,0.0008704289978905672,59.792810115216184,1.2333023308946184e-05,5.987813479332459e-06,151.28162244821033,0.6162109375
5770000,10,0.006394425262796512,0.0004792356978392314,59.15189707620614,1.0122385965421523e-05,3.7761470736350677e-06,151.27631529228452,0.6123046875
5780000,10,0.00648983083011835,0.0005229352685478076,59.668957433342385,1.0064133497796368e-05,3.71893383802584e-06,151.28628656914745,0.615234375
5790000,10,0.006637388346997926,0.0006865388202822398,59.508496903466295,1.0184312963040582e-05,3.839461137067379e-06,151.24646624675506,0.611328125
5800000,10,0.006372178323150534,0.000442237736797874,59.29940754080157,1.1637990765811851e-05,5.293133959437505e-06,151.28733862127936,0.6123046875
5810000,10,0.006353529365784441,0.00034948552870239314,60.04043963173407,7.827531111539522e-06,1.4832873789511638e-06,151.2316987890364,0.61328125
5820000,10,0.006785537790226451,0.0008031204831221437,59.824175065961114,1.3805801026038096e-05,7.46160559958442e-06,151.29256080315528,0.61328125
5830000,10,0.006438172633550559,0.00043117135763457934,60.07001422146973,1.1264790774639244e-05,4.921162202444015e-06,151.30265084753074,0.6142578125
5840000,10,0.006119420834694466,0.00013664124047894655,59.8277972010421,7.145706912113968e-06,8.024580864303413e-07,151.27146955078373,0.61328125
5850000,10,0.006785056750080399,0.0008939484538207993,58.911084371250865,1.6878680025979222e-05,1.0536040438832081e-05,151.28118049741454,0.6162109375
5860000,10,0.006350706991024931,0.0003918001828191406,59.58906961070686,9.756416428632433e-06,3.413539740405882e-06,151.3105881762533,0.61328125
5870000,10,0.006393300981533715,0.00036347522416215996,60.29825876086658,9.55996439699804e-06,3.2177249098492265e-06,151.30476688897932,0.61328125
5880000,10,0.006503577170463294,0.000525954010375838,59.77623306126689,1.2154985899753794e-05,5.813648375154448e-06,151.27366511417532,0.6123046875
5890000,10,0.006790598219877975,0.0008062326034959967,59.84365804153086,1.413614016195384e-05,7.794726911199425e-06,151.29344267697746,0.615234375
5900000,10,0.006616323071999639,0.0006463230403097392,59.70000156666223,1.4334534614692695e-05,7.99372835053286e-06,151.30821076735774,0.6201171875
5910000,10,0.006621476429276957,0.0006117593655004044,60.09717233058802,1.2042209121583764e-05,5.7017629618181694e-06,151.30240358189897,0.6181640625
5920000,10,0.006269438332599413,0.0003054088834108849,59.640296122039686,9.454170591675381e-06,3.1143034804503872e-06,151.31218409428578,0.619140625
5930000,10,0.006184922509514165,0.0001943397637054914,59.90582903432201,7.666187602252452e-06,1.3263925370839622e-06,151.30613257157006,0.619140625
5940000,10,0.006390873935627953,0.0004722160208479644,59.186580354403695,9.801208150619108e-06,3.461363823715441e-06,151.23662517902684,0.6142578125
5950000,10,0.006545307842684487,0.0005712799323759128,59.740280498083166,1.1079656644786814e-05,4.740743049909348e-06,151.26883478202512,0.6181640625
5960000,10,0.006584771450876608,0.0006150117067790441,59.69759898594268,9.632301437916596e-06,3.293104666397779e-06,151.27814802211054,0.6162109375
5970000,10,0.0062010260053605385,0.00016930783490943014,60.31718333617016,7.941003874375393e-06,1.602249524379147e-06,151.30634798423787,0.619140625
5980000,10,0.0064837721399084,0.00048430763104633174,59.99464641021659,1.1665121641414405e-05,5.326483135776002e-06,151.29804151287004,0.6181640625
5990000,10,0.00631057055586447,0.0003092370690176693,60.01333636416862,9.785016075627248e-06,3.447208537209029e-06,151.32399229348118,0.62109375
6000000,10,0.006584886139208809,0.0006264154740006087,59.58470818279672,1.1320561639173943e-05,4.982557453000767e-06,151.32131936458885,0.623046875
6010000,10,0.006414761460053863,0.00043589109661158586,59.788705436712284,9.827237197580473e-06,3.4895479311141175e-06,151.28771096158798,0.6220703125
6020000,10,0.00663862229021617,0.0006822138699384185,59.56408546918988,1.367571927867785e-05,7.3389550266961405e-06,151.20422940547311,0.62109375
6030000,10,0.006982512463470228,0.0010060196434691525,59.764929656854726,1.7688209794114902e-05,1.135198625330197e-05,151.23992379688585,0.619140625
6040000,10,0.006895428756595996,0.0008905946074020095,60.048342881589136,1.7696407781823575e-05,1.1360309951282459e-05,151.27231876119274,0.619140625
6050000,10,0.007080191402436393,0.0010843343156909874,59.958572493635494,1.6375141753661918e-05,1.0038936514465117e-05,151.25890373994426,0.6171875
6060000,10,0.006773436049875176,0.0008170515289634398,59.56384678605759,1.3872311452098948e-05,7.536482440572855e-06,151.2679052844335,0.6201171875
6070000,10,0.006348473514537241,0.0003740381421588989,59.74435517603696,9.343802327969953e-06,3.0080342968029793e-06,151.29072883775552,0.6220703125
6080000,10,0.007011326161565286,0.0010268100579376308,59.8451626402409,1.2266074703765596e-05,5.9303495654161175e-06,151.26827996631334,0.6220703125
6090000,10,0.006312124103353613,0.0003707507351904842,59.41373516586954,9.943100159664404e-06,3.6086110030170756e-06,151.31686758897513,0.623046875
6100000,10,0.006253847331929783,0.0003154584539179057,59.38389040820268,8.65267535020569e-06,2.318340094707193e-06,151.2876904615297,0.6220703125
6110000,10,0.006182930593847319,0.0002460130363010513,59.36917700778979,7.883917152175333e-06,1.5497901806827781e-06,151.28430222707976,0.62109375
6120000,10,0.006251912563374675,0.00030826693523177925,59.43645773266755,9.040579597849458e-06,2.7064362779385623e-06,151.27564031190846,0.62109375
6130000,10,0.0072574429988442055,0.001256650368900545,60.00792767021903,1.6994095024320877e-05,1.0659527256534114e-05,151.28375601533313,0.6240234375
6140000,10,0.007231015436490464,0.001228464641225884,60.02550974512614,1.609463693680391e-05,9.76110944079258e-06,151.24344877569217,0.6201171875
6150000,10,0.006637676402282425,0.0006164717114053898,60.21204858494123,1.4132178832136631e-05,7.798224291235342e-06,151.31249254486463,0.6259765625
6160000,10,0.007007456070907439,0.0010306483617878437,59.768078762549656,1.3953343960775908e-05,7.620119322360842e-06,151.27246005535045,0.619140625
6170000,10,0.006301716136118009,0.0003131969312718703,59.88519376066469,1.0158526953390225e-05,3.82605830752227e-06,151.31020461627156,0.626953125
6180000,10,0.006907059984275496,0.0009189925936378648,59.88067517031569,1.4262108563062623e-05,7.929421947050504e-06,151.28527313140503,0.6220703125
6190000,10,0.00649308623409464,0.0005109260550235273,59.82160338915661,1.0518819849763462e-05,4.18656139817702e-06,151.2609846822064,0.623046875
6200000,11,0.0062986099033211715,0.00033137714882652673,59.672329230226055,9.025636970377479e-06,2.694108429096755e-06,151.33353081158887,0.6240234375
6210000,11,0.005991404692707824,7.992886344609523e-05,59.114759584876396,7.0763448859350875e-06,7.450029382671476e-07,151.2979216652787,0.6220703125
6220000,11,0.006154827027859424,0.00019156716442045923,59.632600511149235,7.801587787298723e-06,1.470351794148987e-06,151.30612153309528,0.62109375
6230000,11,0.0062990685312608475,0.0003397116968537942,59.59357014032615,9.796567631180807e-06,3.4655165940685376e-06,151.31732792337974,0.6181640625
6240000,11,0.0060768001039990934,6.018974968710875e-05,60.16610490439735,6.83862721688475e-06,5.08508373606957e-07,151.30038071502176,0.6181640625
6250000,11,0.0064979649750694125,0.0005774068983907088,59.20558185882884,1.0748751267108745e-05,4.418509343790574e-06,151.27454879166265,0.6181640625
6260000,11,0.00628231307023262,0.0003386381391020545,59.436750858424304,9.057612177644016e-06,2.72798013333945e-06,151.28749176545423,0.619140625
6270000,11,0.006386196859124019,0.0003905554455811239,59.956415518732086,1.0196096668305775e-05,3.867068312223379e-06,151.290337077473,0.62109375
6280000,11,0.0064714527318275915,0.0005448128823256981,59.266399994788635,1.1099165560025631e-05,4.76995662830334e-06,151.30374867537947,0.6220703125
6290000,11,0.006626042377138023,0.000624173351449936,60.01869193451421,1.14073766361604e-05,5.07803210819383e-06,151.2871986330689,0.619140625
6300000,11,0.0066158183616909895,0.0006456236778325361,59.70194806074654,1.3327971819395286e-05,6.999024138175495e-06,151.31428594361455,0.6201171875
6310000,11,0.006539591610301248,0.0005866905957709051,59.52901179750527,1.1884651489197627e-05,5.55670379832764e-06,151.26694631866246,0.619140625
6320000,11,0.007287949505373125,0.0012838048004042996,60.04144841850478,1.6080105614526746e-05,9.751661173392916e-06,151.22377749960276,0.619140625
6330000,11,0.006245663115284094,0.00030527312840073644,59.403901409859806,7.98230041909794e-06,1.6544469313225432e-06,151.2614346990977,0.6162109375
6340000,11,0.006685864708570535,0.0007573439524444044,59.28520916824916,1.6451327068508194e-05,1.012447640165816e-05,151.2791857908624,0.6171875
6350000,11,0.006555268977580347,0.0005984935184204254,59.567756127775375,1.1779186327173112e-05,5.451647510195677e-06,151.28419197588974,0.619140625
6360000,11,0.0071062242094075325,0.0011305023870490775,59.75721994717858,1.6451979284552913e-05,1.0125164988070544e-05,151.30120510041314,0.619140625
6370000,11,0.006449953513578591,0.0004490217771080419,60.00931881154022,1.1155549018026871e-05,4.829535600911834e-06,151.28917847074297,0.62109375
6380000,11,0.00687899375560536,0.000913895083820992,59.65098838467521,1.174446439954791e-05,5.418203129484335e-06,151.1953523054205,0.6142578125
6390000,11,0.006290247526859901,0.0002981633712225841,59.920843047709106,9.083672788337256e-06,2.7576721327213824e-06,151.32065289953707,0.6171875
6400000,11,0.0064798396939283,0.0005499279995461147,59.29911828386641,1.0283347379442253e-05,3.957783572735994e-06,151.26650882655008,0.6181640625
6410000,11,0.006729905293427138,0.0007759626301428581,59.53942788988668,1.4512020927606955e-05,8.186812961453789e-06,151.28640281404643,0.6171875
6420000,11,0.006951332350487162,0.0009763770077165558,59.74955494225804,1.5556152716918e-05,9.23127427463921e-06,151.27693399714994,0.6201171875
6430000,11,0.0064450976362513505,0.000489995093225817,59.551027075706735,9.444867663050354e-06,3.119690921472532e-06,151.26965970816886,0.6181640625
6440000,11,0.006544302017731833,0.0005770642596427261,59.67237916637345,1.0980324776858242e-05,4.655910908967739e-06,151.31709953608063,0.62109375
6450000,11,0.006872573788315539,0.0009756750258394384,58.96898892649535,1.5847714542397706e-05,9.52354830806053e-06,151.31772765802177,0.6220703125
6460000,11,0.006821418996032601,0.0008755576773838308,59.458614989468494,1.3803140316814892e-05,7.4793764570750754e-06,151.26441008686461,0.6220703125
6470000,11,0.006483644356590327,0.0005077506176843521,59.758938759621415,1.2750467973763537e-05,6.426520546293356e-06,151.30000089654806,0.623046875
6480000,11,0.006290956779419866,0.0003334056687568068,59.5755125573369,8.828202183636894e-06,2.5050978605326713e-06,151.2996525713083,0.6220703125
6490000,11,0.006590802234446616,0.0005748079072639177,60.15994476937415,1.2912878481697762e-05,6.590220741666703e-06,151.31131632222588,0.62109375
6500000,11,0.00654900279224255,0.0006409577720970266,59.08045133082538,1.581684677282744e-05,9.493981694752851e-06,151.29198129589903,0.6201171875
6510000,11,0.006278722385570924,0.00034617105902132845,59.32551449454741,9.3138802466149e-06,2.991245931066586e-06,151.28892737407614,0.62109375
6520000,11,0.006047479458345814,5.9250432378572104e-05,59.88229193828293,6.74708823402524e-06,4.251207469007091e-07,151.30102649858452,0.625
6530000,11,0.0061453197578203765,0.00019625354872861625,59.49066363567132,7.632396247862319e-06,1.3107125312846916e-06,151.30001058323407,0.625
6540000,11,0.0064657039257486415,0.000543925741690232,59.21778362845733,1.2580012125417913e-05,6.258482537566752e-06,151.25322212389995,0.6240234375
6550000,11,0.00640035306732082,0.0004133564091830408,59.86996824260912,1.1626092073802514e-05,5.3048999123883565e-06,151.338523119425,0.626953125
6560000,11,0.006447139607121896,0.0004797890746413084,59.67350698405978,1.0296563668007971e-05,3.975437710113068e-06,151.3016184403742,0.6259765625
6570000,11,0.006437631151026695,0.0004828082275129609,59.54823090427925,1.2125617450238047e-05,5.805280089260979e-06,151.2690941234276,0.625
6580000,11,0.007193204739476316,0.001246769585370526,59.46435298562991,1.4251372396708322e-05,7.93056587233028e-06,151.2535554464393,0.6259765625
6590000,11,0.006445276745245377,0.00048543534595869636,59.59841578887899,1.0429326503246758e-05,4.108824540182238e-06,151.31017460967448,0.6240234375
6600000,11,0.00670128103143184,0.0007615355770859567,59.397456201501655,1.3780487606520904e-05,7.460693212572194e-06,151.2990659453426,0.6240234375
6610000,11,0.006927416895556008,0.0009683928582175208,59.590242166324394,1.5066126051894564e-05,8.747054978107234e-06,151.2490956069445,0.625
6620000,11,0.006366176589864309,0.00043046450855013964,59.357122504388904,1.0745905742319355e-05,4.4260779968691524e-06,151.30669040644452,0.625
6630000,11,0.006385307919437336,0.000413894063580529,59.714140410652924,8.589214992907837e-06,2.269993409549291e-06,151.294428045149,0.6220703125
6640000,11,0.006144670884208658,0.0001586901013143043,59.859808981916025,7.752809111582292e-06,1.4338462619466592e-06,151.3068400825015,0.625
6650000,11,0.006147715886914589,0.00023166534571330877,59.16050675421642,7.784495627805804e-06,1.465505361125441e-06,151.27138714284865,0.6240234375
6660000,11,0.006256270127814888,0.0003085258316812747,59.477444416384294,9.731815517324309e-06,3.4135355554417827e-06,151.30941762858689,0.623046875
6670000,11,0.006240224524140719,0.00027484603659299527,59.65378653871997,9.324280316182971e-06,3.0064608445433185e-06,151.30339660933086,0.6240234375
6680000,11,0.006317687976327673,0.00033985654452071707,59.778315512945696,9.243784662742065e-06,2.9261237916550744e-06,151.29264194822778,0.6240234375
6690000,11,0.006210525237606363,0.0002880967641496323,59.224286417793095,1.0640141759000261e-05,4.322754370583968e-06,151.33108320511997,0.6259765625
6700000,11,0.0064424763605053495,0.0005188066682836371,59.23669854111633,1.0360687951772822e-05,4.043372664233618e-06,151.26449420557728,0.623046875
6710000,11,0.006074875470874897,0.00013172078921289186,59.43154833521071,7.942653102013183e-06,1.6251719358598717e-06,151.3362662794789,0.6240234375
6720000,11,0.006132447694327386,0.00015444851728836433,59.77999333737276,7.82845767147943e-06,1.51158217960267e-06,151.30721647808076,0.6220703125
6730000,11,0.006611342308973053,0.0006328510748016018,59.78491369515721,1.2903350900530263e-05,6.58612839148511e-06,151.31674224433598,0.625
6740000,11,0.006441832061274041,0.00048362434303582597,59.582078713431414,1.0489188466556196e-05,4.172800308980197e-06,151.31364813445322,0.626953125
6750000,11,0.006146687418780179,0.0002141421809902818,59.32545395467146,9.149260610496154e-06,2.8328500308113168e-06,151.3445892388111,0.6240234375
6760000,11,0.006165583205184622,0.0002474096180437952,59.18173758244347,8.648063927560378e-06,2.3323998323252087e-06,151.3120791144539,0.62890625
6770000,11,0.00634924446652627,0.0004304166355985472,59.18827974905571,9.30861041905781e-06,2.9927213262073115e-06,151.29507964202742,0.626953125
6780000,11,0.006220266940646079,0.00025663339295215555,59.63633690368496,7.78119495915877e-06,1.465397359473364e-06,151.29984995993777,0.62890625
6790000,11,0.006291853557674164,0.0003198470650392432,59.72006687607539,7.778834543992708e-06,1.4635709566215936e-06,151.27147662361247,0.623046875
6800000,11,0.006651347749030867,0.0007687024611784696,58.82645431522208,1.626108632111755e-05,9.945823573133112e-06,151.30623232637413,0.6259765625
6810000,11,0.006301976768765373,0.00032588778418939405,59.76089160210966,8.814795719370795e-06,2.5000123609309173e-06,151.29174506920884,0.6279296875
6820000,11,0.006551060640255434,0.0006008799550779613,59.50180808838138,9.538398036995017e-06,3.224250097563723e-06,151.26714672640995,0.625
6830000,11,0.005972343687791503,5.344477747015134e-05,59.18899082784745,6.738493114789764e-06,4.2438193157493236e-07,151.32784428690493,0.626953125
6840000,11,0.006713057550747258,0.0007236928823358939,59.89364785210138,1.2341051713587545e-05,6.027422495557672e-06,151.29939778007082,0.625
6850000,11,0.006165324379279642,0.0001917980628323465,59.735264737215104,7.4993500028952395e-06,1.1856154189904413e-06,151.31395708185823,0.62109375
6860000,11,0.006261738020689182,0.00035819133867435175,59.035468441347604,1.1091152164858734e-05,4.778385161564097e-06,151.3333777580314,0.625
6870000,11,0.0062093748540257235,0.00023362725599626401,59.75747769026325,8.676246125044192e-06,2.3636491712884747e-06,151.3207257553716,0.6279296875
6880000,11,0.006254766939659059,0.0003200315261294207,59.34735547129039,8.127182326713091e-06,1.8144355912384796e-06,151.30263683483693,0.625
6890000,11,0.006050180700354777,0.00013489176971672918,59.152890879057196,7.335514137121456e-06,1.0229640130300254e-06,151.30871156069614,0.626953125
6900000,11,0.006302699736396627,0.0003497964234783322,59.529034881874836,9.597293170114881e-06,3.2845203931500394e-06,151.31175034259658,0.626953125
6910000,12,0.007253483861801599,0.0012994177833358152,59.54066249333804,1.4744170519527578e-05,8.43244658409997e-06,151.25847845901313,0.619140625
6920000,12,0.006183263746748203,0.00023485140358410714,59.48412461959367,9.473666702194168e-06,3.1622816700169724e-06,151.30892097907613,0.6259765625
6930000,12,0.006225942335930501,0.0002874200367063489,59.38522449782272,9.66080399492243e-06,3.349826842706018e-06,151.2934475442546,0.626953125
6940000,12,0.006336488501180148,0.00037048842846491164,59.660002285671425,9.159582840777677e-06,2.847812300977342e-06,151.27400172679046,0.619140625
6950000,12,0.005927442842072596,2.8274949021984547e-05,58.991680531862045,6.5513736173538455e-06,2.4036313551188446e-07,151.3026499016964,0.6142578125
6960000,12,0.006101355200197009,0.00014622357659124015,59.5513176353792,8.348000789002629e-06,2.0374565030858072e-06,151.30729023322064,0.623046875
6970000,12,0.006583538642171824,0.0006832696179776841,59.00269178817645,1.211940721100419e-05,5.809158100773926e-06,151.2732854310867,0.625
6980000,12,0.006403313580106005,0.0003980645459666682,60.052492102620064,1.1727282857383315e-05,5.416863998876516e-06,151.32409952647856,0.623046875
6990000,12,0.0064962316721134256,0.0005466961133391654,59.495356923480486,1.1100448508267445e-05,4.790060738830442e-06,151.29829040122016,0.6240234375
7000000,12,0.006974091625022749,0.0010339120909516528,59.40179695631639,1.6591405269754402e-05,1.028162198403759e-05,151.26284796081322,0.6220703125
7010000,12,0.006568375972797817,0.0006077765973873528,59.605995108014376,1.1225956471943196e-05,4.916432567715969e-06,151.29246825835455,0.6201171875
7020000,12,0.006745176780260436,0.0007736300537483175,59.71546911967217,1.2660280048729263e-05,6.35094085324233e-06,151.29250696087618,0.6201171875
7030000,12,0.006295489107463591,0.0004243880250574501,58.71101235664029,1.0412260923854325e-05,4.103410842455046e-06,151.32684819464208,0.6220703125
7040000,12,0.00657231046422462,0.0006204300922566016,59.518804991781906,1.2687199587864376e-05,6.378318332189878e-06,151.28169931409485,0.6220703125
7050000,12,0.00614382642170896,0.00019043445938968923,59.53392088056494,7.657987365706915e-06,1.3494933658149612e-06,151.32792335874944,0.619140625
7060000,12,0.00651525914978047,0.0005669080596652151,59.48351239335948,1.0228705545276135e-05,3.920311672787693e-06,151.28784720970802,0.623046875
7070000,12,0.00600217744333639,6.396304891912908e-05,59.38214544988635,6.881991308053512e-06,5.73848869683539e-07,151.30567241806202,0.6259765625
7080000,12,0.006951722300946745,0.0010215195790396155,59.302028388430195,1.4786030610710034e-05,8.477810926822974e-06,151.28947953209385,0.6201171875
7090000,12,0.00633260151985196,0.0003760568513486338,59.565448377101525,9.908424499686629e-06,3.6009287790075966e-06,151.28861662579035,0.6240234375
7100000,12,0.006697138412169381,0.0007848143350769141,59.12324196005521,1.1317041676930972e-05,5.009707710518806e-06,151.2321614660414,0.6181640625
7110000,12,0.006399145955301872,0.0004365239178281837,59.62622166474517,1.1434399688603231e-05,5.12759864443399e-06,151.349693194472,0.6240234375
7120000,12,0.006346962386712099,0.00043326061985733526,59.1370193221007,8.502910025492075e-06,2.195627467745277e-06,151.2455780190161,0.6162109375
7130000,12,0.0061941227358026,0.0002604975920753729,59.33625290305248,9.067506709879874e-06,2.7607471577583015e-06,151.30506484195328,0.626953125
7140000,12,0.006369497025303184,0.00044973977640208314,59.1975737879279,8.5849135650657e-06,2.278808089533523e-06,151.26167286373115,0.6220703125
7150000,12,0.0064019399952730816,0.0005077946872218373,58.941454173918,1.1618197178273674e-05,5.312021665082593e-06,151.30615226125465,0.6279296875
7160000,12,0.006075921178497889,0.0001812120781428225,58.94709279940017,7.806545757661485e-06,1.500539822941477e-06,151.29218116331353,0.6162109375
7170000,12,0.006224940524736141,0.00029263248397552483,59.323081634317184,8.589010487064803e-06,2.2830789665138952e-06,151.28185092637295,0.6220703125
7180000,12,0.0063985578959628656,0.0004119406934725378,59.86617357317975,1.0024915922340916e-05,3.719240403676161e-06,151.3281237214749,0.6259765625
7190000,12,0.00655234978739498,0.000592534242631435,59.59815679665652,1.3861854868314395e-05,7.556367494767496e-06,151.30339075196326,0.623046875
7200000,12,0.00631773063004745,0.00035928090161042577,59.58449893125651,8.945794456302847e-06,2.640562587331295e-06,151.29010882539396,0.6240234375
7210000,12,0.006431004119852344,0.0004940372885815537,59.36967032786632,1.1494070239328031e-05,5.189627886077222e-06,151.32201624123306,0.62890625
7220000,12,0.0068319348351667765,0.0008960986094824467,59.35836383802779,1.4290607681043115e-05,7.986415218832385e-06,151.25669100815338,0.623046875
7230000,12,0.006157675868852805,0.00022356333426285237,59.341126698005496,7.472236114257675e-06,1.1680242504040889e-06,151.2939844266238,0.619140625
7240000,12,0.0071647425052318425,0.0012448616581874894,59.198809906136376,1.4092507417581499e-05,7.787737942702237e-06,151.26559599790332,0.6220703125
7250000,12,0.006577038388517231,0.0006463289011755342,59.30709619514092,1.0724990360727757e-05,4.421064387032546e-06,151.26231328499665,0.6171875
7260000,12,0.006055254446375184,9.590010202073592e-05,59.593545333305684,7.550008467712634e-06,1.246288774121298e-06,151.34638889997143,0.625
7270000,12,0.006191405382088114,0.00025547867014359037,59.359268506904115,9.197284333193248e-06,2.894125192906996e-06,151.28732636469317,0.6220703125
7280000,12,0.0063681880153265745,0.00042258676300782806,59.45601370523336,1.039523212141794e-05,4.092169501007308e-06,151.29494447419864,0.6201171875
7290000,12,0.0066670194235385945,0.0007410162157196454,59.260033556666784,1.460207178917249e-05,8.298722884355786e-06,151.27970221975258,0.623046875
7300000,12,0.006259270669646201,0.00029110796585410473,59.681628438894,8.892497659862781e-06,2.590054758345055e-06,151.3004595173261,0.6259765625
7310000,12,0.006717205890396733,0.0008248575857714033,58.92348447026163,1.542599309372525e-05,9.12379015957965e-06,151.31544126152966,0.6259765625
7320000,12,0.007011092682126941,0.001021446256064561,59.896465772981784,1.872631939692654e-05,1.2422684439712508e-05,151.3124478045903,0.6201171875
7330000,12,0.006432655755963,0.0005397937535610173,58.92862179826813,1.0903722228603056e-05,4.601986994215024e-06,151.28116882799486,0.62109375
7340000,12,0.006251646679804658,0.00029419925707466806,59.574475944816115,9.697652974065916e-06,3.396174252902023e-06,151.3198284256698,0.623046875
7350000,12,0.006139257148846957,0.0002249849728118983,59.142723666860874,8.392213373039013e-06,2.0907308657479777e-06,151.3374099731394,0.6220703125
7360000,12,0.0062222395452693246,0.00024083394937363006,59.81405756730358,8.872396209732885e-06,2.571056798390178e-06,151.2966963762712,0.619140625
7370000,12,0.00710374675428456,0.0011548378193041557,59.4890908215768,1.8488225399284157e-05,1.218675117653518e-05,151.287443735023,0.6220703125
7380000,12,0.006820656596502789,0.0008356030275411051,59.850537237019346,1.2585715701930992e-05,6.283990667448382e-06,151.25289348737473,0.623046875
7390000,12,0.006739591873709699,0.0008156048108461087,59.23987216191073,1.3243307983559183e-05,6.9425399843905095e-06,151.29797302869713,0.6162109375
7400000,12,0.006056157897757808,0.0001170488688987762,59.39109176555972,7.631767986199719e-06,1.3311982013474682e-06,151.3453703710545,0.6220703125
7410000,12,0.0062500452449139095,0.0003238052761357223,59.26240073667461,8.289698852286116e-06,1.9893998007373185e-06,151.29645388487234,0.6240234375
7420000,12,0.007071381047040869,0.0011619563652331176,59.09424834258585,1.750182850389922e-05,1.1201579713031524e-05,151.25120750326263,0.6259765625
7430000,12,0.006297537003603253,0.0003448447419465519,59.52692421809864,9.887369037835369e-06,3.5878419046182203e-06,151.31937318318907,0.6201171875
7440000,12,0.006369114222778767,0.0004620000632847745,59.071143274597915,9.476525917502827e-06,3.1768905730298588e-06,151.30686423269552,0.623046875
7450000,12,0.00659600889885482,0.0006261531336720041,59.69855901699073,1.215505213145362e-05,5.855804691171244e-06,151.3090796661568,0.6201171875
7460000,12,0.006981805175245674,0.001056309163125768,59.25496174813705,1.5780587790129623e-05,9.481868856171447e-06,151.26996964679665,0.6220703125
7470000,12,0.006409942747150862,0.0004980428917779036,59.11900009142902,1.2989564506566678e-05,6.690529560381582e-06,151.32015751301196,0.619140625
7480000,12,0.0066287352021068115,0.0006866918547551611,59.42043485480714,1.124801494570261e-05,4.949914601522109e-06,151.29692404199153,0.6201171875
7490000,12,0.0060398408005112696,9.081251867675074e-05,59.490284353743675,8.126804778803185e-06,1.828622024050831e-06,151.3502904989728,0.6201171875
7500000,12,0.006068025701927139,0.00011473669868229478,59.532891527601556,7.368912785118819e-06,1.070735503003849e-06,151.30988697329124,0.6181640625
7510000,12,0.006086468266160988,0.0001870499261455621,58.994184818972364,8.34956479330198e-06,2.051686360786169e-06,151.3157186240404,0.62109375
7520000,12,0.0064223895454194315,0.0005097242950686839,59.12665391827602,1.0144308488865881e-05,3.846716240511079e-06,151.29645591283492,0.6201171875
7530000,12,0.006576628944766038,0.0006670956332631107,59.095334496817586,1.0810833376740379e-05,4.5129137984883805e-06,151.2906273272969,0.6171875
7540000,12,0.006638780037218195,0.0007052634322955482,59.335167423405,1.267739974113641e-05,6.3800442074095445e-06,151.28596239409896,0.6220703125
7550000,12,0.006702954838751156,0.000763553133262384,59.39401850994918,1.2516928997352646e-05,6.220059409748593e-06,151.27622225148536,0.6181640625
7560000,12,0.00632619393807779,0.00039924346987100335,59.26950605151682,8.450732088450314e-06,2.1540129064877966e-06,151.25444926161722,0.6171875
7570000,12,0.006095655236036183,0.0001677564088851976,59.27898925991074,7.673103354434939e-06,1.3767137516891385e-06,151.3420299397835,0.6220703125
7580000,12,0.006208949798789558,0.0003009160496219875,59.08033928073999,9.515989734725774e-06,3.219579323071969e-06,151.28457666021748,0.619140625
7590000,12,0.006262304889713957,0.0002927938783553395,59.69511148886184,8.444739679468055e-06,2.148705732179328e-06,151.29666578340476,0.623046875
7600000,12,0.005986622576861711,6.0339342529685306e-05,59.26283371815186,6.70188248826317e-06,4.059596216822612e-07,151.3412336704975,0.623046875
7610000,13,0.006165959991767608,0.00026057138096125047,59.05388752058618,8.3176365156274e-06,2.0216643652202873e-06,151.30548048113653,0.62109375
7620000,13,0.005989750050732398,6.754623157321504e-05,59.22203959753108,6.81585847100238e-06,5.203278964346325e-07,151.32332181918173,0.6240234375
7630000,13,0.006628951636461141,0.0007068250081065651,59.22126770940853,1.3990780487156648e-05,7.695356776673661e-06,151.2888966019569,0.6220703125
7640000,13,0.006655730126495514,0.0007560586482526832,58.99671636309411,1.239629634475234e-05,6.10128666021669e-06,151.29584392079744,0.623046875
7650000,13,0.006323471083295488,0.0003731922372439136,59.502789706229024,8.135038347965187e-06,1.8401002594979749e-06,151.28475697462147,0.6181640625
7660000,13,0.007249753251603548,0.0013501734371215788,58.99579931327654,1.7881206479360184e-05,1.1586620843436669e-05,151.22256432887733,0.6220703125
7670000,13,0.0062071099858775295,0.00029332375814732824,59.13786376619213,8.850579929598955e-06,2.5565597431592676e-06,151.31317883334225,0.623046875
7680000,13,0.0072040162378183255,0.0012433560442689467,59.60660337696057,1.1667985320272368e-05,5.373684832276254e-06,151.23072648634866,0.6162109375
7690000,13,0.006457065094227997,0.0006177671700866099,58.39298085593572,9.588183723920228e-06,3.293873476866479e-06,151.29675539891085,0.62109375
7700000,13,0.006379492828218656,0.00046248715226716115,59.170058276240674,1.1457096768371877e-05,5.16348767669575e-06,151.29841087937896,0.6201171875
7710000,13,0.006432065448125791,0.000507011993776708,59.250536321422366,9.511028141919162e-06,3.2175095362789398e-06,151.29574182436025,0.6171875
7720000,13,0.006350750259238097,0.00037039180660005516,59.80358579337941,9.563792433310424e-06,3.270319057926523e-06,151.2891894181947,0.6181640625
7730000,13,0.006143721117160809,0.00019802299300056392,59.45698262096585,7.746598021309544e-06,1.453029194921316e-06,151.28241524804469,0.6162109375
7740000,13,0.006520706154714117,0.0005883186394189479,59.323876265414206,1.1653086035941828e-05,5.359897762111816e-06,151.29306182222803,0.6220703125
7750000,13,0.006766818623723384,0.0009203510885624035,58.46467668586204,1.775207354119491e-05,1.1459651831679874e-05,151.32002608417497,0.623046875
7760000,13,0.00623091516336388,0.00025612957594276555,59.74785763917896,7.455704903696606e-06,1.1630549293761324e-06,151.2568930840441,0.62109375
7770000,13,0.006379822049092619,0.00042182718809889816,59.579950380916294,1.0153642352267842e-05,3.8611045079408754e-06,151.32243048231373,0.6240234375
7780000,13,0.00654085963211427,0.0006095467261695511,59.31313077338191,1.2296870392173199e-05,6.004589214001054e-06,151.31593971205797,0.6201171875
7790000,13,0.006824748585616601,0.0009160955802015842,59.08653169927288,1.7841532759858833e-05,1.1549571253677375e-05,151.32781792926662,0.6240234375
7800000,13,0.006307126375383765,0.00038192415485574754,59.25202397875572,1.3146627436266602e-05,6.855252482191394e-06,151.31388377503902,0.623046875
7810000,13,0.006281820971332711,0.00039261076027765946,58.89210375661357,1.1481216162980906e-05,5.189882465361689e-06,151.32247990854927,0.623046875
7820000,13,0.006981263722866582,0.0010604831011022339,59.20780741816927,1.8219191986089132e-05,1.1928555390728164e-05,151.28637041819687,0.6240234375
7830000,13,0.006398580958868423,0.0004849439671437301,59.13637140290652,9.551427864750568e-06,3.2600157187160416e-06,151.28755439322137,0.623046875
7840000,13,0.006542182083032174,0.0006101186173836608,59.32063603321282,1.0487074570240221e-05,4.195925619855946e-06,151.31227623354596,0.6201171875
7850000,13,0.006692650616361856,0.000776856127851258,59.15794599191384,1.4832045608140118e-05,8.5409323497689e-06,151.3181263110305,0.6201171875
7860000,13,0.006189294980817247,0.00029544356979613334,58.938515769523775,9.054769069743709e-06,2.7642397149102093e-06,151.30624714949178,0.625
7870000,13,0.005989572360144778,8.403473237001754e-05,59.05537760953258,7.141648737440293e-06,8.514811934385482e-07,151.31838385024398,0.625
7880000,13,0.0065106050049997454,0.0006542427086913954,58.56362468770313,1.2824338953798351e-05,6.534510963751962e-06,151.33832059456532,0.6259765625
7890000,13,0.006260544695694594,0.0003653982256647633,58.951465995543835,8.428625383537382e-06,2.1389768258542195e-06,151.25066886275357,0.623046875
7900000,13,0.006326430286309664,0.00041009727162190715,59.163331553103546,1.1472694818404936e-05,5.183339430425686e-06,151.31878953102577,0.6279296875
7910000,13,0.00639720794395826,0.0004194949817578487,59.7771310417057,1.0104856760111561e-05,3.81510024647e-06,151.30833719291996,0.625
7920000,13,0.006282042953975174,0.0003431290312083508,59.38914077646215,9.167321352782111e-06,2.8782318418873657e-06,151.29868991050253,0.625
7930000,13,0.0071812477420814085,0.0012146388960562534,59.66609013797092,1.7078775827036703e-05,1.078917629194134e-05,151.28437327958468,0.6201171875
7940000,13,0.006401004059651333,0.000471492966480446,59.29511236409766,1.0446843321796064e-05,4.157194974176482e-06,151.33139656750916,0.62890625
7950000,13,0.006108949014183656,0.00019934492361088388,59.09604233854329,7.842301964277165e-06,1.5537532137652543e-06,151.29286163972264,0.6259765625
7960000,13,0.007553618285501731,0.0015897672879827728,59.63851131861089,1.963833219780928e-05,1.3349805074466714e-05,151.29496393901857,0.6298828125
7970000,13,0.006742946662497098,0.0008302232028203246,59.12723613825414,1.4116102318303896e-05,7.828145191190771e-06,151.28762612181902,0.62890625
7980000,13,0.006445221294100538,0.000539198122379344,59.06023294527758,1.1218359991570336e-05,4.930575033298109e-06,151.29012391909197,0.62890625
7990000,13,0.006196425461813157,0.00028610318567885636,59.10322414983199,8.86819633303633e-06,2.580211209408544e-06,151.31195340941105,0.626953125
8000000,13,0.006067893067053179,0.00012995046411376165,59.37942727241935,7.898528353534395e-06,1.6109245509357294e-06,151.33632791534674,0.625
8010000,13,0.006204470466021396,0.0002904272681903921,59.14043382994734,8.527290689661752e-06,2.2396766149950316e-06,151.2907818223544,0.6259765625
8020000,13,0.0060529936855918025,0.0001392468394957305,59.13747009935071,7.522650613495548e-06,1.2353121118966242e-06,151.36334155872512,0.6298828125
8030000,13,0.006177437801467627,0.0002993062669415181,58.78131707277973,8.13495664157385e-06,1.8478027611994238e-06,151.28751969873122,0.625
8040000,13,0.006037767850824451,0.00012791680855419454,59.09851184061955,7.455463335637787e-06,1.1687571471699563e-06,151.32821716725294,0.6279296875
8050000,13,0.00649001860718031,0.0005728674260326536,59.17151343417133,1.0329138570792445e-05,4.042657746716705e-06,151.2464853059451,0.625
8060000,13,0.0062451940338995515,0.00032933784208987355,59.15856347414602,8.027292373554893e-06,1.7406191522979755e-06,151.29299676132698,0.623046875
8070000,13,0.00681553255317416,0.000887789261206041,59.277434636877175,1.0836262738063625e-05,4.550114715196308e-06,151.2607103382183,0.6201171875
8080000,13,0.006711885527031497,0.0007464544596579847,59.654311953938695,1.1364418582062268e-05,5.077845974711977e-06,151.28533192926662,0.6279296875
8090000,13,0.006549347552182497,0.0006328108127708678,59.16536885668131,1.3064093836136068e-05,6.777766097275007e-06,151.30072791479697,0.626953125
8100000,13,0.005933296090838416,3.263613755082696e-05,59.006601222179775,6.663431026522694e-06,3.776099203184031e-07,151.3591123158836,0.625
8110000,13,0.0065903257718879565,0.0006353279158759773,59.549980247397436,1.139715507928734e-05,5.1107529971491785e-06,151.29613894677505,0.6279296875
8120000,13,0.006352750606694158,0.0003793190118082454,59.73431733420946,1.0529780355664626e-05,4.245089629612751e-06,151.3288611936514,0.6298828125
8130000,13,0.006615252834438177,0.0006327753854877185,59.824775842148256,1.2057625818294052e-05,5.7724345882082216e-06,151.28443387872096,0.6298828125
8140000,13,0.006098173319962212,0.00021544549630983953,58.82727975935878,7.499541901669427e-06,1.2149351652286409e-06,151.33692206498907,0.6279296875
8150000,13,0.006758507017716839,0.0008513822773234709,59.07124901054742,1.1622503465375055e-05,5.337158784006666e-06,151.3143717733564,0.6279296875
8160000,13,0.007263386113691923,0.0013470852814973983,59.163009376166116,1.7609280001597534e-05,1.1324734645215514e-05,151.25048116085756,0.62890625
8170000,13,0.0064668890679337645,0.0005455203949624198,59.213687920323856,1.2265356187056514e-05,5.980708140094937e-06,151.3148499045106,0.623046875
8180000,13,0.006978631692169518,0.0010503179686644287,59.283138840677516,1.33554867231329e-05,7.0710091434126765e-06,151.26938599404076,0.626953125
8190000,13,0.006401048804328155,0.0005466250017497914,58.54423947660661,1.1292675634674955e-05,5.008625537430654e-06,151.32064366286568,0.626953125
8200000,13,0.006342791671353362,0.00043128334096849554,59.11508479167356,1.0649502492252893e-05,4.365099618939068e-06,151.3521177782436,0.6279296875
8210000,13,0.0062335517260174176,0.0003474380179521604,58.861138446007025,9.149332451847738e-06,2.8657607972675283e-06,151.3373481564671,0.6240234375
8220000,13,0.006065962762039225,0.00020507893704377163,58.608839714185024,7.952314371410012e-06,1.668547417720451e-06,151.313338150736,0.62890625
8230000,13,0.006335289378760775,0.0004320209874099982,59.032685219586064,9.477257329410692e-06,3.19376755597161e-06,151.28622367297794,0.62109375
8240000,13,0.00641698947604721,0.0005392055525206754,58.77784078233238,1.2755792067477657e-05,6.471962492552863e-06,151.31153934629958,0.626953125
8250000,13,0.006468560444154978,0.0005766677896327666,58.91892824820037,1.1171897947189066e-05,4.888530888418393e-06,151.31121467513506,0.625
8260000,13,0.006698402904728134,0.0007570840388440429,59.413189984533986,1.4490943606688612e-05,8.207425567815379e-06,151.28959924481993,0.6279296875
8270000,13,0.005998587484066408,7.531390296690068e-05,59.23273734141635,6.65433064425487e-06,3.716305400525393e-07,151.31176710381152,0.6279296875
8280000,13,0.0062679866055434606,0.0003302894206680616,59.37697381209311,1.2168680462017834e-05,5.88703900228184e-06,151.3359632793095,0.630859375
8290000,13,0.0060035292050791,8.852673374995364e-05,59.15002637115316,6.839526760387197e-06,5.570920943150555e-07,151.29246888816988,0.626953125
8300000,13,0.005972335495286232,5.582659889322928e-05,59.16509025641698,6.507132308045531e-06,2.2504657416352623e-07,151.27405466602357,0.6220703125
8310000,14,0.006985279532870336,0.0011049366454949903,58.803430181452725,1.669532675106241e-05,1.0413322550667125e-05,151.26635613305535,0.62109375
8320000,14,0.006425079388393346,0.0005195440898966237,59.05535466319547,1.2918290632563042e-05,6.637042932921354e-06,151.3221652394999,0.6318359375
8330000,14,0.006031310300532958,0.00014367640420303427,58.876340357282324,7.929345068134905e-06,1.6478521553950957e-06,151.35885383163264,0.6328125
8340000,14,0.0060814255058252486,0.0001547899323140484,59.266357289636126,7.643194964087346e-06,1.3618830662826225e-06,151.31424003118167,0.630859375
8350000,14,0.006168953200313393,0.00024600333997721067,59.22949971218116,7.74160306870159e-06,1.4607943891428728e-06,151.30577320763484,0.6279296875
8360000,14,0.006402525967219421,0.0004974764743191142,59.050496568309924,9.240598516323262e-06,2.959624869523846e-06,151.28642358376243,0.626953125
8370000,14,0.006967512793802275,0.0010526238914676442,59.148890414668074,1.3384262253307648e-05,7.103507772328027e-06,151.2915315496383,0.6259765625
8380000,14,0.006643257252423604,0.0007347194706536051,59.085379072281036,1.4562586087362025e-05,8.28199210538171e-06,151.31579242600284,0.6259765625
8390000,14,0.0064516476817434755,0.0005348464790810399,59.168013950563385,1.1923445264713295e-05,5.643276008486095e-06,151.34793638195376,0.6318359375
8400000,14,0.006245099585504797,0.000298010000994667,59.470897180090056,1.171677374517326e-05,5.436149465026397e-06,151.3456675128106,0.6259765625
8410000,14,0.006373292252391526,0.0004473720008124185,59.25920397896773,9.575529728722739e-06,3.2954400080374068e-06,151.32258290690012,0.6298828125
8420000,14,0.006276133654629406,0.00033386585336397386,59.42267974458663,8.643381066565997e-06,2.36347353308198e-06,151.3036944731023,0.6240234375
8430000,14,0.006365528116213112,0.00047866485091199533,58.86863410865711,1.1540072810681209e-05,5.260183284062907e-06,151.30650775118494,0.6279296875
8440000,14,0.0062601331098278215,0.0003836620835401916,58.764711906123644,1.0770235742180448e-05,4.490954793704675e-06,151.33906099356216,0.6298828125
8450000,14,0.006545271690627004,0.0005985651770806806,59.46706697542097,1.1537373864508874e-05,5.257946700894536e-06,151.32943038154082,0.6298828125
8460000,14,0.007035906457806718,0.0011439335842169396,58.919730066991725,1.8817841633226033e-05,1.253903138597201e-05,151.28140059362494,0.6298828125
8470000,14,0.006821661136145966,0.0009001116899451748,59.215495958448244,1.5022543380565206e-05,8.74402743526522e-06,151.26950394933715,0.6279296875
8480000,14,0.006697994105154144,0.0007688291319189323,59.29165113786702,1.3587547539484658e-05,7.3088014800989365e-06,151.31235864030677,0.626953125
8490000,14,0.00641119733263644,0.0004464998670830168,59.646976229065395,1.0567911109629863e-05,4.289477592762822e-06,151.30972112365333,0.6240234375
8500000,14,0.005964478689328503,5.2956712263319565e-05,59.11522144594051,6.668944915886478e-06,3.9045848053639103e-07,151.33563392305902,0.6259765625
8510000,14,0.00627431920842201,0.000340778133055716,59.33541185358229,1.0654949377378634e-05,4.3776581327347644e-06,151.29021686842674,0.6279296875
8520000,14,0.006244001614570755,0.0003175264219860009,59.26475338434296,8.998264153060546e-06,2.7205229193145155e-06,151.30916675904106,0.6298828125
8530000,14,0.006816632963063855,0.000913874322023324,59.02758743640553,1.1355522872634513e-05,5.077665528681465e-06,151.2896205575783,0.6240234375
8540000,14,0.007108068910474769,0.0011908089745111877,59.172600535611906,1.4542708850627381e-05,8.265561012882996e-06,151.30511890863022,0.623046875
8550000,14,0.006358004336081061,0.00044688273304402837,59.11121748273615,9.796616102714159e-06,3.5189557666627795e-06,151.31008120885727,0.626953125
8560000,14,0.0060077103171001615,0.00010010273900164978,59.076077272230556,7.367620140432673e-06,1.0905357526309054e-06,151.34014836848158,0.62890625
8570000,14,0.006321547554022846,0.00041858938743834885,59.029583364114224,9.196780872863134e-06,2.919721221865337e-06,151.29341600458653,0.623046875
8580000,14,0.00629695659924057,0.0003546753684453892,59.422813876071295,8.751598743786943e-06,2.4742316325937696e-06,151.30510363495276,0.623046875
8590000,14,0.006615180298724348,0.0006415803140063828,59.736001200542894,1.2351404287470574e-05,6.075599321768141e-06,151.28121500908998,0.6259765625
8600000,14,0.0060140456223611175,0.00013533049347965107,58.7871526265328,7.445521190232518e-06,1.169097245776963e-06,151.31871014316775,0.6318359375
8610000,14,0.006052919658741432,0.00015481941461554626,58.98100370326324,7.891154961467895e-06,1.6150082156914966e-06,151.3271625034108,0.626953125
8620000,14,0.005977126102917503,9.170301449327506e-05,58.85423225303339,7.145177660534649e-06,8.690189184958305e-07,151.35079034622527,0.6328125
8630000,14,0.0064108183929272354,0.0005056623333750887,59.05156198278319,1.3461954484123816e-05,7.185682754516258e-06,151.37265907938794,0.6318359375
8640000,14,0.006917045283355088,0.0009941076963610321,59.22937720296862,1.1757239030510415e-05,5.481383109991185e-06,151.26997581928885,0.626953125
8650000,14,0.007074779668798207,0.0011272721027081086,59.4750772896755,1.6933429671399438e-05,1.0657517191101088e-05,151.24696280521528,0.623046875
8660000,14,0.006024471909987077,0.0001312684483057877,58.93203613753827,7.173803323551343e-06,8.980343571710188e-07,151.30982948333968,0.626953125
8670000,14,0.006315197972171508,0.00042967047834089115,58.855276127398774,1.1256756283437112e-05,4.9814761949740035e-06,151.33648998100998,0.6298828125
8680000,14,0.006600510714408209,0.0006851679961735158,59.15342881090376,1.5016763591516223e-05,8.742039706594217e-06,151.29964716310832,0.6279296875
8690000,14,0.006096029640807348,0.0001427509959480337,59.53278808388318,7.4147996366443105e-06,1.1396516101952386e-06,151.3206562335727,0.630859375
8700000,14,0.006052774672854276,0.00021440648032995283,58.383683784017,7.75865978693021e-06,1.4835647250383576e-06,151.28664814278605,0.626953125
8710000,14,0.006369083387518057,0.0004907371720160425,58.78346349153687,1.0311353576571476e-05,4.036395179142203e-06,151.3223166276318,0.6279296875
8720000,14,0.006335326760265223,0.0004158533653735143,59.194735669208036,9.068149909225621e-06,2.79322830544128e-06,151.33956895247178,0.625
8730000,14,0.006540593556775437,0.0006475556495148002,58.93038075017362,1.1778207250115376e-05,5.503381128972582e-06,151.31112744799805,0.626953125
8740000,14,0.0061468193935714744,0.00022386223380273858,59.22957319497296,7.928864402386045e-06,1.6545115625845474e-06,151.327783776756,0.6259765625
8750000,14,0.006978368116095775,0.0010870537535578612,58.913145052755915,1.716425123117591e-05,1.08908494598756e-05,151.25464367673237,0.6201171875
8760000,14,0.006965113817150538,0.001057251165123335,59.078628134559175,1.5586196269253968e-05,9.311780537666543e-06,151.3362436611342,0.62890625
8770000,14,0.006422135533600437,0.0005151855387248264,59.06950136702076,1.0985116954434932e-05,4.711142348580578e-06,151.28907101283625,0.623046875
8780000,14,0.006252498318131937,0.00032888588215628656,59.23612614480539,1.0862189952466942e-05,4.588482313140102e-06,151.3156715413726,0.6298828125
8790000,14,0.0067680130630257945,0.0008760804261708601,58.91932762741893,1.2778207789847811e-05,6.505248371172291e-06,151.2844603711462,0.623046875
8800000,14,0.0065437880932420955,0.0005939352366606152,59.498530196111204,1.155009274372973e-05,5.276569300539898e-06,151.34461073037468,0.625
8810000,14,0.0061370262854900095,0.0002488001658660197,58.88226242218354,8.394293219869354e-06,2.1212641258579196e-06,151.31570132219065,0.626953125
8820000,14,0.006653144411977297,0.0006948531978215679,59.58291389529618,1.128989807812901e-05,5.016825207992647e-06,151.27157646773117,0.625
8830000,14,0.006521708946529447,0.0006073935550080166,59.14315536682901,1.784615187023861e-05,1.1573226020933576e-05,151.33361074158591,0.6279296875
8840000,14,0.006532865907584084,0.0006972215208706683,58.35644552627497,1.3900674087534619e-05,7.62848234015369e-06,151.33276797326496,0.6279296875
8850000,14,0.0063782776442818205,0.0004999433564034908,58.78334423179692,1.0895479669992282e-05,4.623600321128879e-06,151.32016765084217,0.6328125
8860000,14,0.006332307661945471,0.00040648472079815714,59.258230991010656,1.2504500639004171e-05,6.232481217718968e-06,151.30165056595965,0.6259765625
8870000,14,0.0067778462383966094,0.0008509962297287011,59.268501436819754,1.5197505609415088e-05,8.925895245827643e-06,151.31929433448428,0.6279296875
8880000,14,0.006311078066160207,0.0004036184336683857,59.07459747363433,1.345678089020163e-05,7.1854241133374134e-06,151.3441962188058,0.6259765625
8890000,14,0.006226083853557111,0.00032459881524893596,59.01485178219999,9.997462668769239e-06,3.7259641943654332e-06,151.33303542405727,0.62890625
8900000,14,0.006521092713882675,0.0006204076863951612,59.0068515637833,1.0811411651749453e-05,4.539628641250564e-06,151.28736952801776,0.62890625
8910000,14,0.006239790132793603,0.00034264954750640034,58.97140680698522,9.21181923227905e-06,2.9399333300957677e-06,151.34366199233008,0.62890625
8920000,14,0.006150031139600774,0.0002551852793736188,58.948460029475626,9.176786783848652e-06,2.9060032013157687e-06,151.3363146244586,0.623046875
8930000,14,0.006404507960425388,0.000530448224921245,58.74059846816632,1.1087719287342769e-05,4.816149029201533e-06,151.30674911419467,0.6279296875
8940000,14,0.006153950853532009,0.00026075599246561896,58.93195001373828,8.2913971608242e-06,2.020372320399623e-06,151.3317676015852,0.6298828125
8950000,14,0.006260334820500974,0.0003475976918703271,59.12737298840675,8.436635104268967e-06,2.1659800676258213e-06,151.3047445405158,0.625
8960000,14,0.006093597981032906,0.00022565620122830254,58.67941913598564,8.357283707298517e-06,2.0865264191692364e-06,151.34000382964751,0.6279296875
8970000,14,0.006701852491243723,0.0007721379681315821,59.2971468969556,1.38224752746409e-05,7.5525226849792885e-06,151.3120665897307,0.6298828125
8980000,14,0.0065285876096853185,0.0006114404591104032,59.17147297708215,1.090703501320302e-05,4.636645002142664e-06,151.29608767292285,0.6240234375
8990000,14,0.006261956704971457,0.000375420816627386,58.86536040309127,9.488196568025667e-06,3.2181647654113687e-06,151.3060937794485,0.6279296875
9000000,14,0.006458428412361126,0.0005064027243102317,59.52025847505759,1.1402408372581768e-05,5.1323013381766e-06,151.33332648387187,0.6279296875
9010000,14,0.00656116148601493,0.0006344869834446601,59.2667464359647,1.1028894665960812e-05,4.759329799040642e-06,151.29192682421848,0.6240234375
9020000,15,0.006107233787067434,0.00019180460651633822,59.15429348413994,8.218148042306858e-06,1.9481123815153958e-06,151.34012512086673,0.625
9030000,15,0.006119879529980243,0.00020837492572133422,59.11504744981775,7.65013017674247e-06,1.3810008180197382e-06,151.30616005580245,0.6240234375
9040000,15,0.007298453867902116,0.0013781958537074765,59.20258168996499,1.590828590560806e-05,9.639251047967734e-06,151.25717053615477,0.619140625
9050000,15,0.006388558386508115,0.00045082239715140505,59.37736145406046,1.0283433241290417e-05,4.0137948744614104e-06,151.3264993726937,0.623046875
9060000,15,0.006401927057937607,0.0005273167783011155,58.74610429293881,1.0787357559975652e-05,4.518386166972146e-06,151.29544697998114,0.623046875
9070000,15,0.006956279480562842,0.001087477596923301,58.68802027560582,1.749532909688863e-05,1.122530448187873e-05,151.28027136237935,0.625
9080000,15,0.006398046955114118,0.0005088374467405127,58.892096433159,1.0159028793768692e-05,3.88966497656273e-06,151.30389722282663,0.6259765625
9090000,15,0.00594109340274153,5.3190212000610024e-05,58.87903342363484,6.769262254022633e-06,5.008091901690403e-07,151.3434406345709,0.625
9100000,15,0.006578218317352723,0.0007081842613087746,58.70034202248607,1.4387043603429869e-05,8.118428878953238e-06,151.3209617564058,0.6201171875
9110000,15,0.0065542752953735945,0.0006382931255100432,59.15982340437458,1.3862442990914166e-05,7.593724232441667e-06,151.30689405802136,0.623046875
9120000,15,0.006622695910552272,0.0007618194595750305,58.60876613023996,1.2040811442994826e-05,5.772833210745816e-06,151.2694285266666,0.6220703125
9130000,15,0.007580741799235002,0.001667597782396367,59.13144192999021,2.1617801530316443e-05,1.5350506837103174e-05,151.31167816457142,0.6142578125
9140000,15,0.006493207911933219,0.0006082780740421201,58.84929989894978,1.1991635972452377e-05,5.723715335096507e-06,151.32573648960215,0.6201171875
9150000,15,0.0061608646589474,0.00028891387312827364,58.71950916268027,9.709192548677851e-06,3.44162813160833e-06,151.31547644907164,0.6220703125
9160000,15,0.006242680825104858,0.00032988310570763205,59.12797857418039,9.13350317760678e-06,2.8662084669210066e-06,151.30435701726745,0.623046875
9170000,15,0.006039679391264329,0.0001991932260314387,58.404862788053705,8.930158210890204e-06,2.6626883976892846e-06,151.32473828180147,0.62109375
9180000,15,0.006162769434952258,0.0002250347484837035,59.377348640387076,7.842743419821258e-06,1.5758377757350708e-06,151.34427123580173,0.6220703125
9190000,15,0.0065855953447816,0.0006811742207915289,59.04421271010203,1.5163835642441447e-05,8.896630537442204e-06,151.3221700604914,0.62109375
9200000,15,0.006118660248495974,0.00020779354214174725,59.10866841892967,7.393997184171476e-06,1.1275460419549215e-06,151.27746578939858,0.609375
9210000,15,0.007333468958597632,0.0013818664046726932,59.51602698846782,1.7829598970818072e-05,1.1562904094362247e-05,151.26723201656273,0.619140625
9220000,15,0.005990036212148984,0.00012051590183468002,58.695204890351704,7.43160405784369e-06,1.1652249192835048e-06,151.34162714252219,0.6142578125
9230000,15,0.006465803715137933,0.0005207339104179724,59.45069970565035,1.4160538224172873e-05,7.89398077104571e-06,151.35066865080202,0.6171875
9240000,15,0.00652400317129308,0.0006262957227267503,58.977075752800886,9.726960501716653e-06,3.460179872495816e-06,151.32894342026503,0.611328125
9250000,15,0.0060011174853673585,0.00012339424111349633,58.77723409059712,7.149027711726247e-06,8.829562396790551e-07,151.30857918774427,0.61328125
9260000,15,0.006664835425711,0.0007176436598245352,59.4719189675405,1.3485953962027518e-05,7.2201733267352914e-06,151.31786336534478,0.6162109375
9270000,15,0.006518455601066661,0.0006343517565799901,58.841039792040355,1.205564787397575e-05,5.789500123683022e-06,151.30662534696106,0.6181640625
9280000,15,0.006323399199481302,0.0004232593888310786,59.00139941946316,9.365912874947254e-06,3.1003592766270183e-06,151.28198685897175,0.611328125
9290000,15,0.006509665586285214,0.0005968802159670509,59.12785547607126,1.1807072638568656e-05,5.541816056851809e-06,151.31240581266937,0.619140625
9300000,15,0.005977605173010909,0.0001445165027246161,58.33088842544545,7.1234593475471414e-06,8.580441006655337e-07,151.31998715621256,0.6181640625
9310000,15,0.006235046311768533,0.0003322558323639284,59.02790639412386,9.722765622346328e-06,3.4571735643975235e-06,151.32390574108663,0.619140625
9320000,15,0.006096913405012118,0.00024374932333354977,58.53164249353598,8.152999976559701e-06,1.8880320383051836e-06,151.3088433041682,0.6181640625
9330000,15,0.006400884245858789,0.0005407595104061749,58.60124878274125,9.28221156849962e-06,3.017738202892531e-06,151.27433036226174,0.6181640625
9340000,15,0.006030945382065907,0.00013170060226159512,58.992449052940486,7.030631840352215e-06,7.658459138314936e-07,151.33007251630707,0.6201171875
9350000,15,0.005995373934342526,0.00010445706200347343,58.9091700283528,7.985822768999025e-06,1.7212019554574102e-06,151.37293027011117,0.625
9360000,15,0.006219864317000511,0.00036078849308712524,58.590759604270275,9.148420796355173e-06,2.8838073846674657e-06,151.316228203742,0.62109375
9370000,15,0.006702244620801455,0.0007894712949130363,59.12773458717422,1.4475091406035188e-05,8.211358195536533e-06,151.29774648852248,0.6259765625
9380000,15,0.007370334246913979,0.0014784227482029697,58.91911665525304,1.993086776587108e-05,1.3667096691873619e-05,151.27652398888978,0.6201171875
9390000,15,0.00612664742788892,0.00023593515792256722,58.90712419121747,9.002124790232714e-06,2.7383246513221146e-06,151.33247128235675,0.6259765625
9400000,15,0.00599852199637546,0.00012499519501596437,58.73526947934143,6.99433520614438e-06,7.3034227156942e-07,151.29316864808575,0.6259765625
9410000,15,0.006156337428731366,0.00024231358798998683,59.14023953268967,8.861186081792216e-06,2.597828992185308e-06,151.34964642777575,0.630859375
9420000,15,0.006399050108992088,0.00048575422218512666,59.13296036743778,9.84190076161453e-06,3.578070200072952e-06,151.27395865331465,0.623046875
9430000,15,0.006575586162049232,0.0006584892167314975,59.17097102313872,1.1633064295700727e-05,5.369415939818784e-06,151.2911291130296,0.623046875
9440000,15,0.006884128817294064,0.0009868284194571003,58.973005835035046,1.3254426873193115e-05,6.99142425821692e-06,151.26385378452423,0.62109375
9450000,15,0.006262976524712057,0.00037213797985340564,58.908386809119136,1.0255861570496696e-05,3.99273282851463e-06,151.3150962248869,0.62890625
9460000,15,0.006147230222432364,0.0002834064188915207,58.63823926120171,8.824976681959618e-06,2.5616393328124182e-06,151.33628659880284,0.6259765625
9470000,15,0.0066951855266490605,0.0008302446028109396,58.64941059192331,1.804393412273752e-05,1.1781418787895461e-05,151.30055025947368,0.623046875
9480000,15,0.006110839587095635,0.0002522877465338534,58.58551957556703,8.944240113961545e-06,2.6816497477970114e-06,151.3175091839089,0.62890625
9490000,15,0.00648728371608875,0.0006133443520452057,58.739394987839745,1.2019154789783255e-05,5.7578591787591434e-06,151.29768899777136,0.6201171875
9500000,15,0.006356490669239078,0.0004380516853586664,59.18439121105173,9.073227270051802e-06,2.8111188623638783e-06,151.32278286336387,0.6201171875
9510000,15,0.006093192310850644,0.00012036439724241227,59.728280439927154,7.4452217569623015e-06,1.1831993737924841e-06,151.33907126743742,0.6298828125
9520000,15,0.006459111799587103,0.0005169536306506788,59.42158343527916,9.830088648844588e-06,3.5675875060999416e-06,151.3065260885693,0.6328125
9530000,15,0.006594275670511825,0.0007102360879192012,58.84039766652366,1.1919144331760975e-05,5.657316268831902e-06,151.3109193350593,0.625
9540000,15,0.0065187624821102606,0.0005798346087347153,59.389280406865964,9.399300213017126e-06,3.1371076231517627e-06,151.22827658152727,0.6201171875
9550000,15,0.006472534771718944,0.0005846072226539333,58.87927731452248,9.965558424446197e-06,3.7039017627113697e-06,151.29728755218952,0.6240234375
9560000,15,0.0067279681367487494,0.0008496353216113268,58.783329310247694,1.4974791814765406e-05,8.713997798345112e-06,151.31088081313794,0.630859375
9570000,15,0.00736624509988268,0.0014766971570061504,58.89548122287156,2.0629011694635777e-05,1.4366882349021227e-05,151.25474005072843,0.6240234375
9580000,15,0.0061115853521968916,0.0002121472616088948,58.994382301193575,9.124264214988258e-06,2.8626362608380164e-06,151.35859755482048,0.626953125
9590000,15,0.006617445373356557,0.0006856938487716259,59.317516595593425,1.269676233748315e-05,6.4365889696371175e-06,151.31870653878963,0.6337890625
9600000,15,0.006020028319943528,0.00018623353757360854,58.33794894431197,7.0413300917901435e-06,7.804958048076553e-07,151.29548131277025,0.625
9610000,15,0.006810381350379605,0.0008750443173511978,59.353371652435506,1.4621566818679593e-05,8.361623698789496e-06,151.26727783711732,0.630859375
9620000,15,0.006646387455747299,0.0007365484409398562,59.09839181511641,1.3725507607035975e-05,7.4658447976291984e-06,151.29665235583153,0.626953125
9630000,15,0.005946944778591389,9.849124329801249e-05,58.48453663251116,7.271404009911926e-06,1.0111412362057693e-06,151.34448687266323,0.6357421875
9640000,15,0.00636779298947471,0.0004798109999746276,58.87982124424104,8.526534995742988e-06,2.2662424895368383e-06,151.27448404832126,0.626953125
9650000,15,0.006287823019383627,0.0004147766594764139,58.73046541325381,1.0250634788630742e-05,3.9908527580981204e-06,151.31998183988813,0.626953125
9660000,15,0.006135954408973751,0.0002807426620312785,58.55211930831562,9.560778789847342e-06,3.3004376207044327e-06,151.3302357532647,0.6318359375
9670000,15,0.006509577146053804,0.0005879667289160311,59.21610554648451,1.2666833878518513e-05,6.407089397356468e-06,151.30496486262555,0.6279296875
9680000,15,0.006457282058697214,0.0005862198752485371,58.710623353423706,1.1634795818731012e-05,5.374968938328306e-06,151.2882125653729,0.6279296875
9690000,15,0.0063468503287128,0.0004548470914677905,58.92003392412908,1.0676343003525792e-05,4.4167012332133415e-06,151.32357868234715,0.62890625
9700000,15,0.006896591744653818,0.0009648528175050735,59.31739096492638,1.2988394234123088e-05,6.728173168461192e-06,151.23472558556827,0.626953125
9710000,15,0.006218582980380735,0.00028966787112747475,59.289152677537956,9.063599370548093e-06,2.8038869495026996e-06,151.32171058236315,0.62890625
9720000,16,0.006347575377501763,0.0004497634783372863,58.97812015172568,1.1498900779860688e-05,5.239153217729138e-06,151.31801817759276,0.634765625
9730000,16,0.00642288080919706,0.0004954902565732507,59.273907201605134,1.3121733467450724e-05,6.862597629779909e-06,151.3478222573095,0.62890625
9740000,16,0.006353835898626945,0.00047814558988429405,58.75690472941933,1.146275201652733e-05,5.203350101136513e-06,151.3307643913513,0.6298828125
9750000,16,0.006294698646975473,0.00042198522831133364,58.727135524872196,9.596766043940195e-06,3.3376732507132894e-06,151.2942615192142,0.62890625
9760000,16,0.006131265316650979,0.0002822045031172737,58.49060972001105,9.241859481659583e-06,2.9827568474706474e-06,151.3427895342698,0.62890625
9770000,16,0.006582616450516816,0.0006540112523095392,59.286053453107,1.725160558375511e-05,1.099351441195651e-05,151.33562328869343,0.6279296875
9780000,16,0.00611786735737495,0.00022127981133565725,58.96587736299088,8.45574397021287e-06,2.1975235443743305e-06,151.34987364324633,0.62890625
9790000,16,0.006444923038249564,0.0005659377543847892,58.78985462688653,1.3335183220716717e-05,7.0774580241195695e-06,151.36387456940145,0.6318359375
9800000,16,0.0059839986030804935,0.0001006373520331395,58.83361412723884,7.149101124569188e-06,8.911513124535946e-07,151.32160362032081,0.62890625
9810000,16,0.006252889844566552,0.00031079703284279215,59.42092928908521,7.462736252234385e-06,1.2044870788337032e-06,151.29252525369435,0.6279296875
9820000,16,0.00671878834854103,0.0008055189008501439,59.13269586118969,1.1851278313293383e-05,5.593117695456552e-06,151.27945675629613,0.6279296875
9830000,16,0.006792848931398398,0.0008431713914246383,59.496776700139044,1.224249694345829e-05,5.985045059610267e-06,151.32053557535605,0.6259765625
9840000,16,0.00634892465260434,0.000439217158546618,59.097076612610536,1.2418066268973416e-05,6.16061409808207e-06,151.32218573966472,0.6279296875
9850000,16,0.0066255052288629645,0.0007502563216658076,58.75249037941949,1.131500482029581e-05,5.057570817225918e-06,151.30325288113033,0.6259765625
9860000,16,0.007213822850355898,0.0013278567956801323,58.859661985483974,1.3777245365729383e-05,7.519680390642919e-06,151.28427091348425,0.6259765625
9870000,16,0.006470376883677111,0.0005740935687033341,58.96283474376088,8.745573818003555e-06,2.4882860259877996e-06,151.29038118834586,0.6240234375
9880000,16,0.006584173440373435,0.0006643284560871423,59.19845131401316,1.2705994537499084e-05,6.449067701569764e-06,151.30632851992394,0.626953125
9890000,16,0.006002444751345312,7.328202068076627e-05,59.29162889852002,6.779011973950681e-06,5.221937330844359e-07,151.32540289852912,0.626953125
9900000,16,0.006870723161580181,0.0009655267143436024,59.05196589672414,1.2442975819778677e-05,6.186046800600961e-06,151.28214658065616,0.6259765625
9910000,16,0.00679373853908985,0.0009158006184894214,58.77938085071719,1.3976378917410173e-05,7.719822029854515e-06,151.3239171851102,0.626953125
9920000,16,0.006740427734907181,0.0008166372253185359,59.23790653702208,1.5229507416295617e-05,8.973182259998852e-06,151.33328683522785,0.6240234375
9930000,16,0.006114318191174581,0.00022862974038846204,58.856885552017935,7.798680617326476e-06,1.542623997929403e-06,151.31589754125346,0.625
9940000,16,0.006063203386564157,0.0002087475286268553,58.54456042875168,7.383422361743935e-06,1.1273371795229093e-06,151.2916589214013,0.6220703125
9950000,16,0.0061699801522874876,0.0002653951190215343,59.045851859244884,8.553327941885371e-06,2.2972576216477777e-06,151.2914693278256,0.6240234375
9960000,16,0.006229498157951286,0.00038282116136270443,58.46677135052924,1.021403563825841e-05,3.958325182921101e-06,151.3007093518405,0.6279296875
9970000,16,0.0059169647757835835,2.2424155339607562e-05,58.94540792913305,6.5392255635871206e-06,2.833433187211968e-07,151.34687491541288,0.6240234375
9980000,16,0.006528917617082768,0.0006514749408947498,58.77442824349026,1.5223136688326244e-05,8.968556484022157e-06,151.31156282170093,0.6279296875
9990000,16,0.006488084882350959,0.0005487187014772657,59.3936631096239,1.3149086484685438e-05,6.89329476569844e-06,151.3471768781268,0.6259765625
10000000,16,0.006389741274274335,0.0005321356037893209,58.57605815130446,1.1449617237189667e-05,5.194017439336231e-06,151.3372954873001,0.6279296875
10010000,16,0.006429288157569285,0.0005497560765112889,58.79532211659789,1.1191300170815628e-05,4.935773284650594e-06,151.3241685512306,0.6279296875
10020000,16,0.006449063181733571,0.0005982049382304574,58.50858392924357,1.179999317000558e-05,5.544157542449737e-06,151.30706662204435,0.6298828125
10030000,16,0.00668393727284484,0.0008116935946836404,58.72243803855583,1.3179190405333724e-05,6.923312497736092e-06,151.31533592112356,0.6279296875
10040000,16,0.006055500632269648,0.00016242086053377727,58.93079917187923,7.306424710559998e-06,1.0511431995800726e-06,151.28747802316755,0.623046875
10050000,16,0.0062921113537059365,0.0004212225289024019,58.708889826313964,9.913799389358398e-06,3.6582519847645244e-06,151.30847172925868,0.625
10060000,16,0.0066556550925300105,0.0008025286130213191,58.531266364908824,1.3665291327036332e-05,7.410578822529938e-06,151.31790355562183,0.630859375
10070000,16,0.006319592669640494,0.0003896970607473909,59.298957842857426,8.787803078945885e-06,2.5334953559929426e-06,151.3238902870241,0.6259765625
10080000,16,0.00662394031896164,0.0007134798761105718,59.1046063730404,1.162433906218973e-05,5.370413229228973e-06,151.32462059614014,0.6318359375
10090000,16,0.0062833983300043935,0.0003852318550173648,58.981666280343696,9.642677421174015e-06,3.3880859894179846e-06,151.32931639127514,0.62890625
10100000,16,0.006244814270188776,0.0003886402307995495,58.56174172256306,8.462604637720747e-06,2.20865823294215e-06,151.30022144468296,0.625
10110000,16,0.006159844975631068,0.00027555106497147814,58.84294076382603,8.317666941155335e-06,2.064478586415668e-06,151.29816397448093,0.625
10120000,16,0.006955674082097644,0.0010494610852700265,59.06213170575924,1.73372911825869e-05,1.1083512234848115e-05,151.31982401091804,0.6259765625
10130000,16,0.006160011349951904,0.0002507031975360352,59.093083178847095,8.232207172125035e-06,1.9783197334618617e-06,151.32482059749458,0.626953125
10140000,16,0.006576523407824554,0.000718531441903129,58.57992149229374,1.2709990932299803e-05,6.456260214112217e-06,151.2822456583638,0.630859375
10150000,16,0.006208736598509115,0.00031563451092948076,58.93102231289191,9.475044322379605e-06,3.2222014985650734e-06,151.33336059083177,0.62890625
10160000,16,0.00597238262832865,8.811359854409955e-05,58.84269190303606,7.169744759742144e-06,9.165115535801181e-07,151.3357947269528,0.630859375
10170000,16,0.006895104753755348,0.000991724875516927,59.033800059075006,1.3494302170158449e-05,7.240730413443595e-06,151.3156114817725,0.626953125
10180000,16,0.0060372383291692686,0.00011900526800984471,59.18233190501861,7.80331358761528e-06,1.5502128766794307e-06,151.3423630373715,0.6298828125
10190000,16,0.006365473826954217,0.00040794521596540626,59.575287485337995,1.1038901254958533e-05,4.785658649035351e-06,151.34342572066808,0.62890625
10200000,16,0.006040666913990351,0.00018207856698489088,58.58588487978088,7.431027225684131e-06,1.1782111742562741e-06,151.3172600701125,0.6279296875
10210000,16,0.006791558941872217,0.0008824048367468974,59.09154273659939,1.6086995865120448e-05,9.833228544844234e-06,151.29759960738434,0.630859375
10220000,16,0.00613771375928583,0.00029427109884395784,58.4344279462803,8.799351570282945e-06,2.5467113315023077e-06,151.3122756933333,0.62890625
10230000,16,0.006271092701630461,0.00036541820027297263,59.05674638774867,9.669619199549248e-06,3.4171580368089134e-06,151.31773081233507,0.62890625
10240000,16,0.006771057804374297,0.000897739089978684,58.73318825782309,1.7176696961104867e-05,1.092353446612903e-05,151.29058610144878,0.630859375
10250000,16,0.006128926257484315,0.00025578637768994814,58.73140056904235,8.285939476411695e-06,2.0335044241859128e-06,151.330346590249,0.6279296875
10260000,16,0.0061123286153272885,0.0002494433966375535,58.628853972411825,8.347642839889384e-06,2.0957550654672203e-06,151.3385419533674,0.626953125
10270000,16,0.006476616490588541,0.0006158114547539159,58.608052205985054,9.869823002206837e-06,3.6177584577873018e-06,151.27107954820792,0.6259765625
10280000,16,0.006503460872940012,0.0006399349761890613,58.63526029685604,1.0853196904693918e-05,4.601075376220421e-06,151.29223410368445,0.6259765625
10290000,16,0.0061753769139753336,0.0003447432639934968,58.30633770754656,8.311042740894087e-06,2.059126586422412e-06,151.27824191891244,0.6279296875
10300000,16,0.00616872245752272,0.00029665609768333626,58.72066525231649,1.0004478924312696e-05,3.7530614480042225e-06,151.28579438196041,0.62890625
10310000,16,0.006190452504567512,0.00032616896052866886,58.64283661258948,9.572443500844828e-06,3.321141420323774e-06,151.33676166574963,0.62890625
10320000,16,0.006115847101579145,0.00027588167127017536,58.39965589717833,8.457007206777954e-06,2.2056736187016606e-06,151.29258729556676,0.6259765625
10330000,16,0.007060601674606581,0.0012325220055579046,58.280797879011466,1.332174923808751e-05,7.069602511101201e-06,151.25930793405277,0.6259765625
10340000,16,0.00650898863491054,0.0006052256756455796,59.03763122922114,1.1259866436785511e-05,5.008783530110489e-06,151.28517184621668,0.62890625
10350000,16,0.00603310981834193,0.00015397123446790964,58.791387556009724,7.643064876677547e-06,1.3920777557426553e-06,151.32909760072388,0.6279296875
10360000,16,0.006447736313113463,0.0006005489379784537,58.47187511257887,1.0746158483194816e-05,4.495080122785524e-06,151.29617575753863,0.630859375
10370000,16,0.0063243110886179515,0.0004496426468147073,58.746685787910494,8.985362231878932e-06,2.734490963509269e-06,151.3220480043372,0.625
10380000,16,0.006086640205599066,0.00025414536889936353,58.3249499652859,8.422289457117463e-06,2.171535937077639e-06,151.31270259490242,0.625
10390000,16,0.006100632322225285,0.00021562565698451927,58.85006838685919,8.91064239117994e-06,2.6603153232691244e-06,151.3523852731216,0.6259765625
10400000,16,0.006880618214317469,0.0010204686923395944,58.601496554393485,1.1729423235437408e-05,5.478981670586382e-06,151.27377766333493,0.6240234375
10410000,16,0.006167841880602714,0.0002768619346319307,58.909800854037414,8.221054928426199e-06,1.9707202622781657e-06,151.30168156441408,0.623046875
10420000,17,0.0067802942241946985,0.0008678872855056947,59.12407084456868,1.7102728832905408e-05,1.0851912486390889e-05,151.30695028804868,0.625
10430000,17,0.006997014910670793,0.0011462072356499893,58.508078144828936,1.3360237438435906e-05,7.110652386607444e-06,151.29812662368067,0.623046875
10440000,17,0.0066112556172221795,0.0006948256686842461,59.16430090341496,1.1363544691076844e-05,5.113401365768412e-06,151.3177517176795,0.625
10450000,17,0.006178037254320944,0.00034550082446947473,58.32536585200168,1.0247742873452455e-05,3.998281011752926e-06,151.3518147323393,0.6240234375
10460000,17,0.006161300402695942,0.00023481802155749776,59.264825187996834,8.340559788503053e-06,2.0910012306314465e-06,151.35466054060262,0.6240234375
10470000,17,0.006267624203260001,0.00038376297935743977,58.83861374416493,9.529009307107134e-06,3.279493291909805e-06,151.30364495704893,0.623046875
10480000,17,0.006059896770877014,0.00017248955920400153,58.87407356667347,7.733829693246284e-06,1.4841888466687637e-06,151.34958744860097,0.625
10490000,17,0.006307487188914006,0.00042646483758318953,58.81022509454787,1.1278251484010128e-05,5.02906536747313e-06,151.35131366845147,0.625
10500000,17,0.006249812415517646,0.00037789436820339603,58.71918189163909,9.90432780217368e-06,3.654989637740129e-06,151.32921208753046,0.6259765625
10510000,17,0.006929927713809971,0.001041472240912777,58.88455618686194,1.645398251795026e-05,1.0205414616604467e-05,151.28363774459936,0.625
10520000,17,0.006423701223051024,0.0005803369590639957,58.43364381618099,1.2759985627277134e-05,6.511322214331859e-06,151.34061136149734,0.623046875
10530000,17,0.006436574932545428,0.0005034339286661709,59.33141152537621,9.378434241964143e-06,3.129476012096613e-06,151.3196167085262,0.625
10540000,17,0.006198584206372454,0.0003555970797541444,58.42987287918393,1.1308189988390457e-05,5.05960967409811e-06,151.32325905749187,0.626953125
10550000,17,0.006552832713008783,0.0006561972505049475,58.96635612760828,1.9597954160454656e-05,1.3349805648659782e-05,151.2905683492407,0.625
10560000,17,0.006227156025792083,0.00036771040181347636,58.59445768819268,8.653547941940564e-06,2.4049675886372085e-06,151.2757525007372,0.625
10570000,17,0.006090744749954625,0.0002113703946725644,58.79374487930811,7.591523982200844e-06,1.3431685938796886e-06,151.3060273672537,0.623046875
10580000,17,0.00619144514152961,0.0002954479199105965,58.95997372112874,1.1568211720887235e-05,5.320157877582524e-06,151.36331227298288,0.626953125
10590000,17,0.006739739148830664,0.000825450092743038,59.14289173857769,1.5222237082639856e-05,8.974279348502852e-06,151.3364196042513,0.6279296875
10600000,17,0.005909837353140489,7.934473393181111e-05,58.30492784862804,6.850626680360782e-06,6.025117521640224e-07,151.33656481783055,0.6240234375
10610000,17,0.006702536304465046,0.0007933459763968339,59.09190450614955,1.5078517767678423e-05,8.830860352479303e-06,151.30381652871958,0.6259765625
10620000,17,0.006823190548800931,0.0009305179487557514,58.92672772203148,1.3038911072418181e-05,6.79078820640229e-06,151.26482320317444,0.6259765625
10630000,17,0.006482725934281263,0.000579541056447736,59.03185015051268,1.1695696551561981e-05,5.4480810123124075e-06,151.32743324243364,0.625
10640000,17,0.0065428459209020415,0.0005897785376075273,59.530675442146745,1.3639046642539184e-05,7.391319357422353e-06,151.30633906266561,0.626953125
10650000,17,0.006676128353586342,0.0008275372961525276,58.48591215820357,2.1956782431841686e-05,1.5709427934119135e-05,151.3388126468451,0.6298828125
10660000,17,0.006324584242026728,0.0004199881956821308,59.04596190955864,1.1034838984887246e-05,4.788006092662692e-06,151.31993092701848,0.6298828125
10670000,17,0.006858900702366312,0.0010073083421460176,58.515925440681954,1.1503586903534876e-05,5.2561883149865015e-06,151.29167897215785,0.6279296875
10680000,17,0.006024278187312475,0.0001749345445829642,58.49343785536998,7.692677902792176e-06,1.4457371943691065e-06,151.31771278896497,0.630859375
10690000,17,0.006838779339963643,0.000980612315100478,58.581671622368994,1.3996924900563021e-05,7.749436326507267e-06,151.30266422966258,0.6279296875
10700000,17,0.006370556877012368,0.0004652956937363644,59.052613249462155,9.70181501863993e-06,3.4543579249114174e-06,151.31972795152888,0.625
10710000,17,0.006787521748456696,0.0008842108086744958,59.03311095124607,1.4095823869802368e-05,7.848786224025917e-06,151.3011654054498,0.6279296875
10720000,17,0.006525300644045563,0.0006386879490776668,58.86612824809178,1.5448003166118757e-05,9.200414565321586e-06,151.27344907236315,0.626953125
10730000,17,0.006802533277964329,0.0008943302736145507,59.08203162960886,1.3706906423120671e-05,7.460966446927996e-06,151.27801339632592,0.6201171875
10740000,17,0.005996116340017842,0.00011090579321633903,58.85210680516828,6.813566158958792e-06,5.669428979496816e-07,151.33595345761864,0.6240234375
10750000,17,0.007340764015293351,0.0013763194548699325,59.64444718818109,2.768518163271828e-05,2.144021740806642e-05,151.29183662114573,0.625
10760000,17,0.006620300745910175,0.0007998977596034579,58.20403125052424,1.559929290445271e-05,9.352832861998251e-06,151.3159270523189,0.625
10770000,17,0.0061953646710536355,0.0003446257178436094,58.50739080272671,7.4610378888690054e-06,1.2145095396827674e-06,151.2883908963221,0.6240234375
10780000,17,0.006331848697038797,0.0004350104254719204,58.9683840172746,1.0020474626641722e-05,3.7738841130613784e-06,151.30413872212205,0.623046875
10790000,17,0.006220379113047953,0.0002922049243485381,59.28174330079688,9.917674343680183e-06,3.6711211775594046e-06,151.37417137399876,0.625
10800000,17,0.005897870526265868,2.53947041356332e-05,58.72475949432923,6.533052976083375e-06,2.872487972689485e-07,151.3605085010589,0.623046875
10810000,17,0.005904603460286649,8.06613513656979e-05,58.239422405785774,6.884957021380097e-06,6.392464441837402e-07,151.3344107947489,0.6279296875
10820000,17,0.007135659129786339,0.0012281807638791092,59.0747852758118,1.8312554628210658e-05,1.206618976450306e-05,151.26462639997558,0.6279296875
10830000,17,0.006406691992303601,0.0005975839080913575,58.09108244605012,1.3412063671292193e-05,7.166631106057302e-06,151.31065143437544,0.6259765625
10840000,17,0.006150520804573608,0.0002916836049567053,58.58837345042934,8.548595036383578e-06,2.303513467873945e-06,151.31169285175608,0.625
10850000,17,0.006179370849486845,0.000348977643027246,58.303933548315385,8.534549180183588e-06,2.289343471597115e-06,151.2950433264964,0.625
10860000,17,0.0063326710612945526,0.00045286191278612987,58.79809276125952,1.3028336232499418e-05,6.783013710997645e-06,151.3452614700287,0.6279296875
10870000,17,0.006227063565352391,0.00032305126956796916,59.04012443097992,9.036220202414623e-06,2.7911633526819946e-06,151.34305261432584,0.626953125
10880000,17,0.006246214723897935,0.00033021800103217344,59.15996867625103,9.391893605892459e-06,3.1470326233570646e-06,151.3515003338758,0.6259765625
10890000,17,0.0062326256265117196,0.00035371447683555036,58.78911279466584,9.039458751017967e-06,2.794415387417796e-06,151.3234618524369,0.623046875
10900000,17,0.006778987397443105,0.0009607979324335958,58.18189607755015,1.3445925242183805e-05,7.200993323439437e-06,151.29998584785557,0.625
10910000,17,0.006597439093137519,0.0007619824332219101,58.35456796969318,2.44736423244724e-05,1.8228311179784196e-05,151.30723031001207,0.6279296875
10920000,17,0.006210278011942499,0.00035085009019105524,58.594280643589954,8.956654759623661e-06,2.711840962880677e-06,151.30704864556967,0.62890625
10930000,17,0.006704375614622003,0.0008419307837381623,58.62444981911224,1.200806639567315e-05,5.763766805902488e-06,151.28615644956525,0.6259765625
10940000,17,0.006810286499354105,0.000916758495977931,58.93528148866053,1.1952588925538172e-05,5.708277623569409e-06,151.31880273217993,0.6240234375
10950000,17,0.006781893680967235,0.0009019808722572234,58.79912947028623,1.2777890009515039e-05,6.5333703384992545e-06,151.30210170813325,0.625
10960000,17,0.006101854503481769,0.00026735603513827966,58.344986135978125,8.121676834489163e-06,1.8776021439019402e-06,151.324205091618,0.626953125
10970000,17,0.006699460550210581,0.0008287373651339329,58.70723301980979,1.1119050541364562e-05,4.874354618549755e-06,151.25975786088833,0.6220703125
10980000,17,0.006187525819767815,0.0003037948547027136,58.83731126749463,9.420198323804292e-06,3.1767494600164187e-06,151.34219178055113,0.6259765625
10990000,17,0.006253317508884736,0.00037469467158908655,58.78623011354637,1.0632736394032664e-05,4.3891987039688315e-06,151.31939634140267,0.6240234375
11000000,17,0.005997968966008253,0.00012455387737816238,58.734152355437175,7.2505298725293645e-06,1.007310698975796e-06,151.3109981836747,0.6259765625
11010000,17,0.00659891017961873,0.0008013267171158201,57.97583587990557,1.3153576275848724e-05,6.90996794351557e-06,151.29288506756305,0.623046875
11020000,17,0.006215480712921439,0.00033969832751872887,58.75782522232689,9.944651197783072e-06,3.701210152429602e-06,151.30644142897847,0.623046875
11030000,17,0.006208278107972412,0.0003504381274004318,58.57840135733287,9.374278598268824e-06,3.1312046862737103e-06,151.32346590778872,0.623046875
11040000,17,0.0064621025838831544,0.0006479429825244584,58.14159786702952,1.2819104796720139e-05,6.575488925415133e-06,151.28007172012855,0.625
11050000,17,0.006169079357740108,0.00029016349125912,58.7891601573514,1.0048852190599328e-05,3.8062594736851833e-06,151.323789949054,0.626953125
11060000,17,0.006554975624667027,0.0006477476360078309,59.07228136451175,1.1356503155338377e-05,5.113493026285371e-06,151.29592799511988,0.626953125
11070000,17,0.006027884949726322,0.00018191292190182872,58.45972161951758,7.93702609657563e-06,1.694245244664193e-06,151.3306913558446,0.6259765625
11080000,17,0.006673560880682105,0.0007938206574869507,58.79740333249463,1.1772098842522522e-05,5.528868311981343e-06,151.30664990168913,0.626953125
11090000,17,0.006399051807142633,0.000492811210479001,59.062407164784545,1.0958661417480274e-05,4.71571788282487e-06,151.33030067873327,0.6240234375
11100000,17,0.006475313094848042,0.0005829106332830832,58.92402627208612,1.5259928615576898e-05,9.017774826939326e-06,151.3388821224003,0.62890625
11110000,17,0.006759991385390693,0.0008817004735957664,58.782910558139285,1.3323818995487359e-05,7.081622144153335e-06,151.29025579822888,0.626953125
11120000,17,0.006054705413018509,0.00019776618254280579,58.56939365887291,7.1965054070762705e-06,9.539152668521018e-07,151.30337953430035,0.6240234375
11130000,18,0.006090578592065952,0.0002908913934113239,57.99687340428004,9.356684921852375e-06,3.1145559484202877e-06,151.33893934478272,0.630859375
11140000,18,0.006290661151645309,0.0004138639333692442,58.76797366007722,8.841982502018366e-06,2.5998000343435087e-06,151.33316779884888,0.6279296875
11150000,18,0.006513380761166196,0.0007001821265732681,58.13198796884946,1.5917100150346485e-05,9.675055689446315e-06,151.3375936660531,0.630859375
11160000,18,0.006208267183105837,0.0003994420658158336,58.0882528483059,7.664804150630101e-06,1.4226721402734478e-06,151.2699761341783,0.6279296875
11170000,18,0.006305309904051834,0.00044421462191000127,58.610954440545264,9.1450664444894e-06,2.902785421404733e-06,151.29379857246207,0.6298828125
11180000,18,0.006154981227492337,0.0002683472816928418,58.866340917505454,9.827066547866187e-06,3.585606270133355e-06,151.33300555342134,0.62890625
11190000,18,0.006470152149726514,0.0006174965837318627,58.5265570555188,1.2270579243319743e-05,6.028536426666141e-06,151.31554750246823,0.6279296875
11200000,18,0.006061336364517223,0.00013600879626591718,59.25327733437275,7.373015668890071e-06,1.1312629158682748e-06,151.33167528306677,0.626953125
11210000,18,0.006102536111582755,0.00023480124826929103,58.677350112677196,9.064388079299709e-06,2.8226942230950943e-06,151.35801966974014,0.62890625
11220000,18,0.006096617759943722,0.0002215593566254648,58.750585484262245,9.774308228530769e-06,3.532656102901429e-06,151.38079722235486,0.6279296875
11230000,18,0.0068696865565765165,0.0009337022449323306,59.35984479046551,1.3448594055923865e-05,7.207648146401023e-06,151.3162079291328,0.626953125
11240000,18,0.006334480546114895,0.0004795446262078256,58.54936076881368,1.1319935562960766e-05,5.07832558871358e-06,151.3356555484505,0.6318359375
11250000,18,0.006765124468339163,0.0008823814286075891,58.827431761989835,1.2431151416844463e-05,6.189544785502967e-06,151.29213466514548,0.6318359375
11260000,18,0.006544711459878585,0.0006543087562780695,58.90402845300071,1.3061238932526819e-05,6.820239101045546e-06,151.30388357202153,0.6318359375
11270000,18,0.006715608874851747,0.0008577282117424131,58.578808030642406,1.2569080841516808e-05,6.328155615483275e-06,151.29009012785477,0.62890625
11280000,18,0.006365819167567377,0.0005037414282724916,58.62077902034795,9.94288894110617e-06,3.7019791235167643e-06,151.31579751741245,0.625
11290000,18,0.007307613482326902,0.0014266192743628574,58.8099436122031,1.649314781080183e-05,1.025239149159771e-05,151.30176883693954,0.626953125
11300000,18,0.006290472338388688,0.00039866616849131275,58.918063239757316,9.377056838393145e-06,3.1363985425591508e-06,151.3066379166616,0.62890625
11310000,18,0.006234258971395647,0.00038096363450860484,58.53295466577587,9.852774790693066e-06,3.6117083149497716e-06,151.31720667884903,0.62890625
11320000,18,0.006611120299981491,0.0007065959881249859,59.0452444879484,1.5456119353483357e-05,9.216815569975757e-06,151.34859829600177,0.6279296875
11330000,18,0.006092128484331494,0.000256757705065015,58.353709272982584,8.690212973105627e-06,2.450092176556326e-06,151.32788317001857,0.6279296875
11340000,18,0.006388010991452284,0.000539516759983423,58.484943614523786,1.0267775499511824e-05,4.027538819391791e-06,151.27967090518976,0.6259765625
11350000,18,0.005986705924399268,0.00013228274250733684,58.54423331507399,7.254965509342048e-06,1.0147216555823325e-06,151.32921979243366,0.62890625
11360000,18,0.006423838792157839,0.000604852979646445,58.189859674704984,1.163614788778447e-05,5.3968829496696454e-06,151.29538867868587,0.6279296875
11370000,18,0.006226862546218349,0.0003881731817445571,58.38689562588447,1.0910452728603796e-05,4.671000705552188e-06,151.32928845745298,0.6259765625
11380000,18,0.006067904580167902,0.00021021030931007016,58.57694404928619,9.162841257911744e-06,2.9235063839059945e-06,151.34143380877492,0.6298828125
11390000,18,0.0061930949260867695,0.0003473132529577308,58.4578182484705,9.500851612638585e-06,3.2610181822352565e-06,151.30128930876492,0.626953125
11400000,18,0.0059811704064438075,0.0001365389934776597,58.446315805936536,7.320477751629983e-06,1.0807462610863631e-06,151.31353427846847,0.625
11410000,18,0.006450771077225311,0.0006276506945197077,58.23120522474824,1.0667916755944012e-05,4.428429143561058e-06,151.3013697341678,0.62890625
11420000,18,0.006101830819291506,0.00023871958167010052,58.631113764137496,9.45949633410839e-06,3.2201759958356505e-06,151.3385533960208,0.6279296875
11430000,18,0.006550076282188175,0.0007093314628244122,58.407449672000666,1.2052139717915185e-05,5.813633679012809e-06,151.29692917855172,0.626953125
11440000,18,0.006239573632553602,0.0003948763777842295,58.44697417947654,1.0794933298323443e-05,4.556137700112461e-06,151.35189159774876,0.62890625
11450000,18,0.0067686526114477475,0.0008712037840562078,58.97448971861186,1.2391592362778497e-05,6.15209063260699e-06,151.29213466548373,0.625
11460000,18,0.006385875466978798,0.0004769833637021776,59.08892268938838,1.5022253952467243e-05,8.78314066563305e-06,151.32899163067023,0.6279296875
11470000,18,0.006151097811393769,0.000289692320946728,58.61405635158075,8.660157552540362e-06,2.4214364482202314e-06,151.355555032919,0.6298828125
11480000,18,0.006234075374329051,0.00034685522016481685,58.872203059521034,8.375965446652455e-06,2.1369713475469393e-06,151.3092574102832,0.6240234375
11490000,18,0.006870776464955068,0.0010057362033319339,58.65040439221863,1.42451246156886e-05,8.006157401130405e-06,151.3196385165392,0.626953125
11500000,18,0.006253526749808938,0.0003875929671587756,58.659339466812234,9.847343443395165e-06,3.6085279596968614e-06,151.33959562544712,0.6298828125
11510000,18,0.007040113541299951,0.0011709029092578612,58.69210773738143,1.3103039515924265e-05,6.864296864374148e-06,151.29451594884003,0.6240234375
11520000,18,0.006184802553051545,0.00020727090325055466,59.77531824036981,8.402006841743333e-06,2.1639951420681784e-06,151.32575144851046,0.6240234375
11530000,18,0.006253505094394108,0.0004064340594867736,58.470711895016684,1.0790724818558753e-05,4.553057647973963e-06,151.3600250537033,0.625
11540000,18,0.006098158924994222,0.0001853493316312999,59.12809722663322,8.64957924600334e-06,2.4118457698213224e-06,151.3518173911292,0.6259765625
11550000,18,0.006360249612122754,0.0004960498305860226,58.64199950703343,1.167465504286518e-05,5.4365437758700575e-06,151.34207377877868,0.6298828125
11560000,18,0.006630885459669071,0.0007647055272326318,58.66180079534003,1.553636650391058e-05,9.29864108588293e-06,151.35673026566317,0.630859375
11570000,18,0.006540374572649362,0.000703719854247658,58.36654838858397,1.1575592119488e-05,5.338047599205238e-06,151.28573040197418,0.6298828125
11580000,18,0.006688389691547336,0.0008383517354345206,58.50038107333228,1.0033942320083409e-05,3.7963963247150915e-06,151.24733672227492,0.6279296875
11590000,18,0.006928432092998196,0.0010433307556607454,58.851015038325684,1.7278138288270334e-05,1.1039822832823703e-05,151.29587410837496,0.62890625
11600000,18,0.006188079254020151,0.0003140018939785776,58.740774999150176,8.759924493480947e-06,2.5223893460778058e-06,151.33324164410567,0.6298828125
11610000,18,0.006721026568443218,0.000802873939157563,59.181527546758254,1.2520241829193784e-05,6.281997927849991e-06,151.30851137769577,0.6279296875
11620000,18,0.006373512946863673,0.0005065093379459244,58.67003726315698,9.809932851316813e-06,3.572537121003458e-06,151.3164616821544,0.6279296875
11630000,18,0.007098323110648634,0.0011848627804954515,59.13460463800722,1.690574279030027e-05,1.0668754849112656e-05,151.31564748119786,0.626953125
11640000,18,0.006035221858311712,0.00011422442830783617,59.209975649321144,6.98826745250757e-06,7.51051863655081e-07,151.31418195408008,0.6279296875
11650000,18,0.006508396680397568,0.0006587964687077995,58.49600331074999,1.0810205617321843e-05,4.572988809012113e-06,151.28902388481643,0.630859375
11660000,18,0.006364239560644178,0.0005148305079293227,58.494091871378274,1.1849171419548884e-05,5.612686610540202e-06,151.3416681881839,0.6298828125
11670000,18,0.006016224801530441,0.00013642299609728406,58.79801970066219,6.925556440860874e-06,6.886472041691929e-07,151.31924936906276,0.630859375
11680000,18,0.006077403315174588,0.00015940945097220723,59.179940079378234,7.691355114624507e-06,1.4550591647991507e-06,151.33522490638808,0.6298828125
11690000,18,0.006345724999497948,0.0004844569286032363,58.612681965365475,1.0615047461842232e-05,4.377740825730074e-06,151.32745297784496,0.6328125
11700000,18,0.006824429193242793,0.0009274197111136689,58.97009623538293,1.849078518977561e-05,1.2254910342037316e-05,151.317404157372,0.630859375
11710000,18,0.006441851189367717,0.000557589099352443,58.8426222434745,1.2484150702813999e-05,6.247712675467289e-06,151.35193156178548,0.6298828125
11720000,18,0.006192238143773051,0.0003917094262141267,58.00528859127513,8.262012276631143e-06,2.025722132706991e-06,151.29357424014557,0.6298828125
11730000,18,0.006010535222964652,0.00012840408533340927,58.82131291394332,7.8456370509243e-06,1.6096513346476428e-06,151.36388335358942,0.630859375
11740000,18,0.006805565239523278,0.0009081641728738039,58.9740122810798,1.7832096028294147e-05,1.1596813670050445e-05,151.29094032878186,0.6298828125
11750000,18,0.006760120705920206,0.0009224940781556104,58.37626801935305,1.5432912486795627e-05,9.196476342882185e-06,151.32249851663153,0.630859375
11760000,18,0.006004498140125353,0.00013573575889916142,58.68762521565835,8.168903560358457e-06,1.933035005351371e-06,151.3526866961735,0.62890625
11770000,18,0.0061490358421698145,0.0002473054233529005,59.01730562404071,7.906146272291116e-06,1.6705152900643136e-06,151.28682597739856,0.6279296875
11780000,18,0.006148703338650672,0.0003151351362639951,58.33568368863155,9.149697571922518e-06,2.9136119020765414e-06,151.3366137478215,0.6298828125
11790000,18,0.006271240742385351,0.00038086210547236537,58.90378790207419,9.533403819331227e-06,3.2976675536492628e-06,151.33481548535633,0.62890625
11800000,18,0.006174648247889656,0.0002868183361792228,58.878301064241946,9.638844338641543e-06,3.403228996072203e-06,151.34877924056485,0.6318359375
11810000,18,0.00629617580091076,0.00042712178173948215,58.69054161845877,1.1891276807221838e-05,5.655895401381029e-06,151.34280863855747,0.6328125
11820000,18,0.0062526156628298375,0.0003763298325845971,58.76285988754706,9.3332734518953e-06,3.0976360544374408e-06,151.35126915383862,0.6318359375
11830000,19,0.007182066521782884,0.0013402525671766877,58.41814111567463,1.505083223731443e-05,8.815373098636919e-06,151.29777491925472,0.630859375
11840000,19,0.0061580844783450835,0.0002990425084834964,58.590421146764896,8.98664293351324e-06,2.751855510253833e-06,151.33745556997536,0.6318359375
11850000,19,0.005885516389868393,4.572266793889156e-05,58.39793848111406,6.653437946036992e-06,4.1852644038655776e-07,151.3503811954384,0.62890625
11860000,19,0.006577368755093622,0.0007295598837381174,58.47809032920761,1.3825419571891247e-05,7.591094373764142e-06,151.30991594485968,0.630859375
11870000,19,0.006366694753075962,0.0005177594476929364,58.48935424300013,1.0371818397316744e-05,4.137269296155822e-06,151.32547012113403,0.630859375
11880000,19,0.006471480482360454,0.000575066365432915,58.9641426692106,1.1934891230610119e-05,5.6999935081630736e-06,151.34316543347592,0.62890625
11890000,19,0.006497445713061799,0.0005985853806790782,58.988604880819295,1.2112577357838444e-05,5.878045938674647e-06,151.2906948658005,0.6298828125
11900000,19,0.006609270690173619,0.0007616168255811697,58.47654031445856,1.0922021300770326e-05,4.687292428613532e-06,151.29644433351018,0.6318359375
11910000,19,0.006379650686300336,0.0005458649688873145,58.33785851889292,1.2772304786471181e-05,6.53732434245588e-06,151.32836206669487,0.6298828125
11920000,19,0.006435229507714254,0.0005814073128981945,58.53822327161019,1.2346576841887021e-05,6.111724320057992e-06,151.32486502301626,0.62890625
11930000,19,0.006472306119741492,0.0006679994069922634,58.04306788510984,1.3772536626957893e-05,7.538206746923364e-06,151.30136036262832,0.6328125
11940000,19,0.006625192003306375,0.000734207491656246,58.90984644757614,1.0440461540238523e-05,4.20623628516056e-06,151.26802477049714,0.62890625
11950000,19,0.006374232433461079,0.0005310558656792414,58.4317672212703,1.054893020185971e-05,4.314788121078938e-06,151.30698962213324,0.630859375
11960000,19,0.006403854921080957,0.0005663111939804384,58.37543890991465,1.2869531344261014e-05,6.634966188095081e-06,151.32077437047033,0.6298828125
11970000,19,0.006002145084849692,0.00015120449079245954,58.50940734196938,8.159624399353198e-06,1.925267443372771e-06,151.34929557848835,0.6328125
11980000,19,0.005986161862525945,0.0001186043613013057,58.67557626422754,8.08217266775627e-06,1.8478295536234991e-06,151.34932846941098,0.6328125
11990000,19,0.006931575127998308,0.001071435186111408,58.601401047191686,1.5560068704924545e-05,9.325359178027786e-06,151.2866384098646,0.6279296875
12000000,19,0.006369864775435184,0.0005540405784600107,58.15824381086574,1.0649843751812236e-05,4.415768986396443e-06,151.31341276268915,0.62890625
12010000,19,0.006559178927472583,0.0006825296724543435,58.766493654138614,1.2710990471582458e-05,6.4773410410044706e-06,151.33906081437678,0.6298828125
12020000,19,0.006461092270457658,0.0005827224636561655,58.7836992417576,1.0407806204107981e-05,4.17399739123276e-06,151.28827884252917,0.6318359375
12030000,19,0.006531456716093862,0.0006474277144245342,58.84029192892554,1.0284762852289845e-05,4.051378485229255e-06,151.3013121973627,0.6328125
12040000,19,0.0062030539304685295,0.0003455281822206309,58.575258689427436,9.45516622744436e-06,3.221788484522939e-06,151.35695162355094,0.630859375
12050000,19,0.0060705665416862595,0.00021014683798780358,58.604198281218146,7.935325185039735e-06,1.7017913491753062e-06,151.33023440144845,0.6328125
12060000,19,0.007074701837215896,0.0012106991281579304,58.64002850127679,1.9797731220124883e-05,1.3563438123703685e-05,151.30127029514207,0.6298828125
12070000,19,0.006196517483131445,0.00033577183080110316,58.60745795865742,8.969739985828562e-06,2.7362033400931753e-06,151.32419945902566,0.630859375
12080000,19,0.0063009833427276835,0.0004703129487383298,58.30670540515362,1.028569006271034e-05,4.052050848621133e-06,151.33901021740581,0.630859375
12090000,19,0.006331926768166322,0.00045812989423721834,58.737970527416174,9.021245883476222e-06,2.7881626611029664e-06,151.32305031470136,0.6298828125
12100000,19,0.006862302916371236,0.0010115719370012615,58.5073114139644,1.5687992530112613e-05,9.454777526092975e-06,151.33110248945724,0.6298828125
12110000,19,0.006180402909437475,0.00028665049306455663,58.93752576186388,9.697794623665449e-06,3.464725064115076e-06,151.34603543816323,0.630859375
12120000,19,0.006792359961153556,0.0009153330653639917,58.77027059485477,1.394825553545602e-05,7.715205815650011e-06,151.27805912728059,0.626953125
12130000,19,0.006971768448636982,0.0011266729235272486,58.450956751184705,1.4127898507709441e-05,7.895439006351535e-06,151.30704837397732,0.62890625
12140000,19,0.006723749023446921,0.000841153341883469,58.825958346118526,1.1795824027159937e-05,5.563291962474176e-06,151.31420822231166,0.6279296875
12150000,19,0.006114804905544421,0.0002726243590969662,58.421806774208676,8.721606964159107e-06,2.4893341813693507e-06,151.3167433255863,0.62890625
12160000,19,0.006254676941333786,0.0004323613043152914,58.22315800941707,9.875630539346919e-06,3.6434992863053936e-06,151.30094697622215,0.62890625
12170000,19,0.006391055059859858,0.0005286131516737861,58.624420978012296,1.0384138635991805e-05,4.151531924784059e-06,151.31173398715455,0.6279296875
12180000,19,0.006376639759047252,0.0005112968914334571,58.65342997787633,1.1138964145178382e-05,4.906395603155471e-06,151.3243239929976,0.62890625
12190000,19,0.006982197649403018,0.0011165733089143252,58.65624485873695,1.4295776321857059e-05,8.062835106992708e-06,151.2762078331252,0.62890625
12200000,19,0.006209589449277723,0.00037385114461609603,58.357384785120686,9.383920908075837e-06,3.151989598857861e-06,151.3330666032295,0.6318359375
12210000,19,0.006312379628484359,0.0004902213566318922,58.22158406969595,9.182704152416354e-06,2.950383908767384e-06,151.30754822261645,0.62890625
12220000,19,0.00624609920763631,0.00047729698166171626,57.68802394149361,9.64238416780878e-06,3.41045971453005e-06,151.31665127715047,0.6318359375
12230000,19,0.00624912389127459,0.0003281924824865321,59.209315746990946,9.63042200845461e-06,3.3982748448692743e-06,151.34296056631763,0.630859375
12240000,19,0.006398193159735271,0.0005294799891729098,58.68713314407534,1.0208229356489182e-05,3.9765802893437515e-06,151.29892406504132,0.62890625
12250000,19,0.006240081875929819,0.00031638884726351344,59.236931819647666,7.858578744836268e-06,1.6267752352748036e-06,151.33434902363007,0.6298828125
12260000,19,0.006443798749144509,0.0005411727968853811,59.02626062070471,9.113849904087704e-06,2.882010345342629e-06,151.25132194496882,0.626953125
12270000,19,0.0065979263250916685,0.0007297249559240431,58.68201536397021,1.5915303945234266e-05,9.684459564176504e-06,151.32010659875564,0.6298828125
12280000,19,0.006009371370194267,0.00021869621325466612,57.906753058744826,8.527846742531471e-06,2.296543521502234e-06,151.32808181966263,0.6279296875
12290000,19,0.006143982986101451,0.0003282127889870123,58.157703192010295,8.623907389369567e-06,2.3927096676295945e-06,151.33345232442284,0.6298828125
12300000,19,0.006342202860164548,0.0004603929060693583,58.81810101860226,1.0323172968401164e-05,4.092382640396602e-06,151.3056053300261,0.626953125
12310000,19,0.006474391119701528,0.0006562260718908828,58.181651855485484,1.2493616135198e-05,6.26284353703633e-06,151.309825742581,0.6298828125
12320000,19,0.0072262544390716684,0.0013274134602165378,58.988411324027844,1.8168842948565753e-05,1.193797604323229e-05,151.2930585768697,0.6328125
12330000,19,0.00590627337390633,0.00013016863671112244,57.761049300376854,7.100149114660601e-06,8.689555649688597e-07,151.3171170178624,0.6318359375
12340000,19,0.006120647797827994,0.00021555690505219619,59.05091051955207,7.847168964550148e-06,1.6162955920432294e-06,151.32723571804718,0.626953125
12350000,19,0.00629633796331164,0.00040254174586974034,58.93796374989054,9.388635956829584e-06,3.1580118680151754e-06,151.32554676085658,0.6279296875
12360000,19,0.005884130415921252,5.030559413552668e-05,58.338249718638075,6.7165326813776304e-06,4.860043132498928e-07,151.35904730083232,0.630859375
12370000,19,0.006081190353903005,0.00023588244115998444,58.45308080299195,8.47683717151952e-06,2.2461077061839097e-06,151.33938805423077,0.62890625
12380000,19,0.007248868755024992,0.001388229145742227,58.6063974952864,2.3831505018598855e-05,1.7601221827559125e-05,151.3043674696743,0.6298828125
12390000,19,0.006086038208756645,0.0002153602826371652,58.70678032754413,8.18561374811068e-06,1.9555932431309353e-06,151.32443019013036,0.630859375
12400000,19,0.006214871312177208,0.0003749422761782436,58.39929208107753,8.265127213837537e-06,2.0345800605805594e-06,151.2692611894802,0.626953125
12410000,19,0.006555004756811997,0.0006678577206020665,58.8714721060952,1.120619729288396e-05,4.9750068020646105e-06,151.287994316586,0.6259765625
12420000,19,0.00681644299871067,0.0009586006291302147,58.5784254071009,1.0758331131461151e-05,4.527386466698177e-06,151.20954507776062,0.623046875
12430000,19,0.006284494676824764,0.0004762826711050052,58.08212139740284,9.137569191201832e-06,2.90740066309472e-06,151.3050386643226,0.6279296875
12440000,19,0.006321542437684381,0.00047046969059874664,58.51072900588636,9.921814436427164e-06,3.6916305752469063e-06,151.32030259204768,0.6259765625
12450000,19,0.006594215579448512,0.0007423159959392874,58.51899730186943,1.4222269665900135e-05,7.992843103250032e-06,151.3258751709792,0.625
12460000,19,0.0065864072185252915,0.0007664034159126147,58.20003940213725,1.9857861343601167e-05,1.3627879055470858e-05,151.33256238470113,0.62890625
12470000,19,0.006290218930397035,0.0003761744200123458,59.14044656247573,8.495087800677596e-06,2.2652136400116843e-06,151.3271801192693,0.626953125
12480000,19,0.006355033823206663,0.00046838235157743404,58.86651602220117,1.1679723297793856e-05,5.449643958775089e-06,151.32775696789787,0.626953125
12490000,19,0.006523459889683758,0.0006326215122650807,58.908384952064736,1.54982431497898e-05,9.267830500965368e-06,151.3326109096967,0.626953125
12500000,19,0.00616077439322385,0.0003323290270361637,58.284455016393224,9.739017036061e-06,3.5094534134356484e-06,151.36195956549918,0.630859375
12510000,19,0.00669014048891295,0.0008614335301645921,58.28707112859706,1.532667441970032e-05,9.096629058539302e-06,151.3211171539531,0.626953125
12520000,19,0.006138843803327005,0.0002707848913825873,58.680590726686574,7.784268426804764e-06,1.5546963449611785e-06,151.31353937064668,0.6298828125
12530000,20,0.006404078145486657,0.0005725206444908899,58.315576773201286,1.1388251827281083e-05,5.159165609928966e-06,151.3199443083171,0.626953125
12540000,20,0.006669043544562829,0.0007987899384853276,58.702537526578624,1.3964418536086823e-05,7.734720859641745e-06,151.35847738998842,0.6298828125
12550000,20,0.0069190509071777396,0.0010125228292571275,59.06528259711085,1.8268368891791695e-05,1.2039111731305095e-05,151.28892787032072,0.62890625
12560000,20,0.006221027840068113,0.00038158482731428167,58.39443141644572,9.08560905121414e-06,2.8560108970410776e-06,151.32734308630378,0.6279296875
12570000,20,0.006368272148052247,0.0005150589787410758,58.53213305078209,1.1684974898532745e-05,5.4567904718735415e-06,151.31128816093894,0.625
12580000,20,0.006223628042543135,0.00030224082282873636,59.21387367503045,1.0446646379046128e-05,4.2176605547670656e-06,151.3459570851551,0.6298828125
12590000,20,0.005929533337958412,5.87456116720445e-05,58.707878566981414,6.892234208589301e-06,6.632809380058484e-07,151.3441572909637,0.6279296875
12600000,20,0.006997712995536382,0.00116733686540827,58.30376267243733,2.1895310011540222e-05,1.5666181176382655e-05,151.31113605354855,0.6279296875
12610000,20,0.006113668064776556,0.0002697924013445088,58.4387580828092,9.406798685626058e-06,3.178141530413432e-06,151.36293308540664,0.6298828125
12620000,20,0.007571802362367775,0.0016763215926609508,58.954809086265854,2.3308673216745847e-05,1.7079972427868298e-05,151.3219441516054,0.6259765625
12630000,20,0.006171296961397384,0.00031711055431069896,58.54186557262612,8.916999280164967e-06,2.6882594254465005e-06,151.32924754577863,0.6298828125
12640000,20,0.00612473812148195,0.00025578512686580613,58.68953115578606,8.637502762238295e-06,2.408143727498496e-06,151.31497187101746,0.6318359375
12650000,20,0.006024102744312626,0.00015928884350675996,58.648140723608854,7.94346386270658e-06,1.7150926154052706e-06,151.3600954753582,0.62890625
12660000,20,0.006323299954901995,0.0004709438059443925,58.52356285455393,1.2478336859642873e-05,6.250088229468551e-06,151.35038461951257,0.6328125
12670000,20,0.006701002475688755,0.0008277291032505843,58.73273550448749,1.3089028637992019e-05,6.860356843144982e-06,151.27912582083405,0.626953125
12680000,20,0.007318887570557083,0.0014462566380304155,58.72631076850436,1.9421119141466342e-05,1.3192465349744375e-05,151.25680130481845,0.626953125
12690000,20,0.006041342705063505,0.0001876594816129513,58.536833631429374,8.62661014574671e-06,2.398521202143896e-06,151.3713106517962,0.630859375
12700000,20,0.006500261743559843,0.0006388018889532419,58.61459997322194,1.145260834378114e-05,5.2250836711140715e-06,151.27304064375664,0.6259765625
12710000,20,0.0063090061897939035,0.0004384048457902594,58.70601491582202,1.0231936328809748e-05,4.003938124412975e-06,151.30296429970133,0.625
12720000,20,0.006684643965781394,0.0008543926358421023,58.30251501847597,1.3520114137498422e-05,7.292074911494598e-06,151.30044577692107,0.6298828125
12730000,20,0.006775799325848603,0.0009136804483230269,58.62119027751575,1.3505416445061085e-05,7.277575783995152e-06,151.285514090485,0.625
12740000,20,0.006429826136062416,0.0005558221065935957,58.74004172210074,1.1878154508569945e-05,5.650665257329132e-06,151.34042622822687,0.6298828125
12750000,20,0.006308308505017911,0.0004133560592075086,58.949525933406456,1.1598985618213369e-05,5.371994289043027e-06,151.34487678490967,0.626953125
12760000,20,0.007114406486290004,0.0012485706684641801,58.658359734820884,1.7779498804646825e-05,1.155124831381747e-05,151.3228830226236,0.6259765625
12770000,20,0.006758576438887256,0.0008648634466399914,58.93713155887713,1.5628013616877835e-05,9.400389600309941e-06,151.28183493146594,0.625
12780000,20,0.0064470265329806525,0.000597817405610365,58.49209272379152,1.2838177288806643e-05,6.611384199229421e-06,151.3367578373958,0.626953125
12790000,20,0.006284579042745444,0.0003865470904778057,58.98032137782746,9.799522653302042e-06,3.5724531395742503e-06,151.31267583171805,0.626953125
12800000,20,0.00617508596559904,0.00037499002211713816,58.00096104963418,1.3059785229165681e-05,6.832681664067507e-06,151.3573087808469,0.62890625
12810000,20,0.00691229879082935,0.0010786225677124751,58.33676398444733,1.4366050985426143e-05,8.1389249395006e-06,151.31418947900383,0.6279296875
12820000,20,0.006624547393402349,0.0007658959236635561,58.58651614924359,1.3588572979871268e-05,7.361117857187423e-06,151.3134979182647,0.625
12830000,20,0.006296175718872989,0.0004066036249501507,58.89572245609984,8.286874645585665e-06,2.05950256479203e-06,151.2834780670116,0.625
12840000,20,0.005857535988675445,8.631394298340217e-06,58.489047517893944,6.3269597309122985e-06,9.993411690425157e-08,151.34743468762701,0.6240234375
12850000,20,0.006403584783777585,0.0005549214478150262,58.4866347530846,1.2685624604302885e-05,6.458360161746769e-06,151.36227531656195,0.6240234375
12860000,20,0.005894670621474529,4.79032962689661e-05,58.46767481838485,6.553215069528349e-06,3.2636131794948505e-07,151.33161666504782,0.6259765625
12870000,20,0.006323937044516221,0.00042977376881485384,58.94163392765699,1.1785106618574885e-05,5.557552003298855e-06,151.34943313419942,0.6279296875
12880000,20,0.006257924827329365,0.00046566609166300704,57.92258887666168,9.599841313453253e-06,3.372798191418563e-06,151.34032588783268,0.6240234375
12890000,20,0.007834357711620122,0.0019473944077387298,58.869634163477,2.774308540871871e-05,2.151548152260267e-05,151.2877071759441,0.623046875
12900000,20,0.006056316978117761,0.00022243224622072594,58.33884867857757,7.653561015578297e-06,1.4270081765891043e-06,151.32720724452383,0.6240234375
12910000,20,0.006389349085042361,0.0005561267509312855,58.33222477899512,1.2072588216513996e-05,5.8460518559632266e-06,151.3478926342442,0.6279296875
12920000,20,0.006408154194717322,0.0005585599315961926,58.495944109511015,9.155512214208339e-06,2.928931704121929e-06,151.28089732134475,0.6220703125
12930000,20,0.006625071642226445,0.0007456225525283675,58.79449261234928,9.242441641271352e-06,3.0162589107293687e-06,151.28145993236194,0.6220703125
12940000,20,0.0061757700644775254,0.00035299395749408203,58.227762509630644,9.96265161892009e-06,3.736667912598432e-06,151.33172452786602,0.6240234375
12950000,20,0.006071313628621296,0.00023143652148231806,58.398772663121214,9.412371030145176e-06,3.1862783145569324e-06,151.3764447048366,0.6279296875
12960000,20,0.006190516205017859,0.00036726490735677187,58.232514434709024,1.0411565039797262e-05,4.185143896922928e-06,151.35231399478744,0.62890625
12970000,20,0.006905091662496168,0.0010188429351769945,58.86248903393448,1.551520046964583e-05,9.289318202951356e-06,151.325719278739,0.625
12980000,20,0.006104360563371002,0.00021635978805813487,58.88000945951261,8.177244708516608e-06,1.9513217064924243e-06,151.35007423179,0.6279296875
12990000,20,0.006560439499859281,0.0006594624541131983,59.00977174868122,1.3266944569237717e-05,7.04076058138975e-06,151.30339250862704,0.625
13000000,20,0.006459723807997016,0.0005982522127009639,58.61471736585111,1.2200062294545455e-05,5.975069856200357e-06,151.34314556466435,0.626953125
13010000,20,0.006196264018190234,0.00030700781595230923,58.892563365764744,9.11849363618408e-06,2.8924466676577923e-06,151.3194317559818,0.62890625
13020000,20,0.006145536773027093,0.00032391085352657364,58.216260399607584,8.397090680886061e-06,2.171211218191249e-06,151.3165429188508,0.630859375
13030000,20,0.006473927434972002,0.0006029411399695833,58.70986451780482,1.5445543083872905e-05,9.220292233918022e-06,151.32579380158174,0.6318359375
13040000,20,0.006875195629839015,0.0009703945333360772,59.04801252376091,1.4756774084097595e-05,8.5310219170163e-06,151.31847405029723,0.6279296875
13050000,20,0.006502261673473114,0.0006239770752932405,58.78284768140501,1.1726910892344905e-05,5.501906259441811e-06,151.30284233448626,0.6259765625
13060000,20,0.006373228690071358,0.0005290488043621802,58.44179998244793,1.0685834692002204e-05,4.460443414575344e-06,151.2948759888934,0.6279296875
13070000,20,0.006115184900678628,0.0002508050545578198,58.64380006766039,9.15972388821884e-06,2.934220817330865e-06,151.33654940940534,0.6279296875
13080000,20,0.006366193805108651,0.0005162524740313036,58.4994147145613,9.966003789197462e-06,3.7415693798830385e-06,151.312146832884,0.626953125
13090000,20,0.006458477569041355,0.0005983789065054141,58.60098786884519,1.2953656645392974e-05,6.728778429140733e-06,151.30831232137885,0.623046875
13100000,20,0.006057205250936343,0.00023722987833062691,58.19975512271153,7.3084710951291025e-06,1.0832072906788504e-06,151.2658572320511,0.625
13110000,20,0.006410121532633654,0.0005367618699819534,58.73359793480932,9.540768700955503e-06,3.315511325976587e-06,151.24377831388495,0.62109375
13120000,20,0.0063442197314808645,0.00045331432023094725,58.90905572342338,1.2570106279490805e-05,6.3447176343845096e-06,151.3331666712091,0.6279296875
13130000,20,0.006699702383557826,0.0008816663792541049,58.18036144505478,1.3845363603228239e-05,7.620912842407078e-06,151.32320017015067,0.6279296875
13140000,20,0.006549889640004765,0.0006676272147435992,58.82262604578567,1.4017671819086518e-05,7.792629156506925e-06,151.29750746816885,0.6259765625
13150000,20,0.006370982887064519,0.0005320617757701381,58.3892126660904,9.214709413590928e-06,2.990131314190747e-06,151.29849887450968,0.6240234375
13160000,20,0.00632413952743031,0.0004921195540766454,58.32020124907494,1.0082049371178652e-05,3.857524991014114e-06,151.32049890029927,0.625
13170000,20,0.006446593682523584,0.0005853958690754692,58.61197995994318,1.3370880422832926e-05,7.145897794423294e-06,151.31328539130084,0.626953125
13180000,20,0.006350538404147862,0.0004950681955619194,58.5547036198425,1.008386217803633e-05,3.859460650165247e-06,151.2953550678894,0.626953125
13190000,20,0.006309147489967921,0.0004956276562849797,58.13520013716434,1.1705272174422642e-05,5.4812320656111e-06,151.34046249774036,0.6259765625
13200000,20,0.0061357628549568825,0.0002752614900714973,58.605015166252265,8.884233174794265e-06,2.6592586779422903e-06,151.30320994437884,0.6259765625
13210000,20,0.006009265918769312,0.00014162132327855245,58.676447425460125,7.524049513498181e-06,1.2999479097669653e-06,151.35333013662986,0.6298828125
13220000,20,0.007398775112455307,0.001534207883002581,58.64567382793459,1.5430294707455535e-05,9.205441878024924e-06,151.2843372794993,0.623046875
13230000,20,0.006295603628693977,0.00043251765543877687,58.63086118045612,9.495031554397373e-06,3.270956467679948e-06,151.33359217821283,0.6279296875
13240000,21,0.006081185763358145,0.00023985540521723414,58.41330466670625,9.290467644462458e-06,3.0665969473146317e-06,151.35581410277106,0.6279296875
13250000,21,0.006217364989584268,0.00036201866511182356,58.553464796699,9.35237897870065e-06,3.128054884973874e-06,151.32544421423975,0.625
13260000,21,0.006630219546936396,0.0007609188496777059,58.69300862954138,1.1136456998072378e-05,4.912019196145371e-06,151.26422067280157,0.6201171875
13270000,21,0.00631331356344744,0.0004581205239150624,58.551932085310334,1.0920716089166632e-05,4.6963689682950535e-06,151.3011287764607,0.6220703125
13280000,21,0.006042455845972699,0.00019770924650762333,58.447467501153916,7.911189842504612e-06,1.6875017679242634e-06,151.35314220932398,0.6259765625
13290000,21,0.006165867165109247,0.0002925673923666121,58.73299915054441,8.607664316900983e-06,2.384278021869802e-06,151.3310194976824,0.6279296875
13300000,21,0.006202495662133838,0.0003384737018224734,58.64022100801962,1.232520391381e-05,6.102025093380918e-06,151.36377468082517,0.6279296875
13310000,21,0.006359280241269898,0.0005065841894045979,58.52696214310179,1.2312271627417109e-05,6.088462677457245e-06,151.29285362014792,0.623046875
13320000,21,0.006144899094964521,0.000263775763970264,58.81123484717665,9.824953737485109e-06,3.6013275535590778e-06,151.3174662904517,0.625
13330000,21,0.006298468295772761,0.0004304256148644085,58.68042815397583,9.024444601353562e-06,2.801314941175757e-06,151.31305623785056,0.625
13340000,21,0.006360283307308675,0.000485504104133485,58.74779340439146,1.0336554787125916e-05,4.113205262025746e-06,151.32531904922809,0.6279296875
13350000,21,0.0060004652248175335,0.00012914176197512223,58.713236414738255,7.178058092687949e-06,9.547838985555945e-07,151.30337957923848,0.6220703125
13360000,21,0.006397033051790477,0.0005264098708038908,58.70623369849858,1.2594699478128247e-05,6.371356601732208e-06,151.34089908644307,0.6279296875
13370000,21,0.0063553992724177544,0.0005132108620342835,58.421885546352144,9.98851493480693e-06,3.7657440905783794e-06,151.3113900781653,0.6279296875
13380000,21,0.00659955828293689,0.0007220848613674453,58.77473554156127,1.2025482296499109e-05,5.80235078074712e-06,151.29643365493862,0.6279296875
13390000,21,0.006158380332335016,0.00034500892021867703,58.13371554947782,8.686632524207725e-06,2.4636745028246775e-06,151.32109372439328,0.626953125
13400000,21,0.006483041432935601,0.000638491715871786,58.44549848411961,1.185113296474663e-05,5.628389163975996e-06,151.3208286628507,0.6259765625
13410000,21,0.006607345857545624,0.0007488703455000897,58.584756614394394,9.77512998357153e-06,3.5523949200169964e-06,151.24390757787003,0.6201171875
13420000,21,0.0066791631788911555,0.0007750450201886105,59.04118291576971,1.534569799678155e-05,9.121757925886225e-06,151.34833499066718,0.626953125
13430000,21,0.006570439713738829,0.0007020105979744125,58.68429283908797,1.2204888600371554e-05,5.981970018622109e-06,151.30067087393743,0.6259765625
13440000,21,0.006282231702832038,0.00042362714706416736,58.58604701699728,1.0557036927169822e-05,4.334625655300327e-06,151.3159428216538,0.6259765625
13450000,21,0.0063209337046047824,0.000502961251805611,58.17972617593697,9.697056522415682e-06,3.4742843746725414e-06,151.31404989602038,0.623046875
13460000,21,0.0061877324314893855,0.0003574031936242937,58.30329378835299,9.932594179801404e-06,3.710157755687827e-06,151.34933319916703,0.6259765625
13470000,21,0.006164506516599903,0.0003241344149177785,58.403722628135974,8.263788012206218e-06,2.0414372385324634e-06,151.29199476801372,0.6259765625
13480000,21,0.006410841932059523,0.0005141731784152076,58.966688935833595,1.076984597083108e-05,4.547769684417723e-06,151.34438301870975,0.6259765625
13490000,21,0.006233925899601768,0.00040015060358491593,58.337754394025005,1.0117327986505344e-05,3.895328362030246e-06,151.3488258270245,0.626953125
13500000,21,0.0063086636011545965,0.0005005893420411156,58.08074427089038,1.0923398231905277e-05,4.700980029477911e-06,151.35615337185857,0.62890625
13510000,21,0.006250740779208379,0.00043564387069996915,58.15097054324067,1.003866552699846e-05,3.816518097994881e-06,151.3206964244733,0.6279296875
13520000,21,0.006717450814226893,0.0008570918722216197,58.603590563415494,1.1111862209641322e-05,4.889703356022919e-06,151.2676349935828,0.62109375
13530000,21,0.006784453717135629,0.0009757315135019459,58.08722321402154,2.0348870226809713e-05,1.4125603484600154e-05,151.35405305511682,0.6259765625
13540000,21,0.0060123416228526835,0.0001694411177109986,58.42900659072194,7.04066347241964e-06,8.187431438260869e-07,151.3073037508551,0.62109375
13550000,21,0.006100589005900136,0.0002935491934764982,58.070399774992325,8.613392177101205e-06,2.391390723121392e-06,151.3250330349843,0.625
13560000,21,0.006618189763811394,0.0007397213374293359,58.78468559925055,1.3548681367870288e-05,7.326602032719772e-06,151.31959246898114,0.62109375
13570000,21,0.0064033409896343966,0.0005794441969316585,58.23896932637232,1.1272279642371967e-05,5.0507776352268535e-06,151.2839503870618,0.6240234375
13580000,21,0.0061926945588585995,0.00036985597868751383,58.228387265862956,8.13189902769315e-06,1.9100905306298807e-06,151.30354218527665,0.625
13590000,21,0.0062241098832022685,0.00038239538687999023,58.41714634516237,9.458020617942566e-06,3.2363804771482166e-06,151.33121598469452,0.626953125
13600000,21,0.006698471566508225,0.000769853267775798,59.2861845881253,1.2830487451385448e-05,6.608528256579647e-06,151.28777268798933,0.625
13610000,21,0.005993154083483042,0.00013798832227792277,58.55165924100145,6.9820135333736915e-06,7.606425449246269e-07,151.35066283882284,0.626953125
13620000,21,0.007097010638245096,0.0012368908502159513,58.60119960098795,1.500041939239014e-05,8.778403265332138e-06,151.23942494073586,0.62109375
13630000,21,0.006794494068256988,0.0008817046669174704,59.12789566811247,1.3547191297784084e-05,7.325854163395724e-06,151.3132954379155,0.62109375
13640000,21,0.006513678970659467,0.000634716469285136,58.789626513969296,1.4690917686734202e-05,8.469667422848406e-06,151.31428382503455,0.6279296875
13650000,21,0.006175602801412412,0.00034451561956710887,58.310873667529876,9.356005342504345e-06,3.135334950410888e-06,151.32626116346307,0.6220703125
13660000,21,0.0067473431626349,0.0009214608567439596,58.25882449009461,1.7485946278449607e-05,1.1264329428305905e-05,151.30893810079792,0.6201171875
13670000,21,0.007414419927787811,0.00157749934299056,58.36920742521391,2.071922529035177e-05,1.4497975025029399e-05,151.28586192072112,0.62109375
13680000,21,0.0060340712783776,0.00017733343422257107,58.56738007193363,8.706754645466347e-06,2.4857120616230798e-06,151.34014895378087,0.6259765625
13690000,21,0.006034022239483834,0.00018813321722545038,58.458891749821056,7.984076158115408e-06,1.7631803860572255e-06,151.35344624539715,0.625
13700000,21,0.006277276998039908,0.0004246400341754492,58.52637117761424,9.400147717284722e-06,3.179489976890891e-06,151.3280210390564,0.625
13710000,21,0.006435271170996703,0.0005463092153446805,58.8896207228358,1.0070142955169609e-05,3.848535821007675e-06,151.29435726259263,0.619140625
13720000,21,0.006570540506189214,0.0007519309131362569,58.1860973706102,1.1281673592303936e-05,5.060931926471362e-06,151.28900811557364,0.625
13730000,21,0.006251323308342261,0.00040052828968113524,58.50795174914182,8.903402286188071e-06,2.6824424740178907e-06,151.29299288586523,0.623046875
13740000,21,0.0065521770981531915,0.0007172031809113802,58.34974044815648,1.2287777646979508e-05,6.067083430085475e-06,151.36116176428274,0.6220703125
13750000,21,0.006163401962202804,0.00030703484677403796,58.5636726204531,8.746602760979667e-06,2.5259130055419997e-06,151.33504716141744,0.6220703125
13760000,21,0.0063273046415958335,0.0004539394798358735,58.73365325624928,8.894294342922496e-06,2.6737334791240343e-06,151.29001114515987,0.623046875
13770000,21,0.006240584699904313,0.00045651571398093064,57.840691209578296,8.828509543548398e-06,2.6079182089138508e-06,151.30952544688355,0.6171875
13780000,21,0.005966647351229263,0.00013873250767032112,58.27914966653688,6.872698906479602e-06,6.522465486702289e-07,151.32010628462933,0.6201171875
13790000,21,0.0062490536584092335,0.00039708097529182995,58.51972811078195,8.214876873163793e-06,1.9947015374161995e-06,151.30159248840775,0.623046875
13800000,21,0.006754323169218296,0.0009175652179781697,58.36758098235997,1.35750353978968e-05,7.354995516168327e-06,151.35327264558794,0.6259765625
13810000,21,0.00665628944107855,0.000851733700833036,58.04555924719415,1.3299316012059215e-05,7.079493578753467e-06,151.29124247148346,0.6201171875
13820000,21,0.006339962756472981,0.0005207324719788922,58.192304255734044,1.2323448851411153e-05,6.103562655224839e-06,151.33431315995892,0.6259765625
13830000,21,0.006243522831558412,0.0004240734687214636,58.194495175615444,1.385834754138918e-05,7.638479775731444e-06,151.37599914954234,0.626953125
13840000,21,0.0065163452863229755,0.0006502116955505249,58.66133738194309,1.083526428484892e-05,4.615661763284076e-06,151.2880378398083,0.623046875
13850000,21,0.00633492857006661,0.00048217204608695603,58.52756652494272,1.0190591398818511e-05,3.970299271860299e-06,151.31180986235597,0.6259765625
13860000,21,0.00665881720903938,0.000773805883117638,58.85011452844488,1.4676968841926998e-05,8.457404044187292e-06,151.303851582884,0.623046875
13870000,21,0.006142330974890702,0.0002798044574777362,58.625266951853924,7.823452225831443e-06,1.6040474480459731e-06,151.35641902000876,0.623046875
13880000,21,0.005974310702246416,0.00014058624263112184,58.33724613110476,7.1395313645193505e-06,9.195320634419884e-07,151.31794996228902,0.619140625
13890000,21,0.006200014926008398,0.0003251299697620138,58.748851125533584,8.395585896368775e-06,2.175603847895992e-06,151.30930106963444,0.619140625
13900000,21,0.006097736630511856,0.00027126512097881716,58.26471630673078,9.552525056995474e-06,3.3328356715529833e-06,151.35985213103797,0.6240234375
13910000,21,0.006471846198725195,0.0006147773208555676,58.57069022615802,1.2264645723360812e-05,6.04471948927917e-06,151.35204528347555,0.623046875
13920000,21,0.006194066359822734,0.00038842012931975515,58.05646381591583,1.1372242074267328e-05,5.15297412834311e-06,151.34701805797036,0.625
13930000,21,0.006175762468731165,0.00030558442572171945,58.701781981337106,1.007920014037845e-05,3.8597843728088685e-06,151.34240390289705,0.623046875
13940000,22,0.006113979842346499,0.00028997187108807155,58.24008106394218,8.651638468704895e-06,2.4324812788001218e-06,151.3548540102217,0.623046875
13950000,22,0.006530627684017071,0.0006724769530616243,58.58150888563541,1.1259900971043001e-05,5.040512663890227e-06,151.30907998141544,0.6201171875
13960000,22,0.006379043894456718,0.0005155502855827846,58.6349377273266,1.0173681406806116e-05,3.954038521665314e-06,151.32453084425077,0.6220703125
13970000,22,0.006138871294087549,0.00027243712792907407,58.6643428808927,9.3158810700395e-06,3.0972148568438742e-06,151.32543349085037,0.619140625
13980000,22,0.006299577064333973,0.0004274146266645877,58.72162585742809,1.076218649235371e-05,4.543587367106453e-06,151.3314318011106,0.623046875
13990000,22,0.006522422180360475,0.0007189278987671116,58.03494429308731,1.5796790343937525e-05,9.578047343414784e-06,151.31787413419548,0.6220703125
14000000,22,0.006182664215688443,0.0003500548603737817,58.32609498690665,1.06151827070688e-05,4.395913705403479e-06,151.34632392942515,0.6279296875
14010000,22,0.006571839335775954,0.0007387397451488175,58.330997567541246,1.262260930915896e-05,6.403620454162639e-06,151.31675292312272,0.6201171875
14020000,22,0.006145960790639825,0.0003055191267063494,58.404418272977985,9.389587636347298e-06,3.170561467808084e-06,151.3364415904239,0.6240234375
14030000,22,0.006236842943511335,0.0004029856685214179,58.33857423461497,7.7402307624236e-06,1.5213988241193962e-06,151.29646113950102,0.6220703125
14040000,22,0.006490258834567967,0.0006402375642232246,58.50021390483621,1.677390215260063e-05,1.0555427840345102e-05,151.2855293638717,0.6240234375
14050000,22,0.006195471242327657,0.00032905838637563387,58.66413018939292,9.56717712003156e-06,3.348576871794155e-06,151.3295252254352,0.6240234375
14060000,22,0.006342581895209825,0.0004892550609545011,58.53326947346627,9.045552747821295e-06,2.826854991780821e-06,151.3136066829993,0.623046875
14070000,22,0.00712750992870769,0.001293995720774392,58.335143457995784,1.890469545557995e-05,1.268568415887065e-05,151.2948737363597,0.6240234375
14080000,22,0.006180287376743124,0.000362974664885247,58.17312840231043,9.688273580109985e-06,3.4698450935975167e-06,151.33593872335703,0.623046875
14090000,22,0.0061445502611097635,0.0002972161479624437,58.47334270600867,9.309051119211823e-06,3.090777423062115e-06,151.336801090211,0.6220703125
14100000,22,0.006097873725669966,0.0002666358896967676,58.31237979077922,8.286195678501206e-06,2.0677001560437567e-06,151.33498894928002,0.62109375
14110000,22,0.006101975009910692,0.00023940697593658283,58.62568162115217,7.84075395441455e-06,1.6225734620547304e-06,151.30326437120786,0.62109375
14120000,22,0.006089051735437441,0.00021635649583229117,58.72695404490001,9.099482852021897e-06,2.881542674571287e-06,151.33244915891464,0.623046875
14130000,22,0.006325503101209333,0.0005137670768337683,58.11736178662809,1.0090359404129411e-05,3.8725202858224245e-06,151.28445036944493,0.6220703125
14140000,22,0.006219560318298635,0.0003982818872727603,58.21278553658153,1.008191873624594e-05,3.863953760518171e-06,151.36243589421818,0.6220703125
14150000,22,0.006245262145010219,0.0003889049550600582,58.563573133486585,1.0831985718543526e-05,4.614700203688201e-06,151.35661019233197,0.6201171875
14160000,22,0.0060545274247645105,0.0002032121039325557,58.51315471031233,8.147261164205488e-06,1.9292389840269675e-06,151.3486453349084,0.623046875
14170000,22,0.005942149599112218,7.776777638234474e-05,58.643819432636356,7.249109709536013e-06,1.0310929985674113e-06,151.37214994987144,0.6201171875
14180000,22,0.006509023681607386,0.0006314522589323872,58.775716249328184,1.1237204090415911e-05,5.019379062440316e-06,151.2878927150906,0.6201171875
14190000,22,0.006079371404545861,0.0002740549506092004,58.05316624810611,1.0118035995895697e-05,3.899794434923787e-06,151.3737440213831,0.6220703125
14200000,22,0.006259460931905902,0.000392144821014461,58.67316277181226,7.868061542259736e-06,1.65054338575006e-06,151.2904595848161,0.6171875
14210000,22,0.0063067722098301485,0.00039877302930988026,59.07999319275784,1.0128465922820443e-05,3.910616075927868e-06,151.34567981301564,0.619140625
14220000,22,0.006409941758696433,0.0005246081139208886,58.853337935293226,1.0519590491131354e-05,4.302113867576211e-06,151.31558323193957,0.619140625
14230000,22,0.006382174480863485,0.0005277191662478212,58.544554507038036,1.2625565386542272e-05,6.409036343473352e-06,151.32288802304114,0.6259765625
14240000,22,0.007242005643222848,0.00138303578176057,58.589700372698566,2.254642046793943e-05,1.6329866055074216e-05,151.3181023416382,0.62109375
14250000,22,0.0058943044054733705,3.349040074254271e-05,58.60814163983284,6.52535296006409e-06,3.0824544722381673e-07,151.348753647744,0.6201171875
14260000,22,0.005970289909630398,9.39093060689145e-05,58.763807622073564,7.2664852733388175e-06,1.0493893564923834e-06,151.35845283496127,0.623046875
14270000,22,0.006159482106855091,0.00040108894188156126,57.58393303154208,8.642277905231802e-06,2.4251698768090843e-06,151.27839979427748,0.619140625
14280000,22,0.0063046228423292204,0.00045271199350619356,58.519109845385096,9.452596791034399e-06,3.2358284729510756e-06,151.28592369175058,0.6240234375
14290000,22,0.0063339455296745825,0.0004758398951075309,58.581058251947546,1.3280187049292896e-05,7.06291725604595e-06,151.35400047596363,0.623046875
14300000,22,0.006102914501995832,0.00029718572630106697,58.05728891657246,9.343471202694227e-06,3.126155112804095e-06,151.35478147057938,0.6240234375
14310000,22,0.006312838219673192,0.0004993144502772087,58.135239130654206,1.2945050223024557e-05,6.727983565373369e-06,151.35222217117433,0.6220703125
14320000,22,0.006550299438192994,0.0006440546032318252,59.0624500044667,1.5046079702308165e-05,8.828756326511383e-06,151.3509999013158,0.623046875
14330000,22,0.0060076062242188305,0.00016710818844327933,58.404981748389325,7.443363337784549e-06,1.2261772590707734e-06,151.2858988649661,0.6162109375
14340000,22,0.006736615027479076,0.0008326832631154913,59.03931916227405,1.611959232558407e-05,9.90218160960846e-06,151.30533765509307,0.6220703125
14350000,22,0.006447577583998114,0.0006229685039940151,58.24609196388475,1.1445653274261648e-05,5.228707811392079e-06,151.3214377707276,0.62109375
14360000,22,0.0062788679708375445,0.0004535983076193421,58.25269820908578,8.824963449922163e-06,2.6080749780579736e-06,151.32146070371013,0.6171875
14370000,22,0.005932941855147242,8.058186977008613e-05,58.523601254681665,7.217715267314194e-06,1.0012751683012197e-06,151.3620579227431,0.623046875
14380000,22,0.006351039037212765,0.0005006272272359308,58.504119660140226,1.0886263957478998e-05,4.669834209681615e-06,151.32312771995706,0.62109375
14390000,22,0.006894597821847295,0.0010731852669190166,58.21412701757637,1.580451147096741e-05,9.588676323979975e-06,151.3251898739031,0.62109375
14400000,22,0.006487164470304334,0.0006475841438214616,58.39580450925353,1.1932861858243778e-05,5.715824329160591e-06,151.3123906296093,0.6171875
14410000,22,0.006375748025850361,0.0005087398301623447,58.67008349709409,9.785996721644088e-06,3.56970104760716e-06,151.3219185146989,0.6220703125
14420000,22,0.006512631276608799,0.0006269676974014095,58.85663761774452,1.0659191391134658e-05,4.443205330481975e-06,151.3084748386421,0.6201171875
14430000,22,0.006193287766392269,0.00032056363055903175,58.72724283230675,8.533262951582698e-06,2.317087123154362e-06,151.34005920348787,0.6162109375
14440000,22,0.00595628182666938,0.00011832424617222239,58.37957756975304,7.2513004034495545e-06,1.035249664220344e-06,151.33590218334703,0.62109375
14450000,22,0.006264376716655083,0.00038512354618858245,58.79253296490342,9.427889880850468e-06,3.211877640273108e-06,151.35301078124186,0.62109375
14460000,22,0.006285874710135249,0.0004438099855728382,58.420648460457556,8.939196630014597e-06,2.7236545924967737e-06,151.30396237345067,0.623046875
14470000,22,0.007305465761088204,0.0013474800489306413,59.579858371730786,2.197209590059263e-05,1.5756216230805816e-05,151.31667335432346,0.6220703125
14480000,22,0.0072902721072361735,0.001472732100378881,58.17540139963622,2.6959586893482987e-05,2.074387682808133e-05,151.3099874035789,0.62109375
14490000,22,0.006514485647462251,0.0006396156064385753,58.74870171072615,1.0509866267623075e-05,4.293533526485541e-06,151.3202211318788,0.615234375
14500000,22,0.007598735305133548,0.0017052046625494986,58.935307858705684,2.810775033380097e-05,2.1891801213576588e-05,151.26005324547185,0.61328125
14510000,22,0.006684941208052114,0.0008248054447059914,58.601358999949326,1.2338864719267097e-05,6.122834319099529e-06,151.2913676364704,0.619140625
14520000,22,0.0060102956097436485,9.993578899772601e-05,59.10359954834098,7.356830816185805e-06,1.1413069752577136e-06,151.36489616127037,0.62109375
14530000,22,0.006476392956084237,0.0006495901214013185,58.268030062349524,1.1989469955826375e-05,5.773652083735635e-06,151.30096544901974,0.6171875
14540000,22,0.006021707667326603,0.00018339056827137493,58.383172449416016,8.00587553975274e-06,1.790555201066383e-06,151.36362734760922,0.6220703125
14550000,22,0.006665961513050596,0.000861698121622361,58.04263561101887,1.1889286503584607e-05,5.673297433382361e-06,151.2628341288235,0.62109375
14560000,22,0.00634753272087599,0.000531295241380501,58.162375805992966,1.2280799702628658e-05,6.065030389164668e-06,151.2996258078359,0.6142578125
14570000,22,0.006122503645865393,0.0002421069388181648,58.8039686951801,8.704685609153668e-06,2.4889932022587566e-06,151.3125508028071,0.6201171875
14580000,22,0.0065531663557029385,0.0006816537280485137,58.715127824114504,9.40873693301526e-06,3.1930654318618366e-06,151.26124870789263,0.61328125
14590000,22,0.006020079990828133,0.00020394479925842527,58.16135369361932,8.516584409003273e-06,2.3013698857088154e-06,151.36547994759428,0.625
14600000,22,0.006009941745189396,0.00016969823534367014,58.402436504277205,7.431383623275527e-06,1.2163960569244746e-06,151.31839687009042,0.6181640625
14610000,22,0.005975309349822194,0.00010056971825859696,58.74739758041504,7.248125958330279e-06,1.033233080336637e-06,151.34408722871424,0.62109375
14620000,22,0.006503627046503319,0.000651348521107638,58.52278669679654,1.1514201394246081e-05,5.300210687793894e-06,151.30375511833722,0.6201171875
14630000,22,0.006621634784933052,0.0007961275313154029,58.2550743752402,1.4915379684360406e-05,8.700798423900436e-06,151.30395079473232,0.6201171875
14640000,23,0.006115762851076674,0.0002761999767452062,58.39563017894637,9.830148538192995e-06,3.615190439221482e-06,151.3589205586667,0.623046875
14650000,23,0.006121903262846368,0.0002992516195330323,58.22651801428799,7.801895313354511e-06,1.5867331857379844e-06,151.28460004386912,0.6220703125
14660000,23,0.0059254032468541076,8.186272641375784e-05,58.43540657680504,6.870704270657073e-06,6.556846728172686e-07,151.3234052634345,0.6240234375
14670000,23,0.00619490570599876,0.0003074570619784115,58.87448790736956,1.0011202514608083e-05,3.796767896705543e-06,151.3124917338956,0.6201171875
14680000,23,0.006045458766807149,0.0002010720379383987,58.443868929121706,8.134327149140262e-06,1.9199392013797687e-06,151.35266511411828,0.625
14690000,23,0.006278377723782502,0.00041170168616886933,58.66676206617996,9.191775400287609e-06,2.9771161667876613e-06,151.31309304798782,0.6240234375
14700000,23,0.006355347753735255,0.0004824361713652824,58.729117345834865,1.3739202263986438e-05,7.5235968284671685e-06,151.32755372197914,0.619140625
14710000,23,0.006420509073503888,0.0005326037787852927,58.87905402090966,1.1635463017945582e-05,5.421587881084417e-06,151.32919717458947,0.6201171875
14720000,23,0.0067660809402366765,0.0008756528621489282,58.90428212815415,1.746593914911865e-05,1.1252304404366082e-05,151.32312551116252,0.619140625
14730000,23,0.006930957992480582,0.0010587327574658135,58.722253729296504,1.583931586726916e-05,9.624603976463579e-06,151.3078699647407,0.623046875
14740000,23,0.006184148027225029,0.00034367138381861365,58.40476812650948,9.36618649175838e-06,3.151911755830014e-06,151.36028849483958,0.62109375
14750000,23,0.006035692293555397,0.00019127392752455298,58.444185122760736,8.058130779125359e-06,1.8438661701695107e-06,151.34715854188022,0.6220703125
14760000,23,0.006901448904284351,0.0010855466170777025,58.15902423981432,1.7424710149736967e-05,1.121058297759591e-05,151.33934295258544,0.62109375
14770000,23,0.005973137010579799,0.00018702740003668768,57.86109777051296,7.818280734781542e-06,1.6041900134752212e-06,151.35093988606945,0.6240234375
14780000,23,0.006005591180249116,0.00017050524680303097,58.350860372168796,7.945712659295466e-06,1.7313977297358872e-06,151.33304961631114,0.625
14790000,23,0.006338836467881746,0.0005111763289642089,58.276602770958924,9.329391016326202e-06,3.115540069913288e-06,151.25673498268486,0.62109375
14800000,23,0.0062238066499488215,0.0004180344323171919,58.05772389514001,9.35488345174562e-06,3.140374790470644e-06,151.3359335878033,0.6201171875
14810000,23,0.006137508912264761,0.0002776087945863049,58.5990027646131,8.552833249906177e-06,2.3389244774770023e-06,151.3379736201078,0.6220703125
14820000,23,0.006303174876208482,0.00048527831895767555,58.1789670187936,1.1677286005529156e-05,5.4634214113092025e-06,151.3155432223439,0.62109375
14830000,23,0.006623674970156582,0.0007855796030568081,58.38095526457677,9.022969644552493e-06,2.808596685082909e-06,151.28226075282217,0.6123046875
14840000,23,0.006421544578327603,0.0005955493032166427,58.2599542456249,8.689291573175629e-06,2.4745422792429557e-06,151.25555970437622,0.623046875
14850000,23,0.006276403022016597,0.00040736895677153046,58.69034201333734,8.389696194599444e-06,2.1757160245541072e-06,151.3405679728942,0.62109375
14860000,23,0.006879918090336001,0.0010552789593663758,58.246392951404694,1.3744680940133348e-05,7.530528280246854e-06,151.29648389255152,0.619140625
14870000,23,0.006247673514416627,0.0004095381197068944,58.38135560421242,1.000521770686845e-05,3.7914386815512497e-06,151.33483044460291,0.625
14880000,23,0.00597509752641226,0.0001305299774085399,58.44567704942194,6.663984920164027e-06,4.5032891171984624e-07,151.30762211363637,0.615234375
14890000,23,0.006505398950562933,0.0006684917187429356,58.369073712587905,1.0976550810342876e-05,4.762691488635893e-06,151.30485154794658,0.6201171875
14900000,23,0.0062580607898559725,0.0004124074798027184,58.45653430414723,1.0250485344961298e-05,4.037215925594749e-06,151.3401258415009,0.623046875
14910000,23,0.00644242397278005,0.0006138608933963792,58.28563230791483,1.0844833620907716e-05,4.631453383954979e-06,151.3100212851929,0.6220703125
14920000,23,0.0067227349856105335,0.0008580659897063277,58.646691334196255,1.1989320185253948e-05,5.775719436671463e-06,151.2863200460459,0.6201171875
14930000,23,0.0063564372667957,0.0004891364741959702,58.67300968662048,1.1185826733909898e-05,4.972366578972812e-06,151.32655294522291,0.6220703125
14940000,23,0.0062079909795512605,0.0003490941603326464,58.58896965726184,8.453579382796965e-06,2.239894226858428e-06,151.34000955277065,0.625
14950000,23,0.006829850132479974,0.0009628789910813094,58.669712723335294,1.717661367281874e-05,1.0963278978788314e-05,151.30179280632362,0.6220703125
14960000,23,0.006372510966523577,0.0005644296595935205,58.08081457994928,8.957524038148417e-06,2.744366948453498e-06,151.31300965033148,0.62109375
14970000,23,0.006646857996932429,0.0008109253046626212,58.3593283347587,1.3896559556830155e-05,7.683735603094924e-06,151.27685312232506,0.623046875
14980000,23,0.005978967955346173,0.00013883547241831548,58.40132636022105,7.079788392700443e-06,8.666904553470378e-07,151.31067792729567,0.6201171875
14990000,23,0.006333440386787372,0.0004895778352198071,58.438627019343464,1.1135497878646027e-05,4.9226037793361505e-06,151.33084855553628,0.62109375
15000000,23,0.00626574738289734,0.0004684638868736436,57.972836445751604,9.071497270134272e-06,2.8589663554938656e-06,151.30761008329603,0.6201171875
15010000,23,0.007175205246631776,0.0013199479545343566,58.55257424187404,1.5561929709738807e-05,9.348420947182665e-06,151.27762717902482,0.6181640625
15020000,23,0.006043954723455578,0.0002710716724907463,57.728831919633436,8.016965137199335e-06,1.8039512803447372e-06,151.33596769447792,0.6201171875
15030000,23,0.005999888642048603,0.00019674268625925572,58.03146112807973,8.21824214166129e-06,2.0055604845910525e-06,151.30909011840413,0.623046875
15040000,23,0.006146168026310725,0.00027983552391168447,58.663326545444406,8.482468113463205e-06,2.2697998369075264e-06,151.30750542023802,0.623046875
15050000,23,0.006081288628452498,0.0002322682675623793,58.49020494932678,8.089211884490015e-06,1.876602026405128e-06,151.32240570259245,0.623046875
15060000,23,0.006041078221717401,0.00019558640426626823,58.45491961041514,7.681923045466763e-06,1.4694084710914728e-06,151.3275656619537,0.6259765625
15070000,23,0.006252264415516127,0.00045033065936449256,58.019338865621464,9.04601381989463e-06,2.8332756542341377e-06,151.29854456025188,0.6201171875
15080000,23,0.006160085787940285,0.0003744213666308193,57.85664562078559,1.1131875820360856e-05,4.919516205469098e-06,151.35038281807013,0.6259765625
15090000,23,0.005922127672337965,4.577108441033812e-05,58.76356750163381,6.644028915523224e-06,4.317446053533258e-07,151.3442533490583,0.6201171875
15100000,23,0.006277814152883145,0.00043600829652311465,58.4180598826254,8.930627161734168e-06,2.718377727458248e-06,151.29383083326755,0.6181640625
15110000,23,0.006169221169530308,0.0003386713856756275,58.30549916519721,8.575703973808438e-06,2.3633298717899793e-06,151.26746121469404,0.6123046875
15120000,23,0.006304448030203848,0.0004487635949685592,58.55684575733206,9.740729688637246e-06,3.5284751336609386e-06,151.27447841573166,0.619140625
15130000,23,0.006975625700313482,0.0011101783073915888,58.654475314133734,2.0109263785243252e-05,1.3896227698252086e-05,151.29476754073394,0.615234375
15140000,23,0.006493132047829196,0.0006981644549536973,57.949677379916295,9.541031092850078e-06,3.328778779035183e-06,151.24759498301697,0.6220703125
15150000,23,0.00660068101320316,0.000803895498445304,57.96785685871137,1.1041172933095591e-05,4.828721524563115e-06,151.25356373760908,0.623046875
15160000,23,0.006301466504864131,0.00039807627905049547,59.033903699144595,8.926647733016108e-06,2.7143161658812735e-06,151.2894302412269,0.6181640625
15170000,23,0.0063144426283360654,0.00048581217791536995,58.286305741745004,9.170998388743588e-06,2.958476718061325e-06,151.322699780555,0.6142578125
15180000,23,0.0065237330315190715,0.0007054415845639731,58.18291603279742,1.5369500201401442e-05,9.157489202367784e-06,151.32469552319242,0.623046875
15190000,23,0.006222067587597926,0.00037941089878733996,58.426568464551174,1.0733184836145793e-05,4.520509682869963e-06,151.37460634174448,0.623046875
15200000,23,0.006516319490249216,0.0006614241318885862,58.548955078728476,1.0541551004200765e-05,4.329090694098748e-06,151.31331314464856,0.623046875
15210000,23,0.006678717790563904,0.0008553093718753212,58.23408535814375,1.114921796146018e-05,4.9372329742441965e-06,151.27750836654593,0.609375
15220000,23,0.006827185466029373,0.0009882115743687359,58.389740434352454,1.5547212088837787e-05,9.335835302616771e-06,151.3290051917613,0.62109375
15230000,23,0.006711421254320058,0.0008519252973726018,58.59496108014644,1.3523692414548028e-05,7.312227739877355e-06,151.3384180939001,0.6259765625
15240000,23,0.00612837081429471,0.0002741090817436793,58.54261901053479,9.045754778677932e-06,2.833817431082222e-06,151.32583421542887,0.6220703125
15250000,23,0.00617126083403974,0.00033897242755523996,58.32288556953375,8.768247909193045e-06,2.556302806267856e-06,151.33294698033504,0.625
15260000,23,0.006481671593602868,0.0006205609732955562,58.61110733194013,1.1775831201964235e-05,5.564478645067838e-06,151.29289457460513,0.6220703125
15270000,23,0.006174000870717943,0.00034150964865260546,58.32491373935708,9.543575000962824e-06,3.3316213819493566e-06,151.33754982543337,0.62109375
15280000,23,0.005892038595422447,5.918470885178061e-05,58.32854046240998,6.859297951309057e-06,6.477320637903156e-07,151.35155066231033,0.6220703125
15290000,23,0.006202068938931952,0.00033591530961198584,58.66153754473719,8.788623257286688e-06,2.5771428019790926e-06,151.33079836306294,0.6201171875
15300000,23,0.006482341765835401,0.0006863658514759045,57.95976077836111,1.4335557132067168e-05,8.124082781450047e-06,151.30509403880578,0.625
15310000,23,0.00616659170969679,0.00030630342242591365,58.602884380251545,9.109119773689333e-06,2.89825283065108e-06,151.33560341959105,0.6240234375
15320000,23,0.006111000339281937,0.00031882456400456505,57.92175964853933,9.3671549363433e-06,3.1555679265382863e-06,151.34192360956945,0.6220703125
15330000,23,0.006166628253437894,0.00030951398600010484,58.57114416520058,8.80297944575049e-06,2.5918266801651326e-06,151.33041268713774,0.623046875
15340000,23,0.006746163248242405,0.000908950189854233,58.37213183754086,1.3768828663696951e-05,7.557812405853337e-06,151.32334876329085,0.6201171875
15350000,24,0.006731904958918718,0.0008749876061866124,58.5691751015235,1.1344977526314328e-05,5.133750470871543e-06,151.28465420078876,0.6220703125
15360000,24,0.006294760977107224,0.00045864618777158506,58.36114977041217,1.0401679426961773e-05,4.190378941446373e-06,151.30512575705563,0.619140625
15370000,24,0.006383888712109636,0.0005672095204197921,58.166793529411635,1.2218942618308806e-05,6.00785967100922e-06,151.28750266797334,0.6103515625
15380000,24,0.006179209655411012,0.0003540469014118988,58.25162909254843,9.28112546558422e-06,3.0697677717049172e-06,151.32157482901988,0.625
15390000,24,0.006194447235526504,0.00035789874398887246,58.36548653189515,9.58923387245119e-06,3.378098626576556e-06,151.3209841495084,0.623046875
15400000,24,0.00652840200244659,0.0007198846697790965,58.085174714044854,1.2490508315999333e-05,6.27999012954856e-06,151.29073870408274,0.6240234375
15410000,24,0.006367263670322504,0.0005009336794956802,58.663301183172194,1.2294972259306457e-05,6.08418097744558e-06,151.34064105367455,0.6259765625
15420000,24,0.007086116418166067,0.0012664472784724742,58.19669277866083,1.6362362255864808e-05,1.0152187637461596e-05,151.2983388818647,0.623046875
15430000,24,0.006439445843266104,0.0006153562088875511,58.24089769675679,1.0213623319435214e-05,4.0027264513140995e-06,151.31326800004987,0.62109375
15440000,24,0.0059180349859894055,7.055993438209172e-05,58.47475157789045,6.978656162735611e-06,7.679819539101135e-07,151.346133073585,0.62109375
15450000,24,0.006395386717669503,0.0005398612629149149,58.55525613626967,1.2545723159688686e-05,6.335225690803194e-06,151.3196459955403,0.62109375
15460000,24,0.0063726440470116014,0.0005502255177710046,58.22418707158667,1.007590021056748e-05,3.865474665931488e-06,151.3053224253782,0.6181640625
15470000,24,0.006411775949667445,0.0005541554927277902,58.5762059971389,1.0645638184342995e-05,4.434885681851127e-06,151.29545941606898,0.6201171875
15480000,24,0.006047892519056705,0.00022626271607484633,58.21629954970496,7.883383199960642e-06,1.67252002678001e-06,151.3095055324766,0.62109375
15490000,24,0.006260948038807981,0.00041938299686990004,58.41565185764624,8.880545339002474e-06,2.67003696956343e-06,151.26687774287663,0.6171875
15500000,24,0.0062760389845542075,0.0004023454162633953,58.736937479205125,7.947658318915277e-06,1.7371314240988669e-06,151.29538259647285,0.611328125
15510000,24,0.006537819844964201,0.0007269347169514734,58.10885274212231,1.1430744824012473e-05,5.220778185927188e-06,151.30816535083122,0.6201171875
15520000,24,0.006554174002864687,0.0007774509946549023,57.76723167622397,1.203199049760375e-05,5.821747564966684e-06,151.30418481448143,0.625
15530000,24,0.007044466513012983,0.001133962498345011,59.105042012734025,1.5005355977089334e-05,8.794851704507862e-06,151.28300538807017,0.62109375
15540000,24,0.006349249929643603,0.0005185807767907426,58.30669304949907,1.0393060866869266e-05,4.183052709934425e-06,151.3302702202873,0.6181640625
15550000,24,0.006287408869320605,0.00046112987386355,58.262791606208054,9.296294295180131e-06,3.0860282669218412e-06,151.2984053840953,0.6181640625
15560000,24,0.006067347588526434,0.00022344015138971716,58.43907589293429,8.273991644671942e-06,2.0640703343337213e-06,151.33373788874687,0.62109375
15570000,24,0.006124863785837619,0.0002455596514192182,58.79304268706854,8.246006077089917e-06,2.03624513509621e-06,151.32606805479568,0.6162109375
15580000,24,0.006131566442134117,0.0002728525161569706,58.58714071374174,8.430090161983852e-06,2.2204637433914627e-06,151.32415143136228,0.6201171875
15590000,24,0.006216412534092336,0.00036532921759360835,58.51083504870983,8.634806677740723e-06,2.424637493669387e-06,151.3380101597431,0.623046875
15600000,24,0.005962001399510294,0.0001368414971945472,58.25160034940182,7.224995834886606e-06,1.0153305553817463e-06,151.3284000029787,0.6201171875
15610000,24,0.00611221411909872,0.0003298940593648894,57.823201876842504,1.1878003529312222e-05,5.668013685782455e-06,151.3625822359989,0.62109375
15620000,24,0.00632003362265444,0.0004691634894450202,58.5087031258621,1.0694641668619121e-05,4.4846883269983815e-06,151.31066814987744,0.62109375
15630000,24,0.006221766797236259,0.0004234533579773441,57.98313582136457,9.5248491847819e-06,3.315509536969728e-06,151.3222962161862,0.6171875
15640000,24,0.006396733713900323,0.0005245240298688161,58.72209855302704,1.0991429673744616e-05,4.781629628681025e-06,151.31604874832928,0.6220703125
15650000,24,0.006399669387106724,0.0005161893838581977,58.834801373378056,1.0274796163726455e-05,4.064829596179159e-06,151.32724937052427,0.6142578125
15660000,24,0.006463935687499,0.0005582246416347297,59.05711186796302,1.0417407806739092e-05,4.207992955538819e-06,151.33496362767684,0.619140625
15670000,24,0.006191347032052707,0.00036642658333317635,58.24920616699161,8.185404242373062e-06,1.9758225558416263e-06,151.28914684113397,0.607421875
15680000,24,0.006270775280305162,0.0004532340738659955,58.17541343869293,1.0673198682783678e-05,4.463673769651267e-06,151.35591534234754,0.62109375
15690000,24,0.006260712600839446,0.00039221376465284775,58.684989720538404,9.099094265797978e-06,2.8899975696289603e-06,151.31302803193003,0.615234375
15700000,24,0.006363238327608577,0.0005269831749996865,58.36255303392917,1.139933635395755e-05,5.190223320178937e-06,151.3314206282545,0.62109375
15710000,24,0.006736989054493286,0.0008855923484343375,58.51396840928249,1.180158200593622e-05,5.592216154086106e-06,151.30751988320083,0.6142578125
15720000,24,0.006496677231863236,0.0006173370614951345,58.79340310865082,1.1202138755376628e-05,4.993157971380948e-06,151.27023858404985,0.6142578125
15730000,24,0.0064793950120947555,0.0006386401312471079,58.40755051562281,1.1362038791337371e-05,5.153109141048736e-06,151.30271581811618,0.6201171875
15740000,24,0.00625206759100485,0.0004034460982389408,58.486216197190345,1.0819199204723117e-05,4.6099898517400735e-06,151.350208677556,0.6181640625
15750000,24,0.006371376343701399,0.0004979623172363034,58.73414201668863,9.452267990660222e-06,3.243178025026742e-06,151.2997930544131,0.6220703125
15760000,24,0.00635746352901143,0.000517167804822616,58.40295856038079,1.1019944771093074e-05,4.811101052683464e-06,151.32017949977995,0.623046875
15770000,24,0.006032268513565962,0.000207125244855914,58.251434230716086,7.985373605925813e-06,1.7766648236731547e-06,151.33608073932314,0.62109375
15780000,24,0.006294655565012826,0.00048441194312642154,58.10243771722004,1.0352588489494903e-05,4.143513860465761e-06,151.32469651433684,0.62109375
15790000,24,0.006048880268373058,0.00019982175984436382,58.4905868670952,7.398593615843591e-06,1.18977747049428e-06,151.30683062058802,0.6181640625
15800000,24,0.006573294159229275,0.0007527329585355301,58.20561323837824,1.2399379187467503e-05,6.19076868510938e-06,151.2848474452214,0.619140625
15810000,24,0.0065206524061855314,0.0007437512204646324,57.7690132576855,1.2414165572551102e-05,6.205033181676762e-06,151.30477414227977,0.62109375
15820000,24,0.0064501801772353495,0.000666604106230924,57.835761989247324,1.1138298486531813e-05,4.929940964917584e-06,151.30886240715307,0.619140625
15830000,24,0.0061186011920698665,0.000286716572387752,58.31884744490651,8.419432898151311e-06,2.210245626424969e-06,151.33898318315437,0.625
15840000,24,0.006347393489659171,0.00048775249698640655,58.596411001497984,1.079013249024865e-05,4.581038852563213e-06,151.3293747378358,0.6240234375
15850000,24,0.006246246425301479,0.00041649570638024153,58.29750862086303,9.574109557435844e-06,3.3656393950284784e-06,151.33544446377252,0.62109375
15860000,24,0.005997310920220902,0.0001381578579331749,58.591532057057286,7.113024038486187e-06,9.042304144071771e-07,151.31595827513198,0.6240234375
15870000,24,0.00612404036994435,0.00025427291608012554,58.69767594506626,8.01177130160932e-06,1.8029668438794572e-06,151.31064287325157,0.6171875
15880000,24,0.0068429198994348385,0.001003130174559954,58.39789853379534,1.1989560736081874e-05,5.781372135627282e-06,151.27730732835957,0.6220703125
15890000,24,0.0062452171738276215,0.00037767450303621657,58.67542827571518,1.063459471443159e-05,4.426397660600085e-06,151.36083231783695,0.625
15900000,24,0.0060208347323415365,0.00023030159127698303,57.90533267089802,8.276317952714828e-06,2.067828317446323e-06,151.3390629315866,0.6220703125
15910000,24,0.006688874201077669,0.0008519095494484076,58.36964792573268,1.5897174096539177e-05,9.689323093695319e-06,151.3456185370036,0.619140625
15920000,24,0.0069119461213986875,0.0010333328310611675,58.786134415283456,1.961587566263127e-05,1.3407805922634849e-05,151.33178377642147,0.6259765625
15930000,24,0.0065357212140156615,0.0007255280025329015,58.101933891741,1.2575605410445772e-05,6.367168442041128e-06,151.27485548694236,0.625
15940000,24,0.005908964691069895,6.335852428465909e-05,58.45606311898275,6.762105862138373e-06,5.537947208872329e-07,151.31706709710997,0.619140625
15950000,24,0.0063227503508383655,0.0005069142549565726,58.1583626384362,1.3953762398869705e-05,7.745367498162679e-06,151.3252315960714,0.6220703125
15960000,24,0.005944757987407172,0.00016484272060908784,57.79915427192378,7.311009938675143e-06,1.1027268018575071e-06,151.3214724176905,0.62109375
15970000,24,0.0060560073073746045,0.00023761814941817254,58.18389316464026,8.075574626015834e-06,1.8674079173753717e-06,151.3108120130409,0.615234375
15980000,24,0.006419879890732357,0.0006151379293617372,58.0474210243036,1.093550026714041e-05,4.7271492545218004e-06,151.28754808391,0.6142578125
15990000,24,0.006337268695444985,0.0005019390189155031,58.3532980853012,9.471493664981526e-06,3.26351406191106e-06,151.288676009295,0.62109375
16000000,24,0.006515087769828046,0.0006936546347038625,58.21433309438523,8.831801914543997e-06,2.623414485925018e-06,151.29453473814888,0.6201171875
16010000,24,0.006432078124384473,0.0006187097225781291,58.13368523050631,1.2871425648296021e-05,6.664019359025355e-06,151.30951201974344,0.6220703125
16020000,24,0.006496593000474057,0.0006146957195177104,58.81897410442571,1.1997316633722118e-05,5.789270882951575e-06,151.3335056710555,0.6171875
16030000,24,0.006862520036638663,0.001030070542229118,58.324496458451094,1.7853163652892134e-05,1.1646513332352076e-05,151.30577978539327,0.6220703125
16040000,24,0.0063513237493880775,0.0005348234148514762,58.165004536515646,9.43097873081211e-06,3.223164235896596e-06,151.32300543914235,0.6103515625
16050000,25,0.0062280761517686505,0.00040069588754787895,58.27380429461822,9.227105200797812e-06,3.0193970222468506e-06,151.33086360347664,0.62109375
16060000,25,0.005943624693083486,0.00014339789266984906,58.00226952680525,6.9545154870793086e-06,7.470068301655237e-07,151.34742873956912,0.6220703125
16070000,25,0.006291284492765563,0.00044363874832295845,58.4764591990788,1.193287512286817e-05,5.725807856565477e-06,151.32128850088492,0.6171875
16080000,25,0.006048537119205606,0.00022615735389481444,58.22379897228918,8.102779126288749e-06,1.8951111174817657e-06,151.2942392173553,0.62109375
16090000,25,0.007848391721363975,0.002000183362262268,58.482084997043415,2.703072565399372e-05,2.0823844775352234e-05,151.26881446304768,0.6142578125
16100000,25,0.006484288293707216,0.0006572934536153997,58.26994978179919,9.877190864634993e-06,3.669053351604978e-06,151.26622916573427,0.6171875
16110000,25,0.006168062438234855,0.0003444451846113716,58.23617384442113,1.0874910669803035e-05,4.667244256712003e-06,151.33864733716823,0.625
16120000,25,0.006158444550598144,0.00037697543068452785,57.81469257776371,1.0063065855493786e-05,3.855848428694865e-06,151.3211425194797,0.6220703125
16130000,25,0.006376750307486333,0.000526480869958894,58.50269609776366,9.647770695334795e-06,3.4401268181916988e-06,151.31482539528855,0.619140625
16140000,25,0.0063842701851782304,0.0005952509821125736,57.89019318432785,1.0618434247184315e-05,4.4110720682494e-06,151.29555948491824,0.623046875
16150000,25,0.006371946453483249,0.0005093443341370776,58.62602264376942,1.100350482958024e-05,4.795873523596289e-06,151.34226220165536,0.6240234375
16160000,25,0.006398846864848766,0.0005310195929182082,58.678274002180416,1.085366051010679e-05,4.645955492626012e-06,151.33530587183037,0.625
16170000,25,0.006228092726852704,0.0003599317637539701,58.68161115289455,8.433631636489134e-06,2.226630437868424e-06,151.30545268151144,0.6220703125
16180000,25,0.006235482428325662,0.00037954132056779085,58.559412754833296,9.610066429348257e-06,3.4024564806710522e-06,151.31847481675848,0.623046875
16190000,25,0.0058998232235740015,0.00012904678370400866,57.70776567304103,7.383422309837442e-06,1.176394641226688e-06,151.35336807303673,0.6181640625
16200000,25,0.006591059948165279,0.0007422162822082924,58.48843819967391,9.778524644635545e-06,3.5715258394579978e-06,151.29227104957596,0.619140625
16210000,25,0.006388674881270049,0.0005579432182701408,58.30731797396847,9.447976326888637e-06,3.2407401308821016e-06,151.2893496367053,0.6181640625
16220000,25,0.0064296844753386935,0.0006438003319098484,57.85884282063544,1.1464339402615939e-05,5.257295009601681e-06,151.32178618546072,0.625
16230000,25,0.006380703670620471,0.0005530990282319115,58.27604788082538,1.1639901363161096e-05,5.432801702729811e-06,151.3384415693434,0.619140625
16240000,25,0.006923481435551574,0.0010981807371101624,58.253008237512326,1.8801178771112587e-05,1.259366891631482e-05,151.3366127574849,0.625
16250000,25,0.0064416000626891295,0.0005961266214336941,58.45473608768865,1.2923245031855837e-05,6.71634411709017e-06,151.34210676017642,0.625
16260000,25,0.006512087754067798,0.0005953730498203648,59.167148879055254,1.1645198676607846e-05,5.438035500816338e-06,151.3210553824486,0.62109375
16270000,25,0.0061387914111518975,0.0003126575327196311,58.261340211549154,9.109031341930941e-06,2.902597354521631e-06,151.3335516285805,0.619140625
16280000,25,0.006327001847549611,0.0004802965791031291,58.46705422879546,9.059386825263843e-06,2.8526931242925155e-06,151.31758613805133,0.619140625
16290000,25,0.006054143453509068,0.00022492231084596609,58.29221301976965,9.57135117804431e-06,3.364840048454518e-06,151.3587171773877,0.626953125
16300000,25,0.006077565687575987,0.0002593448744771752,58.18220960867495,8.556434329292559e-06,2.3498720180627504e-06,151.35282749433824,0.6201171875
16310000,25,0.00674191495099071,0.0008844430572432191,58.57472049780939,1.3964250251836125e-05,7.757960273373043e-06,151.3071274031146,0.6162109375
16320000,25,0.007066945123641546,0.0012323190313670203,58.34626223117282,1.9289073627537513e-05,1.3081628161096842e-05,151.31066873481305,0.6123046875
16330000,25,0.005982850074947954,0.0001752911570415254,58.075590871789956,7.2583053843802175e-06,1.0516737021016388e-06,151.2751037430056,0.6123046875
16340000,25,0.006391206998059459,0.0005776670205534126,58.135401169079906,1.0386175260852499e-05,4.179315699472266e-06,151.29386273120605,0.615234375
16350000,25,0.006137328161265458,0.0003020877581333116,58.35240565059131,1.0534085941665162e-05,4.3278007612726235e-06,151.3229211840519,0.615234375
16360000,25,0.0061725121067162615,0.00030158203759879046,58.709302089766986,8.49800884569753e-06,2.2915511864884267e-06,151.30756570419402,0.62109375
16370000,25,0.0060334696464530305,0.00015921022626034847,58.74259529990152,7.040985667336495e-06,8.347977057444798e-07,151.3281672003964,0.619140625
16380000,25,0.006334595584484603,0.0004953788791766157,58.39216843157777,1.0983244884482422e-05,4.7772701601903285e-06,151.31974191896003,0.62109375
16390000,25,0.006308500903359466,0.0004430457742400015,58.65455259497877,1.1221900958686837e-05,5.0159079311456115e-06,151.33773924103434,0.619140625
16400000,25,0.00657544690814273,0.0007237773752950106,58.51669662962727,1.1502559552619357e-05,5.296782801065403e-06,151.30356845146156,0.619140625
16410000,25,0.006778794916285854,0.0009320884947814237,58.46706544839871,1.525227051712341e-05,9.046937744625638e-06,151.32601335837904,0.6201171875
16420000,25,0.005875665149415352,4.1229472219542394e-05,58.344358348140986,6.638414494440124e-06,4.3238613648640796e-07,151.35496714586031,0.6201171875
16430000,25,0.006108496788362392,0.0002985558953604468,58.09941043720193,7.75996507792966e-06,1.5540364842402872e-06,151.2927118731768,0.615234375
16440000,25,0.0069456743114249,0.0010645255845593358,58.811488863016066,1.868416833058351e-05,1.2478061087458649e-05,151.31567248704468,0.6201171875
16450000,25,0.006415688607726713,0.0006255871543567937,57.90101612036318,1.3399420924846761e-05,7.193775650190667e-06,151.3265131599522,0.62109375
16460000,25,0.006382246114129244,0.0004964625560924573,58.85783717865175,1.0636686248728275e-05,4.430606837863321e-06,151.34856801924096,0.6181640625
16470000,25,0.005988266464706085,0.00011591440822375272,58.72352250501077,6.776838157855026e-06,5.711806386477503e-07,151.30467222702995,0.61328125
16480000,25,0.006434456839592761,0.0005940231754866974,58.40433813470344,1.1760359494232262e-05,5.554686052878539e-06,151.32455035367062,0.6162109375
16490000,25,0.006764324947635001,0.0008758051967641143,58.88519876616842,1.580620172325463e-05,9.600341123295114e-06,151.35413235361278,0.6240234375
16500000,25,0.006201558936813812,0.00035332810968609775,58.48230987927874,8.67620325102631e-06,2.470437562983985e-06,151.31770494927758,0.6220703125
16510000,25,0.006623149724763206,0.0008031484637668283,58.200013776027525,1.4936176136206234e-05,8.730472996720329e-06,151.31345493563245,0.62109375
16520000,25,0.005992689691858108,0.00018204697564552693,58.10642865218235,7.491298695787315e-06,1.2858729579996807e-06,151.32810786207327,0.62109375
16530000,25,0.006307560425460556,0.00047320626062255424,58.343543148122045,1.2708067781365177e-05,6.502572687798005e-06,151.34682107379655,0.625
16540000,25,0.006514607775791965,0.0006867848114702615,58.27823088270114,1.3945543733192537e-05,7.740762175938799e-06,151.34655276710805,0.6181640625
16550000,25,0.006496224745293052,0.0006517406055434611,58.44484263063994,1.1445263853414942e-05,5.2395082195917294e-06,151.26898851285227,0.619140625
16560000,25,0.006290262499880439,0.00041278563419414873,58.77477028870759,9.287860640478324e-06,3.0824257406194065e-06,151.30324977265855,0.615234375
16570000,25,0.006453071928488818,0.0006569374199483984,57.96134629086976,1.1447258005538149e-05,5.242144554744714e-06,151.30241556679795,0.62109375
16580000,25,0.0059596563514501995,0.0001066837153491508,58.529727977008214,7.257849505434249e-06,1.0525948977128063e-06,151.33984604502848,0.623046875
16590000,25,0.006242049346947877,0.00039664368484484724,58.454058433223906,9.452668687311115e-06,3.2475808916073085e-06,151.318657562401,0.6259765625
16600000,25,0.006383089079618376,0.0005372889250433874,58.458003254458596,9.468547603388175e-06,3.2631300938960477e-06,151.31324970663636,0.623046875
16610000,25,0.00621265300618873,0.00035534856822537166,58.57304594760703,8.578160552745278e-06,2.3730932169120916e-06,151.29124449952442,0.615234375
16620000,25,0.0061522664524488535,0.0003541636554969237,57.98102961211255,9.235139154876512e-06,3.0294974859478663e-06,151.31517863140434,0.6220703125
16630000,25,0.0062324546575378776,0.00042487341270660385,58.0758139768922,9.221714310645185e-06,3.016251097739878e-06,151.32197735698986,0.623046875
16640000,25,0.005935422511640661,8.210584345203139e-05,58.53316825729065,6.951113470795347e-06,7.458433423567743e-07,151.3578002930144,0.6279296875
16650000,25,0.006599818982090842,0.0007940867595926174,58.05732356353651,1.1632456341798024e-05,5.427590096222306e-06,151.30298935176708,0.6142578125
16660000,25,0.006733259312828729,0.0008674933562493099,58.65766081567834,1.606372497964543e-05,9.859085997931529e-06,151.3376015953514,0.619140625
16670000,25,0.006131688509562401,0.00028653559696025595,58.45153060860278,8.813772382875117e-06,2.6086642070190807e-06,151.3070094007131,0.623046875
16680000,25,0.007213496798289595,0.0013728536573548121,58.4064331471322,1.9702684095740212e-05,1.349915050234301e-05,151.26564821762628,0.6171875
16690000,25,0.00655315566952907,0.0006702721433287332,58.828836822952724,1.3273268831309727e-05,7.068558599594681e-06,151.30041680536087,0.6201171875
16700000,25,0.006828665880709623,0.0009216409682682484,59.07025023224925,1.458736183662356e-05,8.38294719640252e-06,151.31417938573708,0.6201171875
16710000,25,0.006500358445149505,0.000651944209644924,58.484143970641185,1.2521907067749695e-05,6.317345635462047e-06,151.35370779355372,0.623046875
16720000,25,0.006088937456042973,0.00027703035394196666,58.11907247228404,8.623845322875319e-06,2.419141171175548e-06,151.30761526546536,0.62109375
16730000,25,0.007427471409481616,0.0015616763799722086,58.657952165018536,2.5647476192008514e-05,1.9442646378001838e-05,151.25927405263127,0.6162109375
16740000,25,0.0059182626346230924,7.230418807651246e-05,58.45958562932251,6.7524448066646355e-06,5.477847981107091e-07,151.3144410241838,0.6220703125
16750000,26,0.006131296387771615,0.0002676422397620747,58.63654282052702,8.507820503040668e-06,2.3031735921158594e-06,151.31626483420166,0.6181640625
16760000,26,0.0073518583413044805,0.0014811920676206355,58.70666440075671,2.22771281929832e-05,1.607250395225099e-05,151.27964197879732,0.6162109375
16770000,26,0.006293830923488384,0.0004242383351461491,58.69592761527068,1.0993890888442705e-05,4.789625833235424e-06,151.35614233300637,0.62109375
16780000,26,0.006138357383609043,0.0002849070339993503,58.53450489334649,9.250344407759813e-06,3.0456955891230653e-06,151.3156478414029,0.6220703125
16790000,26,0.00595364973673,7.297630922882022e-05,58.806735589157995,7.4964794810191765e-06,1.2919438930969636e-06,151.3583337529003,0.619140625
16800000,26,0.006954846142150414,0.0011270444013401482,58.27801864172537,1.656208214439765e-05,1.0356252591806035e-05,151.33292792077583,0.6220703125
16810000,26,0.006629947984580113,0.0007484964129583666,58.81451710036908,1.1995030392770523e-05,5.790665718545083e-06,151.27784826620638,0.619140625
16820000,26,0.006126168584812199,0.0002784042594698106,58.47764483550767,8.987758038151532e-06,2.783606546736045e-06,151.32544290658134,0.62109375
16830000,26,0.006528724212339421,0.0007066660164008339,58.22058346640076,1.0345585697891283e-05,4.1411392198794516e-06,151.29797149621874,0.619140625
16840000,26,0.006302852682587988,0.00045147602014043974,58.51376804687313,9.463797411719057e-06,3.259378477280959e-06,151.29629889365137,0.6220703125
16850000,26,0.006478774026857088,0.000661001731941943,58.1777243201504,1.066144333877987e-05,4.457495357049076e-06,151.31379762911314,0.6162109375
16860000,26,0.006378943114586091,0.0005259857751859885,58.5295747960116,1.335832210534214e-05,7.154738626864605e-06,151.37550637553252,0.6240234375
16870000,26,0.006483455933656245,0.000650282942788533,58.331731750940925,1.098975003109981e-05,4.785837630374584e-06,151.31556534406658,0.625
16880000,26,0.006123830452137813,0.00027132983040843446,58.52500797205091,9.671930200675766e-06,3.467730549700943e-06,151.33324980019773,0.623046875
16890000,26,0.006138705261188921,0.00029815039796763786,58.40555025833235,7.724648822500095e-06,1.5204605484737442e-06,151.29904724722178,0.6181640625
16900000,26,0.006540427535774398,0.0007465165656699809,57.93911120318284,1.1348477479380889e-05,5.144926333509257e-06,151.29529735040572,0.6171875
16910000,26,0.0068225632577367515,0.0010045353241921193,58.18028106962203,1.2434514932137086e-05,6.230009380359639e-06,151.21685897017878,0.6181640625
16920000,26,0.006129368834432871,0.00032830450834229216,58.010644841184934,1.0079057236494122e-05,3.875327978336229e-06,151.36410295526917,0.625
16930000,26,0.006063980753957193,0.00016905382043970644,58.949270604348676,7.4453279697432306e-06,1.2415491143199205e-06,151.32635122940314,0.6171875
16940000,26,0.006176185944853106,0.00036503304711988087,58.11153061591785,8.336795469717234e-06,2.1330879801862566e-06,151.30776575223425,0.6220703125
16950000,26,0.007892751752386365,0.002050709829604822,58.420420492729306,2.22007789536669e-05,1.599804851593659e-05,151.27574240797097,0.6201171875
16960000,26,0.006644348361171336,0.0008122462230276939,58.32102258871267,1.3998119116438832e-05,7.794347514422885e-06,151.33561107889335,0.6259765625
16970000,26,0.0075347931243728555,0.001723012603010084,58.11780643482587,2.1481344668266336e-05,1.5277431688608762e-05,151.262200014965,0.6181640625
16980000,26,0.006352431360263776,0.0005036755662293986,58.487559493702626,1.3012260102871416e-05,6.809331987601205e-06,151.34475504527495,0.6220703125
16990000,26,0.006195347914813296,0.0003428275424671081,58.525205086374726,9.01220448735404e-06,2.8086851941818234e-06,151.31705623772572,0.6181640625
17000000,26,0.006516736170339612,0.0006764614689180507,58.40274852900234,1.3185939211284664e-05,6.982066737908748e-06,151.3017985733392,0.62109375
17010000,26,0.0061992204012145564,0.0004004174361998911,57.98803112713137,9.20103332659829e-06,2.9976753152019526e-06,151.3257094566789,0.6220703125
17020000,26,0.006303976143223884,0.0004798445282253536,58.2413179346043,1.122859030593588e-05,5.02583542201229e-06,151.29628253868165,0.619140625
17030000,26,0.007261072519313499,0.0014189627254734348,58.42109947414107,1.8730704720047815e-05,1.2527511006934167e-05,151.2602910041399,0.615234375
17040000,26,0.006542147665833144,0.0006491435182622913,58.930042647031755,1.183747866958048e-05,5.633721250028895e-06,151.34065411974822,0.6201171875
17050000,26,0.006296234669909627,0.00048407518858696423,58.12159604131691,1.0843371102222764e-05,4.639795806554737e-06,151.32315651109573,0.6171875
17060000,26,0.005963222004926518,0.00012250449909996755,58.4071765180016,6.690004724781387e-06,4.865866864407736e-07,151.33420515992967,0.62109375
17070000,26,0.006279498732350086,0.0004193578986996149,58.60140990121159,1.1596365560193661e-05,5.393240401077204e-06,151.35250800533484,0.623046875
17080000,26,0.006441378880442321,0.0006244586278907326,58.16920434633577,9.67149656227562e-06,3.4682609229418585e-06,151.28313077822358,0.6201171875
17090000,26,0.006248684436241278,0.00037542098662363306,58.73263603077234,1.1273262593994279e-05,5.070433543571368e-06,151.32126133242264,0.62109375
17100000,26,0.006189789914772228,0.00039697581810737176,57.928142119166765,1.0773061870085025e-05,4.5702931615149555e-06,151.34552775051046,0.6259765625
17110000,26,0.00801237764395658,0.002166074608087182,58.463032209435916,2.7967644716010533e-05,2.1763451123265918e-05,151.23887918034038,0.6201171875
17120000,26,0.006709482696950525,0.0008958647395101123,58.13618116016785,1.425499008085954e-05,8.05214129094148e-06,151.30344220674849,0.626953125
17130000,26,0.006078469870277964,0.00025693558295571795,58.215344415962726,7.95470969672113e-06,1.7518049326618273e-06,151.31731156832888,0.62890625
17140000,26,0.006092335089298554,0.00022660659449520411,58.65728596714677,7.933092751846912e-06,1.7303854144542619e-06,151.32882866384816,0.62890625
17150000,26,0.006643451755492387,0.0008402695171467162,58.03182386187272,1.0093234628991523e-05,3.8902215206123665e-06,151.2508498068107,0.6220703125
17160000,26,0.006577563799112183,0.0007102047917359093,58.67359154267111,1.3486502161189835e-05,7.284628270094008e-06,151.30763626218206,0.62109375
17170000,26,0.006204652081018631,0.0003942865650583431,58.10365690412793,9.699685942945399e-06,3.4978345012319823e-06,151.32351767629464,0.6240234375
17180000,26,0.006106094389002401,0.00030558960597292987,58.00504915562478,1.0970480188261668e-05,4.768453049256474e-06,151.3395691772079,0.625
17190000,26,0.006137131466892248,0.0003192194488336061,58.1791215868578,8.61907085933453e-06,2.41676307737382e-06,151.3138581390187,0.6240234375
17200000,26,0.00624762947301139,0.0004383157460903037,58.093138598080685,9.315330851599643e-06,3.1125001417875804e-06,151.3169603587189,0.625
17210000,26,0.006323088004625763,0.0005010465272465754,58.22041612829723,1.0299447217919707e-05,4.09661297547864e-06,151.2716403113733,0.6220703125
17220000,26,0.00609838858079158,0.00028445064258960626,58.139380366221815,9.13145707371932e-06,2.9286770026858598e-06,151.3279417874112,0.62109375
17230000,26,0.00643288960169472,0.0005763862569981478,58.565035150127095,1.2818802270618086e-05,6.61719438391825e-06,151.29469883128525,0.62109375
17240000,26,0.006803912306158066,0.0009450196438655417,58.588928356874554,1.2492914879339035e-05,6.290399400558291e-06,151.2839745807736,0.62109375
17250000,26,0.006227136575292589,0.0004008558187435188,58.26280872128649,9.599996706610645e-06,3.397736686919415e-06,151.3101168477167,0.6201171875
17260000,26,0.00612365644737426,0.00031275674577321973,58.10899829988536,7.74709438138662e-06,1.5445115160867508e-06,151.30585948999146,0.6201171875
17270000,26,0.006006346433516781,0.00015568427433883668,58.50662248698967,7.849044151181006e-06,1.6465599696961994e-06,151.3444094224522,0.6240234375
17280000,26,0.006378135929340598,0.0005540005224351811,58.241355521703454,1.175382914614549e-05,5.552187774417348e-06,151.3224461169738,0.6220703125
17290000,26,0.0070739157081654,0.0012200990220755277,58.538168201367334,1.881903264441867e-05,1.261650011976024e-05,151.29900097459213,0.6220703125
17300000,26,0.0065601874699350565,0.0007257132160241456,58.34474411595871,1.3045880181416478e-05,6.844204767741802e-06,151.29365457488635,0.623046875
17310000,26,0.006472741692263036,0.0006473368560345494,58.25404998373641,1.2624704743403917e-05,6.422722676219668e-06,151.32968206368295,0.6240234375
17320000,26,0.006763233214211334,0.0009547688441150333,58.08464521038459,1.4994566071579353e-05,8.792257597147453e-06,151.27373499688946,0.623046875
17330000,26,0.006161995944107679,0.0003623884358476988,57.99607640065186,1.0174395146373897e-05,3.972707379720798e-06,151.33067153145967,0.623046875
17340000,26,0.006545300673635521,0.0006583099171469002,58.86990925168947,1.091508493149148e-05,4.712797685780319e-06,151.27532645457475,0.623046875
17350000,26,0.006592421731521153,0.0007524780318669242,58.39943825611665,1.2135694118328588e-05,5.932908055869761e-06,151.3304665282481,0.623046875
17360000,26,0.006459191366016046,0.0006401485025873165,58.19043018220727,1.102516085892352e-05,4.822742807458047e-06,151.31100133740915,0.6220703125
17370000,26,0.006614048823473287,0.00079693905824543,58.17109903262431,1.6638517657731634e-05,1.0436858418347513e-05,151.35105585983192,0.6279296875
17380000,26,0.006685589882060498,0.0007913378049625787,58.9425224811814,1.4608787400499889e-05,8.40784469926982e-06,151.30128273084148,0.6220703125
17390000,26,0.006309004494206298,0.000448868764969834,58.601359213139105,1.1948501981827055e-05,5.746417819652994e-06,151.33672089033553,0.6279296875
17400000,26,0.006813456490635628,0.000899159504827394,59.142971370855484,1.2715128300794303e-05,6.512757654743679e-06,151.29671849808327,0.6220703125
17410000,26,0.0071589780205566726,0.0012845528829237764,58.74425303925066,1.7971064046323733e-05,1.1769245156307342e-05,151.25702928619683,0.623046875
17420000,26,0.005915788447730125,0.00011390277048298337,58.018857963355075,7.781822723193407e-06,1.580373544174066e-06,151.3316112138608,0.6240234375
17430000,26,0.006440247638810569,0.0006558833127329008,57.84364463526668,1.3338908601899998e-05,7.137293096050164e-06,151.32119573039728,0.6240234375
17440000,26,0.0062166478919450955,0.0003700374101724213,58.4661064294313,9.808495350694889e-06,3.6063346660705132e-06,151.32067380521974,0.6240234375
17450000,26,0.006354688101319897,0.0005046156156195838,58.50072654069401,1.0916084406604976e-05,4.714814363123938e-06,151.30030110209216,0.623046875
17460000,27,0.006803945956364303,0.0009176897770531982,58.86256323605881,1.2493611802725343e-05,6.291764180934912e-06,151.2638535148947,0.6240234375
17470000,27,0.006518689388688677,0.0006797364064267166,58.389531367933486,1.316087938575842e-05,6.9599738271607265e-06,151.29204703146692,0.625
17480000,27,0.006620554717413019,0.0007902467188621127,58.30308152760684,1.4528712019644501e-05,8.328036443963572e-06,151.27638783188488,0.623046875
17490000,27,0.006295485651603519,0.00047598678723385137,58.19499003352325,9.679850957353488e-06,3.4784667915856193e-06,151.3048096460532,0.623046875
17500000,27,0.006646252030445175,0.0008075231704439292,58.38728958974875,1.4459944312983138e-05,8.258857825430546e-06,151.31954881050783,0.623046875
17510000,27,0.006042079415052543,0.00019186356957536668,58.50215989393443,8.491488500867414e-06,2.2902296561943933e-06,151.33468946539034,0.623046875
17520000,27,0.006401151400243166,0.0005518723659119785,58.49279176617584,1.0733502612873552e-05,4.531889469410202e-06,151.30630801874162,0.623046875
17530000,27,0.006098818811592147,0.00022597845701239038,58.72840505237894,9.39560380902411e-06,3.1941619240955375e-06,151.34037779301823,0.6240234375
17540000,27,0.007258741290578627,0.00144682436662913,58.11917056984004,2.158949740196266e-05,1.538861550788338e-05,151.31376798250864,0.623046875
17550000,27,0.006001603041114452,0.00017604672813324916,58.25556454008271,7.140729403974838e-06,9.395605312526181e-07,151.32185651846652,0.623046875
17560000,27,0.006434103199482482,0.0006018053018557617,58.32298080393738,1.547548524594433e-05,9.274098765083868e-06,151.2962138281089,0.623046875
17570000,27,0.006496370060432306,0.0006380177925641502,58.583523890701144,1.1091598209909259e-05,4.890788652982241e-06,151.3064498546891,0.623046875
17580000,27,0.006205072603682809,0.0003501480459867323,58.54924684958598,1.0743365867174227e-05,4.542223795743618e-06,151.29088986618675,0.6240234375
17590000,27,0.006543386891794084,0.000682659387211617,58.60727643520247,1.3539799351575744e-05,7.338710262723012e-06,151.30718561421185,0.623046875
17600000,27,0.006320626848680231,0.0004906768450597968,58.29950140090374,1.192965457870787e-05,5.728453395934246e-06,151.3462658074019,0.6240234375
17610000,27,0.006413854451959726,0.0006085191497608571,58.05335489319564,1.0800556156381102e-05,4.600153360142771e-06,151.30434674476513,0.623046875
17620000,27,0.006864144916676408,0.001091118032299724,57.73027005239847,1.5319566377225688e-05,9.119177541168389e-06,151.32127899458948,0.623046875
17630000,27,0.005988149501257974,0.00016220656079845737,58.25943082451648,7.982041599933368e-06,1.7812202997028368e-06,151.34368817066542,0.623046875
17640000,27,0.006162267335740518,0.00030212322519440464,58.60144261132054,8.742523585606436e-06,2.5418721760842853e-06,151.33009517857792,0.6220703125
17650000,27,0.006411230546269049,0.0005964132215176633,58.14817481112972,1.1469940704616293e-05,5.269338270799413e-06,151.3212211877465,0.623046875
17660000,27,0.006135978565240795,0.00033525615337216407,58.00722553293534,1.0635087334005014e-05,4.434439089796598e-06,151.34551946009827,0.6220703125
17670000,27,0.005971603946833342,0.00010540305808183335,58.6620103024306,6.8252121307861305e-06,6.245598559869544e-07,151.31772788346802,0.6220703125
17680000,27,0.006229289356815837,0.00037535657311104574,58.53932938390486,9.158609407636007e-06,2.9580761399250363e-06,151.33125977985293,0.6220703125
17690000,27,0.006132014159389039,0.00031188103234747877,58.201332828514495,7.984428598787353e-06,1.7834642720486808e-06,151.3056209199405,0.6220703125
17700000,27,0.006075772684940401,0.00026857310563134555,58.07199741990034,8.269551832239572e-06,2.068769239409622e-06,151.3198315791162,0.623046875
17710000,27,0.006752761865648049,0.0009074797612738943,58.452822771403746,1.2258250888311432e-05,6.0571685299287054e-06,151.2820679586221,0.6220703125
17720000,27,0.006296431648324768,0.00047111432048383653,58.25317470378068,8.925871684556227e-06,2.7254683326074674e-06,151.29930145164747,0.623046875
17730000,27,0.007118138416954728,0.0012821399114031455,58.35998638876124,1.7037474467358628e-05,1.0836881011338121e-05,151.28326860345558,0.6220703125
