Device: cuda
Trajectories total=100, train=80, val=20
Loading training data...
  train: 80 files, 90,026,106 nodes
Loading validation data...
  val: 20 files, 22,194,747 nodes
  Normalized: mean=0.0164  std=2.1321 (per-dim, training set)
Resuming from checkpoints_rand_1e-4_resume/sae_best.pt
  Resumed at step=1980000, epoch=4, lam=0.0001 -> now using lam=0.0001

Starting training: batch_size=128, val_every=10000 steps, patience=20 evals

[step 1990000 | ep 5] train_loss=6.6091e-03  train_recon=3.4441e-04  train_L1=6.2647e+01  val_loss=1.0923e-05  val_mse=4.2793e-06  val_L0=160.9  dead=0.492
  -> saved training curves to checkpoints_rand_1e-4_p20/training_curves.png
  -> saved best checkpoint (val_loss=1.0923e-05)
[step 2000000 | ep 5] train_loss=6.4752e-03  train_recon=2.3271e-04  train_L1=6.2424e+01  val_loss=8.5481e-06  val_mse=1.9052e-06  val_L0=160.9  dead=0.504
  -> saved training curves to checkpoints_rand_1e-4_p20/training_curves.png
  -> saved best checkpoint (val_loss=8.5481e-06)
[step 2010000 | ep 5] train_loss=6.7983e-03  train_recon=5.3993e-04  train_L1=6.2584e+01  val_loss=1.0230e-05  val_mse=3.5882e-06  val_L0=160.7  dead=0.501
  -> saved training curves to checkpoints_rand_1e-4_p20/training_curves.png
  -> no loss improvement (1/20)
[step 2020000 | ep 5] train_loss=8.4218e-03  train_recon=2.1186e-03  train_L1=6.3032e+01  val_loss=2.7302e-05  val_mse=2.0663e-05  val_L0=160.4  dead=0.508
  -> saved training curves to checkpoints_rand_1e-4_p20/training_curves.png
  -> no loss improvement (2/20)
[step 2030000 | ep 5] train_loss=6.4645e-03  train_recon=2.2645e-04  train_L1=6.2381e+01  val_loss=7.8751e-06  val_mse=1.2365e-06  val_L0=160.6  dead=0.506
  -> saved training curves to checkpoints_rand_1e-4_p20/training_curves.png
  -> saved best checkpoint (val_loss=7.8751e-06)
[step 2040000 | ep 5] train_loss=7.1908e-03  train_recon=9.1082e-04  train_L1=6.2800e+01  val_loss=1.6111e-05  val_mse=9.4739e-06  val_L0=159.6  dead=0.529
  -> saved training curves to checkpoints_rand_1e-4_p20/training_curves.png
  -> no loss improvement (1/20)
[step 2050000 | ep 5] train_loss=6.9083e-03  train_recon=6.3201e-04  train_L1=6.2763e+01  val_loss=1.4540e-05  val_mse=7.9057e-06  val_L0=158.8  dead=0.532
  -> saved training curves to checkpoints_rand_1e-4_p20/training_curves.png
  -> no loss improvement (2/20)
[step 2060000 | ep 5] train_loss=7.9925e-03  train_recon=1.6979e-03  train_L1=6.2947e+01  val_loss=2.0733e-05  val_mse=1.4099e-05  val_L0=158.7  dead=0.534
  -> saved training curves to checkpoints_rand_1e-4_p20/training_curves.png
  -> no loss improvement (3/20)
[step 2070000 | ep 5] train_loss=7.1523e-03  train_recon=8.6755e-04  train_L1=6.2847e+01  val_loss=1.5353e-05  val_mse=8.7208e-06  val_L0=158.7  dead=0.545
  -> saved training curves to checkpoints_rand_1e-4_p20/training_curves.png
  -> no loss improvement (4/20)
[step 2080000 | ep 5] train_loss=7.3068e-03  train_recon=1.0593e-03  train_L1=6.2475e+01  val_loss=1.1514e-05  val_mse=4.8819e-06  val_L0=158.4  dead=0.547
  -> saved training curves to checkpoints_rand_1e-4_p20/training_curves.png
  -> no loss improvement (5/20)
[step 2090000 | ep 5] train_loss=6.7076e-03  train_recon=4.5487e-04  train_L1=6.2527e+01  val_loss=1.1494e-05  val_mse=4.8658e-06  val_L0=158.6  dead=0.558
  -> saved training curves to checkpoints_rand_1e-4_p20/training_curves.png
  -> no loss improvement (6/20)
[step 2100000 | ep 5] train_loss=6.7274e-03  train_recon=4.8892e-04  train_L1=6.2385e+01  val_loss=1.1109e-05  val_mse=4.4829e-06  val_L0=158.6  dead=0.560
  -> saved training curves to checkpoints_rand_1e-4_p20/training_curves.png
  -> no loss improvement (7/20)
[step 2110000 | ep 5] train_loss=6.8633e-03  train_recon=6.6002e-04  train_L1=6.2033e+01  val_loss=1.1849e-05  val_mse=5.2240e-06  val_L0=158.7  dead=0.553
  -> saved training curves to checkpoints_rand_1e-4_p20/training_curves.png
  -> no loss improvement (8/20)
[step 2120000 | ep 5] train_loss=6.7982e-03  train_recon=5.5106e-04  train_L1=6.2471e+01  val_loss=1.3226e-05  val_mse=6.6029e-06  val_L0=158.7  dead=0.555
  -> saved training curves to checkpoints_rand_1e-4_p20/training_curves.png
  -> no loss improvement (9/20)
[step 2130000 | ep 5] train_loss=6.5330e-03  train_recon=2.8550e-04  train_L1=6.2475e+01  val_loss=8.8490e-06  val_mse=2.2263e-06  val_L0=158.7  dead=0.559
  -> saved training curves to checkpoints_rand_1e-4_p20/training_curves.png
  -> no loss improvement (10/20)
[step 2140000 | ep 5] train_loss=6.8574e-03  train_recon=6.2187e-04  train_L1=6.2355e+01  val_loss=1.1513e-05  val_mse=4.8915e-06  val_L0=158.7  dead=0.566
  -> saved training curves to checkpoints_rand_1e-4_p20/training_curves.png
  -> no loss improvement (11/20)
[step 2150000 | ep 5] train_loss=6.6296e-03  train_recon=3.4548e-04  train_L1=6.2841e+01  val_loss=1.0074e-05  val_mse=3.4538e-06  val_L0=158.7  dead=0.566
  -> saved training curves to checkpoints_rand_1e-4_p20/training_curves.png
  -> no loss improvement (12/20)
[step 2160000 | ep 5] train_loss=6.9920e-03  train_recon=7.2442e-04  train_L1=6.2676e+01  val_loss=1.4873e-05  val_mse=8.2545e-06  val_L0=158.7  dead=0.560
  -> saved training curves to checkpoints_rand_1e-4_p20/training_curves.png
  -> no loss improvement (13/20)
[step 2170000 | ep 5] train_loss=6.8040e-03  train_recon=5.4034e-04  train_L1=6.2637e+01  val_loss=1.2379e-05  val_mse=5.7632e-06  val_L0=158.5  dead=0.557
  -> saved training curves to checkpoints_rand_1e-4_p20/training_curves.png
  -> no loss improvement (14/20)
[step 2180000 | ep 5] train_loss=6.5024e-03  train_recon=2.4864e-04  train_L1=6.2538e+01  val_loss=8.7707e-06  val_mse=2.1558e-06  val_L0=158.7  dead=0.562
  -> saved training curves to checkpoints_rand_1e-4_p20/training_curves.png
  -> no loss improvement (15/20)
[step 2190000 | ep 5] train_loss=6.5263e-03  train_recon=2.8189e-04  train_L1=6.2444e+01  val_loss=9.5519e-06  val_mse=2.9385e-06  val_L0=158.7  dead=0.570
  -> saved training curves to checkpoints_rand_1e-4_p20/training_curves.png
  -> no loss improvement (16/20)
[step 2200000 | ep 5] train_loss=7.3042e-03  train_recon=1.0157e-03  train_L1=6.2885e+01  val_loss=1.1975e-05  val_mse=5.3621e-06  val_L0=157.9  dead=0.561
  -> saved training curves to checkpoints_rand_1e-4_p20/training_curves.png
  -> no loss improvement (17/20)
[step 2210000 | ep 5] train_loss=7.1972e-03  train_recon=9.2870e-04  train_L1=6.2685e+01  val_loss=1.6554e-05  val_mse=9.9433e-06  val_L0=157.7  dead=0.566
  -> saved training curves to checkpoints_rand_1e-4_p20/training_curves.png
  -> no loss improvement (18/20)
[step 2220000 | ep 5] train_loss=6.3430e-03  train_recon=1.0170e-04  train_L1=6.2413e+01  val_loss=7.4743e-06  val_mse=8.6496e-07  val_L0=157.8  dead=0.571
  -> saved training curves to checkpoints_rand_1e-4_p20/training_curves.png
  -> saved best checkpoint (val_loss=7.4743e-06)
[step 2230000 | ep 5] train_loss=6.3803e-03  train_recon=1.3476e-04  train_L1=6.2455e+01  val_loss=7.2305e-06  val_mse=6.2203e-07  val_L0=157.6  dead=0.562
  -> saved training curves to checkpoints_rand_1e-4_p20/training_curves.png
  -> saved best checkpoint (val_loss=7.2305e-06)
[step 2240000 | ep 5] train_loss=6.5853e-03  train_recon=2.8576e-04  train_L1=6.2996e+01  val_loss=8.6429e-06  val_mse=2.0366e-06  val_L0=157.6  dead=0.566
  -> saved training curves to checkpoints_rand_1e-4_p20/training_curves.png
  -> no loss improvement (1/20)
[step 2250000 | ep 5] train_loss=7.3120e-03  train_recon=1.1001e-03  train_L1=6.2118e+01  val_loss=1.3126e-05  val_mse=6.5195e-06  val_L0=157.5  dead=0.568
  -> saved training curves to checkpoints_rand_1e-4_p20/training_curves.png
  -> no loss improvement (2/20)
[step 2260000 | ep 5] train_loss=6.6829e-03  train_recon=4.0304e-04  train_L1=6.2798e+01  val_loss=1.0191e-05  val_mse=3.5869e-06  val_L0=157.5  dead=0.574
  -> saved training curves to checkpoints_rand_1e-4_p20/training_curves.png
  -> no loss improvement (3/20)
[step 2270000 | ep 5] train_loss=6.9317e-03  train_recon=6.9201e-04  train_L1=6.2397e+01  val_loss=1.3269e-05  val_mse=6.6672e-06  val_L0=157.4  dead=0.576
  -> saved training curves to checkpoints_rand_1e-4_p20/training_curves.png
  -> no loss improvement (4/20)
[step 2280000 | ep 5] train_loss=6.6473e-03  train_recon=3.5222e-04  train_L1=6.2950e+01  val_loss=1.0520e-05  val_mse=3.9202e-06  val_L0=157.5  dead=0.576
  -> saved training curves to checkpoints_rand_1e-4_p20/training_curves.png
  -> no loss improvement (5/20)
[step 2290000 | ep 5] train_loss=6.8369e-03  train_recon=6.1024e-04  train_L1=6.2267e+01  val_loss=1.1268e-05  val_mse=4.6693e-06  val_L0=157.5  dead=0.582
  -> saved training curves to checkpoints_rand_1e-4_p20/training_curves.png
  -> no loss improvement (6/20)
[step 2300000 | ep 5] train_loss=6.8068e-03  train_recon=5.4839e-04  train_L1=6.2584e+01  val_loss=1.0362e-05  val_mse=3.7640e-06  val_L0=157.4  dead=0.579
  -> saved training curves to checkpoints_rand_1e-4_p20/training_curves.png
  -> no loss improvement (7/20)
[step 2310000 | ep 5] train_loss=6.8017e-03  train_recon=5.2082e-04  train_L1=6.2809e+01  val_loss=1.1289e-05  val_mse=4.6932e-06  val_L0=157.4  dead=0.583
  -> saved training curves to checkpoints_rand_1e-4_p20/training_curves.png
  -> no loss improvement (8/20)
[step 2320000 | ep 5] train_loss=6.7691e-03  train_recon=5.2863e-04  train_L1=6.2405e+01  val_loss=1.0439e-05  val_mse=3.8447e-06  val_L0=157.4  dead=0.576
  -> saved training curves to checkpoints_rand_1e-4_p20/training_curves.png
  -> no loss improvement (9/20)
[step 2330000 | ep 5] train_loss=7.3336e-03  train_recon=1.0415e-03  train_L1=6.2922e+01  val_loss=1.6187e-05  val_mse=9.5935e-06  val_L0=157.3  dead=0.582
  -> saved training curves to checkpoints_rand_1e-4_p20/training_curves.png
  -> no loss improvement (10/20)
[step 2340000 | ep 5] train_loss=6.4686e-03  train_recon=2.6844e-04  train_L1=6.2001e+01  val_loss=8.2396e-06  val_mse=1.6476e-06  val_L0=157.4  dead=0.582
  -> saved training curves to checkpoints_rand_1e-4_p20/training_curves.png
  -> no loss improvement (11/20)
[step 2350000 | ep 5] train_loss=7.0324e-03  train_recon=8.0165e-04  train_L1=6.2307e+01  val_loss=1.8361e-05  val_mse=1.1771e-05  val_L0=157.3  dead=0.580
  -> saved training curves to checkpoints_rand_1e-4_p20/training_curves.png
  -> no loss improvement (12/20)
[step 2360000 | ep 5] train_loss=7.4000e-03  train_recon=1.1549e-03  train_L1=6.2451e+01  val_loss=1.7785e-05  val_mse=1.1195e-05  val_L0=157.3  dead=0.584
  -> saved training curves to checkpoints_rand_1e-4_p20/training_curves.png
  -> no loss improvement (13/20)
[step 2370000 | ep 5] train_loss=6.6663e-03  train_recon=4.4870e-04  train_L1=6.2176e+01  val_loss=8.8724e-06  val_mse=2.2845e-06  val_L0=157.4  dead=0.587
  -> saved training curves to checkpoints_rand_1e-4_p20/training_curves.png
  -> no loss improvement (14/20)
[step 2380000 | ep 5] train_loss=6.9821e-03  train_recon=7.7041e-04  train_L1=6.2117e+01  val_loss=1.0421e-05  val_mse=3.8338e-06  val_L0=157.3  dead=0.582
  -> saved training curves to checkpoints_rand_1e-4_p20/training_curves.png
  -> no loss improvement (15/20)
[step 2390000 | ep 5] train_loss=7.1518e-03  train_recon=9.5954e-04  train_L1=6.1923e+01  val_loss=1.7295e-05  val_mse=1.0711e-05  val_L0=157.3  dead=0.582
  -> saved training curves to checkpoints_rand_1e-4_p20/training_curves.png
  -> no loss improvement (16/20)
[step 2400000 | ep 5] train_loss=6.3997e-03  train_recon=1.8053e-04  train_L1=6.2192e+01  val_loss=8.3492e-06  val_mse=1.7653e-06  val_L0=157.5  dead=0.578
  -> saved training curves to checkpoints_rand_1e-4_p20/training_curves.png
  -> no loss improvement (17/20)
[step 2410000 | ep 5] train_loss=6.4136e-03  train_recon=1.7043e-04  train_L1=6.2431e+01  val_loss=8.7767e-06  val_mse=2.1946e-06  val_L0=157.4  dead=0.586
  -> saved training curves to checkpoints_rand_1e-4_p20/training_curves.png
  -> no loss improvement (18/20)
[step 2420000 | ep 5] train_loss=6.6260e-03  train_recon=4.0512e-04  train_L1=6.2208e+01  val_loss=9.1408e-06  val_mse=2.5599e-06  val_L0=157.4  dead=0.581
  -> saved training curves to checkpoints_rand_1e-4_p20/training_curves.png
  -> no loss improvement (19/20)
[step 2430000 | ep 5] train_loss=7.3181e-03  train_recon=1.0913e-03  train_L1=6.2268e+01  val_loss=1.5031e-05  val_mse=8.4509e-06  val_L0=157.3  dead=0.577
  -> saved training curves to checkpoints_rand_1e-4_p20/training_curves.png
  -> no loss improvement (20/20)
[step 2440000 | ep 5] train_loss=6.6195e-03  train_recon=3.8580e-04  train_L1=6.2337e+01  val_loss=9.6574e-06  val_mse=3.0792e-06  val_L0=157.3  dead=0.583
  -> saved training curves to checkpoints_rand_1e-4_p20/training_curves.png
  -> no loss improvement (21/20)
[step 2450000 | ep 5] train_loss=6.7421e-03  train_recon=5.2162e-04  train_L1=6.2205e+01  val_loss=8.6027e-06  val_mse=2.0254e-06  val_L0=157.0  dead=0.565
  -> saved training curves to checkpoints_rand_1e-4_p20/training_curves.png
  -> no loss improvement (22/20)
[step 2460000 | ep 5] train_loss=6.6724e-03  train_recon=4.2782e-04  train_L1=6.2446e+01  val_loss=9.0071e-06  val_mse=2.4317e-06  val_L0=156.4  dead=0.572
  -> saved training curves to checkpoints_rand_1e-4_p20/training_curves.png
  -> no loss improvement (23/20)
[step 2470000 | ep 5] train_loss=6.4397e-03  train_recon=2.2741e-04  train_L1=6.2123e+01  val_loss=8.5506e-06  val_mse=1.9756e-06  val_L0=156.5  dead=0.582
  -> saved training curves to checkpoints_rand_1e-4_p20/training_curves.png
  -> no loss improvement (24/20)
[step 2480000 | ep 5] train_loss=6.9148e-03  train_recon=6.8602e-04  train_L1=6.2288e+01  val_loss=1.2893e-05  val_mse=6.3209e-06  val_L0=156.4  dead=0.582
  -> saved training curves to checkpoints_rand_1e-4_p20/training_curves.png
  -> no loss improvement (25/20)
[step 2490000 | ep 5] train_loss=6.5264e-03  train_recon=2.8587e-04  train_L1=6.2405e+01  val_loss=8.4287e-06  val_mse=1.8565e-06  val_L0=156.5  dead=0.578
  -> saved training curves to checkpoints_rand_1e-4_p20/training_curves.png
  -> no loss improvement (26/20)
[step 2500000 | ep 5] train_loss=6.9323e-03  train_recon=6.7679e-04  train_L1=6.2555e+01  val_loss=1.3921e-05  val_mse=7.3503e-06  val_L0=156.5  dead=0.583
  -> saved training curves to checkpoints_rand_1e-4_p20/training_curves.png
  -> no loss improvement (27/20)
[step 2510000 | ep 5] train_loss=6.7412e-03  train_recon=5.2111e-04  train_L1=6.2201e+01  val_loss=1.0640e-05  val_mse=4.0706e-06  val_L0=156.5  dead=0.591
  -> saved training curves to checkpoints_rand_1e-4_p20/training_curves.png
  -> no loss improvement (28/20)
[step 2520000 | ep 5] train_loss=6.4201e-03  train_recon=2.0499e-04  train_L1=6.2151e+01  val_loss=7.8297e-06  val_mse=1.2616e-06  val_L0=156.5  dead=0.590
  -> saved training curves to checkpoints_rand_1e-4_p20/training_curves.png
  -> no loss improvement (29/20)
[step 2530000 | ep 5] train_loss=6.7531e-03  train_recon=5.2378e-04  train_L1=6.2293e+01  val_loss=1.2171e-05  val_mse=5.6041e-06  val_L0=156.5  dead=0.592
  -> saved training curves to checkpoints_rand_1e-4_p20/training_curves.png
  -> no loss improvement (30/20)
[step 2540000 | ep 5] train_loss=7.2537e-03  train_recon=9.9192e-04  train_L1=6.2618e+01  val_loss=1.5362e-05  val_mse=8.7955e-06  val_L0=156.4  dead=0.587
  -> saved training curves to checkpoints_rand_1e-4_p20/training_curves.png
  -> no loss improvement (31/20)
[step 2550000 | ep 5] train_loss=6.7724e-03  train_recon=5.7521e-04  train_L1=6.1972e+01  val_loss=1.2349e-05  val_mse=5.7852e-06  val_L0=156.5  dead=0.594
  -> saved training curves to checkpoints_rand_1e-4_p20/training_curves.png
  -> no loss improvement (32/20)
[step 2560000 | ep 5] train_loss=6.9400e-03  train_recon=7.5332e-04  train_L1=6.1867e+01  val_loss=1.3933e-05  val_mse=7.3692e-06  val_L0=156.4  dead=0.591
  -> saved training curves to checkpoints_rand_1e-4_p20/training_curves.png
  -> no loss improvement (33/20)
[step 2570000 | ep 5] train_loss=6.4378e-03  train_recon=2.4845e-04  train_L1=6.1893e+01  val_loss=9.3608e-06  val_mse=2.7988e-06  val_L0=156.5  dead=0.592
  -> saved training curves to checkpoints_rand_1e-4_p20/training_curves.png
  -> no loss improvement (34/20)
[step 2580000 | ep 5] train_loss=6.4082e-03  train_recon=2.2907e-04  train_L1=6.1791e+01  val_loss=9.5177e-06  val_mse=2.9566e-06  val_L0=156.5  dead=0.591
  -> saved training curves to checkpoints_rand_1e-4_p20/training_curves.png
  -> no loss improvement (35/20)
[step 2590000 | ep 5] train_loss=6.3873e-03  train_recon=2.5016e-04  train_L1=6.1371e+01  val_loss=7.7029e-06  val_mse=1.1431e-06  val_L0=156.5  dead=0.590
  -> saved training curves to checkpoints_rand_1e-4_p20/training_curves.png
  -> no loss improvement (36/20)
[step 2600000 | ep 5] train_loss=6.8020e-03  train_recon=6.0206e-04  train_L1=6.1999e+01  val_loss=1.3533e-05  val_mse=6.9748e-06  val_L0=156.4  dead=0.593
  -> saved training curves to checkpoints_rand_1e-4_p20/training_curves.png
  -> no loss improvement (37/20)
[step 2610000 | ep 5] train_loss=6.8046e-03  train_recon=5.3978e-04  train_L1=6.2648e+01  val_loss=9.8001e-06  val_mse=3.2418e-06  val_L0=156.3  dead=0.590
  -> saved training curves to checkpoints_rand_1e-4_p20/training_curves.png
  -> no loss improvement (38/20)
[step 2620000 | ep 5] train_loss=6.6696e-03  train_recon=4.8884e-04  train_L1=6.1808e+01  val_loss=1.0648e-05  val_mse=4.0921e-06  val_L0=156.4  dead=0.597
  -> saved training curves to checkpoints_rand_1e-4_p20/training_curves.png
  -> no loss improvement (39/20)
[step 2630000 | ep 5] train_loss=6.4764e-03  train_recon=3.2839e-04  train_L1=6.1480e+01  val_loss=1.0874e-05  val_mse=4.3201e-06  val_L0=156.4  dead=0.598
  -> saved training curves to checkpoints_rand_1e-4_p20/training_curves.png
  -> no loss improvement (40/20)
[step 2640000 | ep 5] train_loss=7.1293e-03  train_recon=8.8120e-04  train_L1=6.2481e+01  val_loss=1.5088e-05  val_mse=8.5344e-06  val_L0=156.4  dead=0.600
  -> saved training curves to checkpoints_rand_1e-4_p20/training_curves.png
  -> no loss improvement (41/20)
[step 2650000 | ep 5] train_loss=8.0745e-03  train_recon=1.8652e-03  train_L1=6.2093e+01  val_loss=1.9537e-05  val_mse=1.2984e-05  val_L0=156.2  dead=0.592
  -> saved training curves to checkpoints_rand_1e-4_p20/training_curves.png
  -> no loss improvement (42/20)
[step 2660000 | ep 5] train_loss=6.2285e-03  train_recon=7.8381e-05  train_L1=6.1502e+01  val_loss=7.3196e-06  val_mse=7.6848e-07  val_L0=156.5  dead=0.604
  -> saved training curves to checkpoints_rand_1e-4_p20/training_curves.png
  -> no loss improvement (43/20)
[step 2670000 | ep 5] train_loss=6.4911e-03  train_recon=2.9221e-04  train_L1=6.1989e+01  val_loss=9.2033e-06  val_mse=2.6535e-06  val_L0=156.4  dead=0.606
  -> saved training curves to checkpoints_rand_1e-4_p20/training_curves.png
  -> no loss improvement (44/20)
[step 2680000 | ep 5] train_loss=6.3202e-03  train_recon=1.1834e-04  train_L1=6.2019e+01  val_loss=7.4549e-06  val_mse=9.0602e-07  val_L0=156.4  dead=0.604
  -> saved training curves to checkpoints_rand_1e-4_p20/training_curves.png
  -> no loss improvement (45/20)
Epoch 5 done  (step=2683329)
[step 2690000 | ep 6] train_loss=6.3711e-03  train_recon=1.8186e-04  train_L1=6.1892e+01  val_loss=8.4951e-06  val_mse=1.9476e-06  val_L0=156.3  dead=0.605
  -> saved training curves to checkpoints_rand_1e-4_p20/training_curves.png
  -> no loss improvement (46/20)
[step 2700000 | ep 6] train_loss=7.3780e-03  train_recon=1.2062e-03  train_L1=6.1718e+01  val_loss=1.7432e-05  val_mse=1.0885e-05  val_L0=155.0  dead=0.601
  -> saved training curves to checkpoints_rand_1e-4_p20/training_curves.png
  -> no loss improvement (47/20)
[step 2710000 | ep 6] train_loss=6.4139e-03  train_recon=2.4273e-04  train_L1=6.1712e+01  val_loss=7.9346e-06  val_mse=1.3896e-06  val_L0=155.1  dead=0.601
  -> saved training curves to checkpoints_rand_1e-4_p20/training_curves.png
  -> no loss improvement (48/20)
[step 2720000 | ep 6] train_loss=6.5045e-03  train_recon=3.1505e-04  train_L1=6.1894e+01  val_loss=8.7081e-06  val_mse=2.1643e-06  val_L0=155.1  dead=0.602
  -> saved training curves to checkpoints_rand_1e-4_p20/training_curves.png
  -> no loss improvement (49/20)
[step 2730000 | ep 6] train_loss=7.1140e-03  train_recon=8.8774e-04  train_L1=6.2262e+01  val_loss=1.4578e-05  val_mse=8.0351e-06  val_L0=155.1  dead=0.594
  -> saved training curves to checkpoints_rand_1e-4_p20/training_curves.png
  -> no loss improvement (50/20)
[step 2740000 | ep 6] train_loss=7.0444e-03  train_recon=8.8069e-04  train_L1=6.1637e+01  val_loss=1.3039e-05  val_mse=6.4975e-06  val_L0=155.1  dead=0.602
  -> saved training curves to checkpoints_rand_1e-4_p20/training_curves.png
  -> no loss improvement (51/20)
[step 2750000 | ep 6] train_loss=6.6250e-03  train_recon=4.6099e-04  train_L1=6.1640e+01  val_loss=1.0484e-05  val_mse=3.9437e-06  val_L0=155.1  dead=0.604
  -> saved training curves to checkpoints_rand_1e-4_p20/training_curves.png
  -> no loss improvement (52/20)
[step 2760000 | ep 6] train_loss=7.0830e-03  train_recon=8.8098e-04  train_L1=6.2020e+01  val_loss=1.2746e-05  val_mse=6.2065e-06  val_L0=155.1  dead=0.606
  -> saved training curves to checkpoints_rand_1e-4_p20/training_curves.png
  -> no loss improvement (53/20)
[step 2770000 | ep 6] train_loss=7.2389e-03  train_recon=1.0155e-03  train_L1=6.2234e+01  val_loss=1.5450e-05  val_mse=8.9128e-06  val_L0=155.1  dead=0.605
  -> saved training curves to checkpoints_rand_1e-4_p20/training_curves.png
  -> no loss improvement (54/20)
[step 2780000 | ep 6] train_loss=7.1176e-03  train_recon=9.4351e-04  train_L1=6.1741e+01  val_loss=1.5305e-05  val_mse=8.7685e-06  val_L0=155.1  dead=0.604
  -> saved training curves to checkpoints_rand_1e-4_p20/training_curves.png
  -> no loss improvement (55/20)
[step 2790000 | ep 6] train_loss=6.7371e-03  train_recon=5.4126e-04  train_L1=6.1959e+01  val_loss=9.7026e-06  val_mse=3.1666e-06  val_L0=155.0  dead=0.600
  -> saved training curves to checkpoints_rand_1e-4_p20/training_curves.png
  -> no loss improvement (56/20)
[step 2800000 | ep 6] train_loss=6.7596e-03  train_recon=5.6926e-04  train_L1=6.1903e+01  val_loss=1.3260e-05  val_mse=6.7252e-06  val_L0=155.1  dead=0.601
  -> saved training curves to checkpoints_rand_1e-4_p20/training_curves.png
  -> no loss improvement (57/20)
[step 2810000 | ep 6] train_loss=6.3612e-03  train_recon=2.0319e-04  train_L1=6.1580e+01  val_loss=8.6902e-06  val_mse=2.1564e-06  val_L0=155.1  dead=0.604
  -> saved training curves to checkpoints_rand_1e-4_p20/training_curves.png
  -> no loss improvement (58/20)
[step 2820000 | ep 6] train_loss=6.4572e-03  train_recon=2.9762e-04  train_L1=6.1596e+01  val_loss=9.5188e-06  val_mse=2.9868e-06  val_L0=155.1  dead=0.602
  -> saved training curves to checkpoints_rand_1e-4_p20/training_curves.png
  -> no loss improvement (59/20)
[step 2830000 | ep 6] train_loss=6.4236e-03  train_recon=2.7552e-04  train_L1=6.1480e+01  val_loss=8.8250e-06  val_mse=2.2939e-06  val_L0=155.0  dead=0.610
  -> saved training curves to checkpoints_rand_1e-4_p20/training_curves.png
  -> no loss improvement (60/20)
[step 2840000 | ep 6] train_loss=6.5399e-03  train_recon=3.8763e-04  train_L1=6.1523e+01  val_loss=1.1751e-05  val_mse=5.2228e-06  val_L0=154.8  dead=0.611
  -> saved training curves to checkpoints_rand_1e-4_p20/training_curves.png
  -> no loss improvement (61/20)
[step 2850000 | ep 6] train_loss=6.4610e-03  train_recon=3.1452e-04  train_L1=6.1465e+01  val_loss=9.8546e-06  val_mse=3.3259e-06  val_L0=154.3  dead=0.609
  -> saved training curves to checkpoints_rand_1e-4_p20/training_curves.png
  -> no loss improvement (62/20)
[step 2860000 | ep 6] train_loss=7.0427e-03  train_recon=9.2201e-04  train_L1=6.1207e+01  val_loss=1.2206e-05  val_mse=5.6763e-06  val_L0=154.1  dead=0.605
  -> saved training curves to checkpoints_rand_1e-4_p20/training_curves.png
  -> no loss improvement (63/20)
[step 2870000 | ep 6] train_loss=7.1648e-03  train_recon=1.0057e-03  train_L1=6.1591e+01  val_loss=1.6535e-05  val_mse=1.0008e-05  val_L0=154.1  dead=0.608
  -> saved training curves to checkpoints_rand_1e-4_p20/training_curves.png
  -> no loss improvement (64/20)
[step 2880000 | ep 6] train_loss=6.2521e-03  train_recon=1.2198e-04  train_L1=6.1301e+01  val_loss=7.6317e-06  val_mse=1.1048e-06  val_L0=154.2  dead=0.606
  -> saved training curves to checkpoints_rand_1e-4_p20/training_curves.png
  -> no loss improvement (65/20)
[step 2890000 | ep 6] train_loss=6.5739e-03  train_recon=3.8993e-04  train_L1=6.1840e+01  val_loss=1.2181e-05  val_mse=5.6555e-06  val_L0=154.2  dead=0.606
  -> saved training curves to checkpoints_rand_1e-4_p20/training_curves.png
  -> no loss improvement (66/20)
[step 2900000 | ep 6] train_loss=6.7153e-03  train_recon=4.9853e-04  train_L1=6.2168e+01  val_loss=1.0069e-05  val_mse=3.5442e-06  val_L0=154.1  dead=0.609
  -> saved training curves to checkpoints_rand_1e-4_p20/training_curves.png
  -> no loss improvement (67/20)
[step 2910000 | ep 6] train_loss=7.1616e-03  train_recon=9.7193e-04  train_L1=6.1897e+01  val_loss=1.4666e-05  val_mse=8.1405e-06  val_L0=154.1  dead=0.602
  -> saved training curves to checkpoints_rand_1e-4_p20/training_curves.png
  -> no loss improvement (68/20)
[step 2920000 | ep 6] train_loss=6.7812e-03  train_recon=6.0478e-04  train_L1=6.1764e+01  val_loss=1.4145e-05  val_mse=7.6220e-06  val_L0=154.2  dead=0.609
  -> saved training curves to checkpoints_rand_1e-4_p20/training_curves.png
  -> no loss improvement (69/20)
[step 2930000 | ep 6] train_loss=6.4778e-03  train_recon=3.5867e-04  train_L1=6.1192e+01  val_loss=1.0870e-05  val_mse=4.3484e-06  val_L0=154.1  dead=0.612
  -> saved training curves to checkpoints_rand_1e-4_p20/training_curves.png
  -> no loss improvement (70/20)
[step 2940000 | ep 6] train_loss=6.9907e-03  train_recon=8.6383e-04  train_L1=6.1268e+01  val_loss=1.2371e-05  val_mse=5.8501e-06  val_L0=154.1  dead=0.612
  -> saved training curves to checkpoints_rand_1e-4_p20/training_curves.png
  -> no loss improvement (71/20)
[step 2950000 | ep 6] train_loss=6.5650e-03  train_recon=4.3897e-04  train_L1=6.1260e+01  val_loss=9.4313e-06  val_mse=2.9117e-06  val_L0=154.2  dead=0.609
  -> saved training curves to checkpoints_rand_1e-4_p20/training_curves.png
  -> no loss improvement (72/20)
[step 2960000 | ep 6] train_loss=6.4645e-03  train_recon=3.0550e-04  train_L1=6.1590e+01  val_loss=9.7837e-06  val_mse=3.2651e-06  val_L0=154.2  dead=0.614
  -> saved training curves to checkpoints_rand_1e-4_p20/training_curves.png
  -> no loss improvement (73/20)
[step 2970000 | ep 6] train_loss=6.4716e-03  train_recon=3.0218e-04  train_L1=6.1694e+01  val_loss=9.9857e-06  val_mse=3.4675e-06  val_L0=154.2  dead=0.615
  -> saved training curves to checkpoints_rand_1e-4_p20/training_curves.png
  -> no loss improvement (74/20)
[step 2980000 | ep 6] train_loss=7.3409e-03  train_recon=1.2118e-03  train_L1=6.1291e+01  val_loss=1.6031e-05  val_mse=9.5126e-06  val_L0=154.1  dead=0.606
  -> saved training curves to checkpoints_rand_1e-4_p20/training_curves.png
  -> no loss improvement (75/20)
[step 2990000 | ep 6] train_loss=6.3089e-03  train_recon=1.5363e-04  train_L1=6.1553e+01  val_loss=7.6384e-06  val_mse=1.1227e-06  val_L0=154.2  dead=0.614
  -> saved training curves to checkpoints_rand_1e-4_p20/training_curves.png
  -> no loss improvement (76/20)
[step 3000000 | ep 6] train_loss=6.8769e-03  train_recon=6.9913e-04  train_L1=6.1778e+01  val_loss=1.5114e-05  val_mse=8.5989e-06  val_L0=154.2  dead=0.616
  -> saved training curves to checkpoints_rand_1e-4_p20/training_curves.png
  -> no loss improvement (77/20)
[step 3010000 | ep 6] train_loss=6.9689e-03  train_recon=8.3972e-04  train_L1=6.1292e+01  val_loss=1.2855e-05  val_mse=6.3418e-06  val_L0=154.1  dead=0.601
  -> saved training curves to checkpoints_rand_1e-4_p20/training_curves.png
  -> no loss improvement (78/20)
[step 3020000 | ep 6] train_loss=6.4463e-03  train_recon=3.4549e-04  train_L1=6.1008e+01  val_loss=9.3688e-06  val_mse=2.8563e-06  val_L0=154.2  dead=0.611
  -> saved training curves to checkpoints_rand_1e-4_p20/training_curves.png
  -> no loss improvement (79/20)
[step 3030000 | ep 6] train_loss=6.3488e-03  train_recon=2.1037e-04  train_L1=6.1385e+01  val_loss=8.0672e-06  val_mse=1.5554e-06  val_L0=154.1  dead=0.608
  -> saved training curves to checkpoints_rand_1e-4_p20/training_curves.png
  -> no loss improvement (80/20)
[step 3040000 | ep 6] train_loss=6.5231e-03  train_recon=4.0520e-04  train_L1=6.1179e+01  val_loss=1.0474e-05  val_mse=3.9634e-06  val_L0=154.2  dead=0.613
  -> saved training curves to checkpoints_rand_1e-4_p20/training_curves.png
  -> no loss improvement (81/20)
[step 3050000 | ep 6] train_loss=6.7977e-03  train_recon=7.0369e-04  train_L1=6.0940e+01  val_loss=1.3210e-05  val_mse=6.7005e-06  val_L0=154.1  dead=0.602
  -> saved training curves to checkpoints_rand_1e-4_p20/training_curves.png
  -> no loss improvement (82/20)
[step 3060000 | ep 6] train_loss=7.0130e-03  train_recon=8.7668e-04  train_L1=6.1363e+01  val_loss=1.1125e-05  val_mse=4.6157e-06  val_L0=154.1  dead=0.607
  -> saved training curves to checkpoints_rand_1e-4_p20/training_curves.png
  -> no loss improvement (83/20)
[step 3070000 | ep 6] train_loss=6.3777e-03  train_recon=2.7031e-04  train_L1=6.1074e+01  val_loss=8.6537e-06  val_mse=2.1456e-06  val_L0=154.2  dead=0.606
  -> saved training curves to checkpoints_rand_1e-4_p20/training_curves.png
  -> no loss improvement (84/20)
[step 3080000 | ep 6] train_loss=6.5238e-03  train_recon=3.7591e-04  train_L1=6.1479e+01  val_loss=1.1910e-05  val_mse=5.4038e-06  val_L0=154.2  dead=0.617
  -> saved training curves to checkpoints_rand_1e-4_p20/training_curves.png
  -> no loss improvement (85/20)
[step 3090000 | ep 6] train_loss=6.5569e-03  train_recon=4.1331e-04  train_L1=6.1436e+01  val_loss=9.6895e-06  val_mse=3.1837e-06  val_L0=154.2  dead=0.606
  -> saved training curves to checkpoints_rand_1e-4_p20/training_curves.png
  -> no loss improvement (86/20)
[step 3100000 | ep 6] train_loss=6.8418e-03  train_recon=6.9145e-04  train_L1=6.1504e+01  val_loss=1.0766e-05  val_mse=4.2604e-06  val_L0=154.1  dead=0.607
  -> saved training curves to checkpoints_rand_1e-4_p20/training_curves.png
  -> no loss improvement (87/20)
[step 3110000 | ep 6] train_loss=6.7955e-03  train_recon=6.7930e-04  train_L1=6.1162e+01  val_loss=1.4004e-05  val_mse=7.4997e-06  val_L0=154.2  dead=0.608
  -> saved training curves to checkpoints_rand_1e-4_p20/training_curves.png
  -> no loss improvement (88/20)
[step 3120000 | ep 6] train_loss=7.0888e-03  train_recon=9.3317e-04  train_L1=6.1556e+01  val_loss=1.6874e-05  val_mse=1.0371e-05  val_L0=154.2  dead=0.610
  -> saved training curves to checkpoints_rand_1e-4_p20/training_curves.png
  -> no loss improvement (89/20)
[step 3130000 | ep 6] train_loss=7.1449e-03  train_recon=1.0103e-03  train_L1=6.1346e+01  val_loss=1.2011e-05  val_mse=5.5083e-06  val_L0=154.1  dead=0.605
  -> saved training curves to checkpoints_rand_1e-4_p20/training_curves.png
  -> no loss improvement (90/20)
[step 3140000 | ep 6] train_loss=6.4452e-03  train_recon=3.2408e-04  train_L1=6.1211e+01  val_loss=9.8680e-06  val_mse=3.3669e-06  val_L0=154.2  dead=0.612
  -> saved training curves to checkpoints_rand_1e-4_p20/training_curves.png
  -> no loss improvement (91/20)
[step 3150000 | ep 6] train_loss=6.4180e-03  train_recon=3.3009e-04  train_L1=6.0879e+01  val_loss=7.8881e-06  val_mse=1.3880e-06  val_L0=154.1  dead=0.599
  -> saved training curves to checkpoints_rand_1e-4_p20/training_curves.png
  -> no loss improvement (92/20)
[step 3160000 | ep 6] train_loss=6.6846e-03  train_recon=5.6542e-04  train_L1=6.1192e+01  val_loss=1.2115e-05  val_mse=5.6162e-06  val_L0=154.1  dead=0.606
  -> saved training curves to checkpoints_rand_1e-4_p20/training_curves.png
  -> no loss improvement (93/20)
[step 3170000 | ep 6] train_loss=6.8082e-03  train_recon=6.4077e-04  train_L1=6.1674e+01  val_loss=1.5597e-05  val_mse=9.0998e-06  val_L0=154.2  dead=0.608
  -> saved training curves to checkpoints_rand_1e-4_p20/training_curves.png
  -> no loss improvement (94/20)
[step 3180000 | ep 6] train_loss=6.7979e-03  train_recon=6.8175e-04  train_L1=6.1162e+01  val_loss=1.2894e-05  val_mse=6.3958e-06  val_L0=154.2  dead=0.603
  -> saved training curves to checkpoints_rand_1e-4_p20/training_curves.png
  -> no loss improvement (95/20)
[step 3190000 | ep 6] train_loss=6.4707e-03  train_recon=3.0356e-04  train_L1=6.1671e+01  val_loss=9.3547e-06  val_mse=2.8580e-06  val_L0=154.2  dead=0.600
  -> saved training curves to checkpoints_rand_1e-4_p20/training_curves.png
  -> no loss improvement (96/20)
[step 3200000 | ep 6] train_loss=6.6523e-03  train_recon=5.2300e-04  train_L1=6.1293e+01  val_loss=1.2168e-05  val_mse=5.6729e-06  val_L0=154.2  dead=0.604
  -> saved training curves to checkpoints_rand_1e-4_p20/training_curves.png
  -> no loss improvement (97/20)
[step 3210000 | ep 6] train_loss=6.1685e-03  train_recon=1.0771e-04  train_L1=6.0608e+01  val_loss=7.5853e-06  val_mse=1.0906e-06  val_L0=154.2  dead=0.605
  -> saved training curves to checkpoints_rand_1e-4_p20/training_curves.png
  -> no loss improvement (98/20)
[step 3220000 | ep 6] train_loss=6.8405e-03  train_recon=7.0667e-04  train_L1=6.1338e+01  val_loss=1.1949e-05  val_mse=5.4555e-06  val_L0=154.2  dead=0.596
  -> saved training curves to checkpoints_rand_1e-4_p20/training_curves.png
  -> no loss improvement (99/20)
[step 3230000 | ep 6] train_loss=7.0587e-03  train_recon=9.2755e-04  train_L1=6.1311e+01  val_loss=2.0755e-05  val_mse=1.4262e-05  val_L0=154.2  dead=0.598
  -> saved training curves to checkpoints_rand_1e-4_p20/training_curves.png
  -> no loss improvement (100/20)
[step 3240000 | ep 6] train_loss=6.9950e-03  train_recon=8.9486e-04  train_L1=6.1001e+01  val_loss=1.2516e-05  val_mse=6.0238e-06  val_L0=154.2  dead=0.602
  -> saved training curves to checkpoints_rand_1e-4_p20/training_curves.png
  -> no loss improvement (101/20)
[step 3250000 | ep 6] train_loss=7.0205e-03  train_recon=9.3044e-04  train_L1=6.0901e+01  val_loss=1.6772e-05  val_mse=1.0281e-05  val_L0=154.2  dead=0.607
  -> saved training curves to checkpoints_rand_1e-4_p20/training_curves.png
  -> no loss improvement (102/20)
[step 3260000 | ep 6] train_loss=6.4599e-03  train_recon=3.2922e-04  train_L1=6.1307e+01  val_loss=9.2536e-06  val_mse=2.7637e-06  val_L0=154.2  dead=0.600
  -> saved training curves to checkpoints_rand_1e-4_p20/training_curves.png
  -> no loss improvement (103/20)
[step 3270000 | ep 6] train_loss=6.1882e-03  train_recon=1.0996e-04  train_L1=6.0782e+01  val_loss=7.3392e-06  val_mse=8.5009e-07  val_L0=154.2  dead=0.603
  -> saved training curves to checkpoints_rand_1e-4_p20/training_curves.png
  -> no loss improvement (104/20)
[step 3280000 | ep 6] train_loss=6.4171e-03  train_recon=3.1182e-04  train_L1=6.1052e+01  val_loss=1.0457e-05  val_mse=3.9693e-06  val_L0=154.2  dead=0.606
  -> saved training curves to checkpoints_rand_1e-4_p20/training_curves.png
  -> no loss improvement (105/20)
[step 3290000 | ep 6] train_loss=6.4464e-03  train_recon=2.9554e-04  train_L1=6.1509e+01  val_loss=8.6228e-06  val_mse=2.1352e-06  val_L0=154.2  dead=0.610
  -> saved training curves to checkpoints_rand_1e-4_p20/training_curves.png
  -> no loss improvement (106/20)
[step 3300000 | ep 6] train_loss=7.5586e-03  train_recon=1.4146e-03  train_L1=6.1440e+01  val_loss=1.6461e-05  val_mse=9.9752e-06  val_L0=154.1  dead=0.598
  -> saved training curves to checkpoints_rand_1e-4_p20/training_curves.png
  -> no loss improvement (107/20)
[step 3310000 | ep 6] train_loss=6.8039e-03  train_recon=6.8912e-04  train_L1=6.1148e+01  val_loss=1.1026e-05  val_mse=4.5400e-06  val_L0=154.1  dead=0.604
  -> saved training curves to checkpoints_rand_1e-4_p20/training_curves.png
  -> no loss improvement (108/20)
[step 3320000 | ep 6] train_loss=6.5965e-03  train_recon=4.3948e-04  train_L1=6.1570e+01  val_loss=1.1496e-05  val_mse=5.0112e-06  val_L0=154.2  dead=0.611
  -> saved training curves to checkpoints_rand_1e-4_p20/training_curves.png
  -> no loss improvement (109/20)
[step 3330000 | ep 6] train_loss=6.4179e-03  train_recon=3.1384e-04  train_L1=6.1040e+01  val_loss=8.5312e-06  val_mse=2.0471e-06  val_L0=154.2  dead=0.611
  -> saved training curves to checkpoints_rand_1e-4_p20/training_curves.png
  -> no loss improvement (110/20)
[step 3340000 | ep 6] train_loss=6.4319e-03  train_recon=3.1457e-04  train_L1=6.1173e+01  val_loss=8.5586e-06  val_mse=2.0751e-06  val_L0=154.2  dead=0.605
  -> saved training curves to checkpoints_rand_1e-4_p20/training_curves.png
  -> no loss improvement (111/20)
[step 3350000 | ep 6] train_loss=6.4393e-03  train_recon=2.8660e-04  train_L1=6.1527e+01  val_loss=8.3646e-06  val_mse=1.8823e-06  val_L0=154.2  dead=0.608
  -> saved training curves to checkpoints_rand_1e-4_p20/training_curves.png
  -> no loss improvement (112/20)
[step 3360000 | ep 6] train_loss=7.0748e-03  train_recon=9.4442e-04  train_L1=6.1304e+01  val_loss=1.3689e-05  val_mse=7.2079e-06  val_L0=154.1  dead=0.604
  -> saved training curves to checkpoints_rand_1e-4_p20/training_curves.png
  -> no loss improvement (113/20)
[step 3370000 | ep 6] train_loss=7.0722e-03  train_recon=9.8001e-04  train_L1=6.0922e+01  val_loss=1.8582e-05  val_mse=1.2102e-05  val_L0=154.2  dead=0.607
  -> saved training curves to checkpoints_rand_1e-4_p20/training_curves.png
  -> no loss improvement (114/20)
[step 3380000 | ep 6] train_loss=6.4107e-03  train_recon=3.0653e-04  train_L1=6.1042e+01  val_loss=9.6251e-06  val_mse=3.1449e-06  val_L0=154.2  dead=0.609
  -> saved training curves to checkpoints_rand_1e-4_p20/training_curves.png
  -> no loss improvement (115/20)
Epoch 6 done  (step=3386658)
[step 3390000 | ep 7] train_loss=6.3928e-03  train_recon=2.9851e-04  train_L1=6.0943e+01  val_loss=1.0444e-05  val_mse=3.9653e-06  val_L0=154.2  dead=0.611
  -> saved training curves to checkpoints_rand_1e-4_p20/training_curves.png
  -> no loss improvement (116/20)
[step 3400000 | ep 7] train_loss=6.5727e-03  train_recon=4.5539e-04  train_L1=6.1173e+01  val_loss=1.0663e-05  val_mse=4.1852e-06  val_L0=154.2  dead=0.604
  -> saved training curves to checkpoints_rand_1e-4_p20/training_curves.png
  -> no loss improvement (117/20)
[step 3410000 | ep 7] train_loss=6.9591e-03  train_recon=7.7124e-04  train_L1=6.1878e+01  val_loss=1.1293e-05  val_mse=4.8161e-06  val_L0=154.2  dead=0.610
  -> saved training curves to checkpoints_rand_1e-4_p20/training_curves.png
  -> no loss improvement (118/20)
[step 3420000 | ep 7] train_loss=6.5866e-03  train_recon=4.2701e-04  train_L1=6.1596e+01  val_loss=9.9806e-06  val_mse=3.5038e-06  val_L0=154.2  dead=0.606
  -> saved training curves to checkpoints_rand_1e-4_p20/training_curves.png
  -> no loss improvement (119/20)
[step 3430000 | ep 7] train_loss=6.8770e-03  train_recon=7.5494e-04  train_L1=6.1221e+01  val_loss=1.6394e-05  val_mse=9.9189e-06  val_L0=154.2  dead=0.604
  -> saved training curves to checkpoints_rand_1e-4_p20/training_curves.png
  -> no loss improvement (120/20)
[step 3440000 | ep 7] train_loss=7.5600e-03  train_recon=1.4691e-03  train_L1=6.0909e+01  val_loss=2.4032e-05  val_mse=1.7558e-05  val_L0=154.1  dead=0.600
  -> saved training curves to checkpoints_rand_1e-4_p20/training_curves.png
  -> no loss improvement (121/20)
[step 3450000 | ep 7] train_loss=6.8284e-03  train_recon=7.1628e-04  train_L1=6.1121e+01  val_loss=1.0171e-05  val_mse=3.6966e-06  val_L0=154.1  dead=0.597
  -> saved training curves to checkpoints_rand_1e-4_p20/training_curves.png
  -> no loss improvement (122/20)
[step 3460000 | ep 7] train_loss=6.9507e-03  train_recon=8.6825e-04  train_L1=6.0825e+01  val_loss=1.3350e-05  val_mse=6.8769e-06  val_L0=154.2  dead=0.604
  -> saved training curves to checkpoints_rand_1e-4_p20/training_curves.png
  -> no loss improvement (123/20)
[step 3470000 | ep 7] train_loss=6.8588e-03  train_recon=7.5166e-04  train_L1=6.1071e+01  val_loss=1.3827e-05  val_mse=7.3550e-06  val_L0=154.1  dead=0.604
  -> saved training curves to checkpoints_rand_1e-4_p20/training_curves.png
  -> no loss improvement (124/20)
[step 3480000 | ep 7] train_loss=6.4362e-03  train_recon=3.2419e-04  train_L1=6.1120e+01  val_loss=8.0982e-06  val_mse=1.6268e-06  val_L0=154.2  dead=0.602
  -> saved training curves to checkpoints_rand_1e-4_p20/training_curves.png
  -> no loss improvement (125/20)
[step 3490000 | ep 7] train_loss=6.5485e-03  train_recon=4.8615e-04  train_L1=6.0624e+01  val_loss=1.1245e-05  val_mse=4.7738e-06  val_L0=154.2  dead=0.608
  -> saved training curves to checkpoints_rand_1e-4_p20/training_curves.png
  -> no loss improvement (126/20)
[step 3500000 | ep 7] train_loss=6.6943e-03  train_recon=6.1528e-04  train_L1=6.0791e+01  val_loss=1.1095e-05  val_mse=4.6261e-06  val_L0=154.1  dead=0.604
  -> saved training curves to checkpoints_rand_1e-4_p20/training_curves.png
  -> no loss improvement (127/20)
[step 3510000 | ep 7] train_loss=7.2120e-03  train_recon=1.0445e-03  train_L1=6.1676e+01  val_loss=1.5460e-05  val_mse=8.9912e-06  val_L0=154.1  dead=0.603
  -> saved training curves to checkpoints_rand_1e-4_p20/training_curves.png
  -> no loss improvement (128/20)
[step 3520000 | ep 7] train_loss=6.7890e-03  train_recon=6.7401e-04  train_L1=6.1150e+01  val_loss=1.1358e-05  val_mse=4.8895e-06  val_L0=154.1  dead=0.604
  -> saved training curves to checkpoints_rand_1e-4_p20/training_curves.png
  -> no loss improvement (129/20)
[step 3530000 | ep 7] train_loss=6.6081e-03  train_recon=5.3828e-04  train_L1=6.0699e+01  val_loss=1.0855e-05  val_mse=4.3883e-06  val_L0=154.2  dead=0.601
  -> saved training curves to checkpoints_rand_1e-4_p20/training_curves.png
  -> no loss improvement (130/20)
[step 3540000 | ep 7] train_loss=6.5421e-03  train_recon=3.8405e-04  train_L1=6.1581e+01  val_loss=1.0664e-05  val_mse=4.1974e-06  val_L0=154.2  dead=0.609
  -> saved training curves to checkpoints_rand_1e-4_p20/training_curves.png
  -> no loss improvement (131/20)
[step 3550000 | ep 7] train_loss=7.0533e-03  train_recon=9.3193e-04  train_L1=6.1214e+01  val_loss=1.5556e-05  val_mse=9.0898e-06  val_L0=154.1  dead=0.608
  -> saved training curves to checkpoints_rand_1e-4_p20/training_curves.png
  -> no loss improvement (132/20)
[step 3560000 | ep 7] train_loss=6.4239e-03  train_recon=2.9566e-04  train_L1=6.1283e+01  val_loss=8.4110e-06  val_mse=1.9460e-06  val_L0=154.2  dead=0.607
  -> saved training curves to checkpoints_rand_1e-4_p20/training_curves.png
  -> no loss improvement (133/20)
[step 3570000 | ep 7] train_loss=7.0591e-03  train_recon=9.0743e-04  train_L1=6.1517e+01  val_loss=1.5016e-05  val_mse=8.5528e-06  val_L0=154.1  dead=0.605
  -> saved training curves to checkpoints_rand_1e-4_p20/training_curves.png
  -> no loss improvement (134/20)
[step 3580000 | ep 7] train_loss=6.3722e-03  train_recon=2.7671e-04  train_L1=6.0955e+01  val_loss=8.9770e-06  val_mse=2.5136e-06  val_L0=154.2  dead=0.610
  -> saved training curves to checkpoints_rand_1e-4_p20/training_curves.png
  -> no loss improvement (135/20)
[step 3590000 | ep 7] train_loss=6.6235e-03  train_recon=5.3083e-04  train_L1=6.0926e+01  val_loss=1.1242e-05  val_mse=4.7802e-06  val_L0=154.1  dead=0.609
  -> saved training curves to checkpoints_rand_1e-4_p20/training_curves.png
  -> no loss improvement (136/20)
[step 3600000 | ep 7] train_loss=7.4002e-03  train_recon=1.3218e-03  train_L1=6.0784e+01  val_loss=1.5905e-05  val_mse=9.4444e-06  val_L0=154.1  dead=0.603
  -> saved training curves to checkpoints_rand_1e-4_p20/training_curves.png
  -> no loss improvement (137/20)
[step 3610000 | ep 7] train_loss=6.2870e-03  train_recon=1.8000e-04  train_L1=6.1070e+01  val_loss=8.3304e-06  val_mse=1.8699e-06  val_L0=154.2  dead=0.606
  -> saved training curves to checkpoints_rand_1e-4_p20/training_curves.png
  -> no loss improvement (138/20)
[step 3620000 | ep 7] train_loss=6.5470e-03  train_recon=4.5006e-04  train_L1=6.0970e+01  val_loss=1.0510e-05  val_mse=4.0502e-06  val_L0=154.1  dead=0.605
  -> saved training curves to checkpoints_rand_1e-4_p20/training_curves.png
  -> no loss improvement (139/20)
[step 3630000 | ep 7] train_loss=6.3415e-03  train_recon=2.5108e-04  train_L1=6.0904e+01  val_loss=8.5034e-06  val_mse=2.0442e-06  val_L0=154.1  dead=0.600
  -> saved training curves to checkpoints_rand_1e-4_p20/training_curves.png
  -> no loss improvement (140/20)
[step 3640000 | ep 7] train_loss=6.5142e-03  train_recon=4.5970e-04  train_L1=6.0545e+01  val_loss=9.0203e-06  val_mse=2.5616e-06  val_L0=154.0  dead=0.586
  -> saved training curves to checkpoints_rand_1e-4_p20/training_curves.png
  -> no loss improvement (141/20)
[step 3650000 | ep 7] train_loss=6.2289e-03  train_recon=1.4775e-04  train_L1=6.0811e+01  val_loss=7.5156e-06  val_mse=1.0581e-06  val_L0=153.2  dead=0.593
  -> saved training curves to checkpoints_rand_1e-4_p20/training_curves.png
  -> no loss improvement (142/20)
[step 3660000 | ep 7] train_loss=6.6849e-03  train_recon=5.7991e-04  train_L1=6.1050e+01  val_loss=1.4283e-05  val_mse=7.8257e-06  val_L0=153.3  dead=0.598
  -> saved training curves to checkpoints_rand_1e-4_p20/training_curves.png
  -> no loss improvement (143/20)
[step 3670000 | ep 7] train_loss=7.0152e-03  train_recon=9.3907e-04  train_L1=6.0762e+01  val_loss=1.5418e-05  val_mse=8.9628e-06  val_L0=153.2  dead=0.602
  -> saved training curves to checkpoints_rand_1e-4_p20/training_curves.png
  -> no loss improvement (144/20)
[step 3680000 | ep 7] train_loss=7.0424e-03  train_recon=9.7293e-04  train_L1=6.0695e+01  val_loss=1.7244e-05  val_mse=1.0789e-05  val_L0=153.2  dead=0.596
  -> saved training curves to checkpoints_rand_1e-4_p20/training_curves.png
  -> no loss improvement (145/20)
[step 3690000 | ep 7] train_loss=6.6458e-03  train_recon=5.5178e-04  train_L1=6.0940e+01  val_loss=1.1026e-05  val_mse=4.5717e-06  val_L0=153.2  dead=0.596
  -> saved training curves to checkpoints_rand_1e-4_p20/training_curves.png
  -> no loss improvement (146/20)
[step 3700000 | ep 7] train_loss=6.7793e-03  train_recon=6.8923e-04  train_L1=6.0900e+01  val_loss=1.3599e-05  val_mse=7.1449e-06  val_L0=153.2  dead=0.599
  -> saved training curves to checkpoints_rand_1e-4_p20/training_curves.png
  -> no loss improvement (147/20)
[step 3710000 | ep 7] train_loss=6.6962e-03  train_recon=5.9658e-04  train_L1=6.0996e+01  val_loss=1.1285e-05  val_mse=4.8323e-06  val_L0=153.1  dead=0.595
  -> saved training curves to checkpoints_rand_1e-4_p20/training_curves.png
  -> no loss improvement (148/20)
[step 3720000 | ep 7] train_loss=6.2575e-03  train_recon=1.8660e-04  train_L1=6.0709e+01  val_loss=7.3715e-06  val_mse=9.1920e-07  val_L0=153.2  dead=0.600
  -> saved training curves to checkpoints_rand_1e-4_p20/training_curves.png
  -> no loss improvement (149/20)
[step 3730000 | ep 7] train_loss=6.4228e-03  train_recon=3.1389e-04  train_L1=6.1089e+01  val_loss=1.0248e-05  val_mse=3.7958e-06  val_L0=153.2  dead=0.602
  -> saved training curves to checkpoints_rand_1e-4_p20/training_curves.png
  -> no loss improvement (150/20)
[step 3740000 | ep 7] train_loss=6.7066e-03  train_recon=6.0214e-04  train_L1=6.1045e+01  val_loss=1.1079e-05  val_mse=4.6272e-06  val_L0=153.2  dead=0.594
  -> saved training curves to checkpoints_rand_1e-4_p20/training_curves.png
  -> no loss improvement (151/20)
[step 3750000 | ep 7] train_loss=6.7669e-03  train_recon=6.2730e-04  train_L1=6.1396e+01  val_loss=1.2545e-05  val_mse=6.0947e-06  val_L0=153.2  dead=0.600
  -> saved training curves to checkpoints_rand_1e-4_p20/training_curves.png
  -> no loss improvement (152/20)
[step 3760000 | ep 7] train_loss=6.7153e-03  train_recon=6.4777e-04  train_L1=6.0675e+01  val_loss=1.1011e-05  val_mse=4.5624e-06  val_L0=153.2  dead=0.591
  -> saved training curves to checkpoints_rand_1e-4_p20/training_curves.png
  -> no loss improvement (153/20)
[step 3770000 | ep 7] train_loss=6.1761e-03  train_recon=8.4372e-05  train_L1=6.0917e+01  val_loss=7.3135e-06  val_mse=8.6513e-07  val_L0=153.2  dead=0.585
  -> saved training curves to checkpoints_rand_1e-4_p20/training_curves.png
  -> no loss improvement (154/20)
[step 3780000 | ep 7] train_loss=6.8737e-03  train_recon=8.1788e-04  train_L1=6.0558e+01  val_loss=1.1705e-05  val_mse=5.2576e-06  val_L0=153.2  dead=0.585
  -> saved training curves to checkpoints_rand_1e-4_p20/training_curves.png
  -> no loss improvement (155/20)
[step 3790000 | ep 7] train_loss=6.4061e-03  train_recon=3.1676e-04  train_L1=6.0894e+01  val_loss=9.2106e-06  val_mse=2.7635e-06  val_L0=153.2  dead=0.603
  -> saved training curves to checkpoints_rand_1e-4_p20/training_curves.png
  -> no loss improvement (156/20)
[step 3800000 | ep 7] train_loss=6.1219e-03  train_recon=7.2924e-05  train_L1=6.0490e+01  val_loss=6.9746e-06  val_mse=5.2791e-07  val_L0=153.3  dead=0.599
  -> saved training curves to checkpoints_rand_1e-4_p20/training_curves.png
  -> saved best checkpoint (val_loss=6.9746e-06)
[step 3810000 | ep 7] train_loss=6.4641e-03  train_recon=4.0610e-04  train_L1=6.0580e+01  val_loss=1.0337e-05  val_mse=3.8920e-06  val_L0=153.2  dead=0.598
  -> saved training curves to checkpoints_rand_1e-4_p20/training_curves.png
  -> no loss improvement (1/20)
[step 3820000 | ep 7] train_loss=6.6476e-03  train_recon=5.4329e-04  train_L1=6.1043e+01  val_loss=1.5105e-05  val_mse=8.6594e-06  val_L0=153.3  dead=0.597
  -> saved training curves to checkpoints_rand_1e-4_p20/training_curves.png
  -> no loss improvement (2/20)
[step 3830000 | ep 7] train_loss=6.3740e-03  train_recon=3.2683e-04  train_L1=6.0471e+01  val_loss=8.7441e-06  val_mse=2.3001e-06  val_L0=153.2  dead=0.596
  -> saved training curves to checkpoints_rand_1e-4_p20/training_curves.png
  -> no loss improvement (3/20)
[step 3840000 | ep 7] train_loss=6.6676e-03  train_recon=5.9525e-04  train_L1=6.0724e+01  val_loss=1.2841e-05  val_mse=6.3980e-06  val_L0=153.2  dead=0.595
  -> saved training curves to checkpoints_rand_1e-4_p20/training_curves.png
  -> no loss improvement (4/20)
[step 3850000 | ep 7] train_loss=6.3206e-03  train_recon=2.6090e-04  train_L1=6.0597e+01  val_loss=9.0850e-06  val_mse=2.6426e-06  val_L0=153.2  dead=0.601
  -> saved training curves to checkpoints_rand_1e-4_p20/training_curves.png
  -> no loss improvement (5/20)
[step 3860000 | ep 7] train_loss=6.9022e-03  train_recon=7.5047e-04  train_L1=6.1517e+01  val_loss=1.9090e-05  val_mse=1.2649e-05  val_L0=153.2  dead=0.590
  -> saved training curves to checkpoints_rand_1e-4_p20/training_curves.png
  -> no loss improvement (6/20)
[step 3870000 | ep 7] train_loss=6.2485e-03  train_recon=2.0710e-04  train_L1=6.0414e+01  val_loss=8.3849e-06  val_mse=1.9433e-06  val_L0=153.2  dead=0.599
  -> saved training curves to checkpoints_rand_1e-4_p20/training_curves.png
  -> no loss improvement (7/20)
[step 3880000 | ep 7] train_loss=6.4323e-03  train_recon=3.8240e-04  train_L1=6.0499e+01  val_loss=1.0318e-05  val_mse=3.8776e-06  val_L0=153.2  dead=0.591
  -> saved training curves to checkpoints_rand_1e-4_p20/training_curves.png
  -> no loss improvement (8/20)
[step 3890000 | ep 7] train_loss=6.0741e-03  train_recon=8.6630e-05  train_L1=5.9875e+01  val_loss=7.6999e-06  val_mse=1.2600e-06  val_L0=153.3  dead=0.594
  -> saved training curves to checkpoints_rand_1e-4_p20/training_curves.png
  -> no loss improvement (9/20)
[step 3900000 | ep 7] train_loss=6.2357e-03  train_recon=2.1664e-04  train_L1=6.0190e+01  val_loss=7.9728e-06  val_mse=1.5337e-06  val_L0=153.2  dead=0.595
  -> saved training curves to checkpoints_rand_1e-4_p20/training_curves.png
  -> no loss improvement (10/20)
[step 3910000 | ep 7] train_loss=6.2239e-03  train_recon=1.7608e-04  train_L1=6.0478e+01  val_loss=7.6638e-06  val_mse=1.2255e-06  val_L0=153.2  dead=0.587
  -> saved training curves to checkpoints_rand_1e-4_p20/training_curves.png
  -> no loss improvement (11/20)
[step 3920000 | ep 7] train_loss=6.6841e-03  train_recon=6.6858e-04  train_L1=6.0155e+01  val_loss=1.5034e-05  val_mse=8.5962e-06  val_L0=153.2  dead=0.588
  -> saved training curves to checkpoints_rand_1e-4_p20/training_curves.png
  -> no loss improvement (12/20)
[step 3930000 | ep 7] train_loss=6.7321e-03  train_recon=6.3878e-04  train_L1=6.0933e+01  val_loss=1.3451e-05  val_mse=7.0141e-06  val_L0=153.2  dead=0.595
  -> saved training curves to checkpoints_rand_1e-4_p20/training_curves.png
  -> no loss improvement (13/20)
[step 3940000 | ep 7] train_loss=6.2078e-03  train_recon=1.4897e-04  train_L1=6.0588e+01  val_loss=8.0059e-06  val_mse=1.5699e-06  val_L0=153.3  dead=0.592
  -> saved training curves to checkpoints_rand_1e-4_p20/training_curves.png
  -> no loss improvement (14/20)
[step 3950000 | ep 7] train_loss=6.3391e-03  train_recon=3.1036e-04  train_L1=6.0288e+01  val_loss=1.3587e-05  val_mse=7.1515e-06  val_L0=153.3  dead=0.595
  -> saved training curves to checkpoints_rand_1e-4_p20/training_curves.png
  -> no loss improvement (15/20)
[step 3960000 | ep 7] train_loss=6.6040e-03  train_recon=5.1468e-04  train_L1=6.0893e+01  val_loss=1.2443e-05  val_mse=6.0088e-06  val_L0=153.3  dead=0.596
  -> saved training curves to checkpoints_rand_1e-4_p20/training_curves.png
  -> no loss improvement (16/20)
[step 3970000 | ep 7] train_loss=6.5835e-03  train_recon=5.0827e-04  train_L1=6.0752e+01  val_loss=1.1064e-05  val_mse=4.6299e-06  val_L0=153.2  dead=0.592
  -> saved training curves to checkpoints_rand_1e-4_p20/training_curves.png
  -> no loss improvement (17/20)
[step 3980000 | ep 7] train_loss=6.1667e-03  train_recon=9.7026e-05  train_L1=6.0697e+01  val_loss=7.2386e-06  val_mse=8.0497e-07  val_L0=153.2  dead=0.593
  -> saved training curves to checkpoints_rand_1e-4_p20/training_curves.png
  -> no loss improvement (18/20)
[step 3990000 | ep 7] train_loss=6.9102e-03  train_recon=8.4433e-04  train_L1=6.0659e+01  val_loss=1.4500e-05  val_mse=8.0679e-06  val_L0=153.2  dead=0.593
  -> saved training curves to checkpoints_rand_1e-4_p20/training_curves.png
  -> no loss improvement (19/20)
[step 4000000 | ep 7] train_loss=6.2549e-03  train_recon=1.3136e-04  train_L1=6.1235e+01  val_loss=7.5815e-06  val_mse=1.1491e-06  val_L0=153.2  dead=0.597
  -> saved training curves to checkpoints_rand_1e-4_p20/training_curves.png
  -> no loss improvement (20/20)
[step 4010000 | ep 7] train_loss=6.6392e-03  train_recon=5.8465e-04  train_L1=6.0545e+01  val_loss=1.1360e-05  val_mse=4.9289e-06  val_L0=153.2  dead=0.597
  -> saved training curves to checkpoints_rand_1e-4_p20/training_curves.png
  -> no loss improvement (21/20)
[step 4020000 | ep 7] train_loss=6.6777e-03  train_recon=6.1388e-04  train_L1=6.0638e+01  val_loss=1.3316e-05  val_mse=6.8848e-06  val_L0=153.2  dead=0.598
  -> saved training curves to checkpoints_rand_1e-4_p20/training_curves.png
  -> no loss improvement (22/20)
[step 4030000 | ep 7] train_loss=6.4292e-03  train_recon=3.1443e-04  train_L1=6.1148e+01  val_loss=1.0128e-05  val_mse=3.6976e-06  val_L0=153.2  dead=0.596
  -> saved training curves to checkpoints_rand_1e-4_p20/training_curves.png
  -> no loss improvement (23/20)
[step 4040000 | ep 7] train_loss=6.4033e-03  train_recon=3.8255e-04  train_L1=6.0208e+01  val_loss=8.9673e-06  val_mse=2.5374e-06  val_L0=153.2  dead=0.591
  -> saved training curves to checkpoints_rand_1e-4_p20/training_curves.png
  -> no loss improvement (24/20)
[step 4050000 | ep 7] train_loss=7.1079e-03  train_recon=1.0068e-03  train_L1=6.1011e+01  val_loss=1.4364e-05  val_mse=7.9334e-06  val_L0=153.2  dead=0.595
  -> saved training curves to checkpoints_rand_1e-4_p20/training_curves.png
  -> no loss improvement (25/20)
[step 4060000 | ep 7] train_loss=6.6895e-03  train_recon=6.7824e-04  train_L1=6.0113e+01  val_loss=1.1575e-05  val_mse=5.1472e-06  val_L0=153.2  dead=0.594
  -> saved training curves to checkpoints_rand_1e-4_p20/training_curves.png
  -> no loss improvement (26/20)
[step 4070000 | ep 7] train_loss=6.9557e-03  train_recon=8.4201e-04  train_L1=6.1137e+01  val_loss=1.2600e-05  val_mse=6.1712e-06  val_L0=153.2  dead=0.592
  -> saved training curves to checkpoints_rand_1e-4_p20/training_curves.png
  -> no loss improvement (27/20)
[step 4080000 | ep 7] train_loss=7.2779e-03  train_recon=1.2120e-03  train_L1=6.0658e+01  val_loss=1.9301e-05  val_mse=1.2874e-05  val_L0=153.2  dead=0.597
  -> saved training curves to checkpoints_rand_1e-4_p20/training_curves.png
  -> no loss improvement (28/20)
Epoch 7 done  (step=4089987)
[step 4090000 | ep 8] train_loss=6.4864e-03  train_recon=3.8112e-04  train_L1=6.1053e+01  val_loss=9.6636e-06  val_mse=3.2372e-06  val_L0=153.2  dead=0.597
  -> saved training curves to checkpoints_rand_1e-4_p20/training_curves.png
  -> no loss improvement (29/20)
[step 4100000 | ep 8] train_loss=6.4961e-03  train_recon=3.9513e-04  train_L1=6.1009e+01  val_loss=9.6037e-06  val_mse=3.1779e-06  val_L0=153.2  dead=0.601
  -> saved training curves to checkpoints_rand_1e-4_p20/training_curves.png
  -> no loss improvement (30/20)
[step 4110000 | ep 8] train_loss=6.6182e-03  train_recon=5.5294e-04  train_L1=6.0652e+01  val_loss=1.3254e-05  val_mse=6.8283e-06  val_L0=153.2  dead=0.602
  -> saved training curves to checkpoints_rand_1e-4_p20/training_curves.png
  -> no loss improvement (31/20)
[step 4120000 | ep 8] train_loss=7.4421e-03  train_recon=1.3804e-03  train_L1=6.0617e+01  val_loss=1.8462e-05  val_mse=1.2036e-05  val_L0=153.2  dead=0.601
  -> saved training curves to checkpoints_rand_1e-4_p20/training_curves.png
  -> no loss improvement (32/20)
[step 4130000 | ep 8] train_loss=6.5754e-03  train_recon=5.7409e-04  train_L1=6.0013e+01  val_loss=1.4706e-05  val_mse=8.2810e-06  val_L0=153.2  dead=0.598
  -> saved training curves to checkpoints_rand_1e-4_p20/training_curves.png
  -> no loss improvement (33/20)
[step 4140000 | ep 8] train_loss=6.9591e-03  train_recon=8.7813e-04  train_L1=6.0810e+01  val_loss=1.1976e-05  val_mse=5.5514e-06  val_L0=153.2  dead=0.595
  -> saved training curves to checkpoints_rand_1e-4_p20/training_curves.png
  -> no loss improvement (34/20)
[step 4150000 | ep 8] train_loss=6.2921e-03  train_recon=2.3896e-04  train_L1=6.0531e+01  val_loss=8.5193e-06  val_mse=2.0965e-06  val_L0=153.2  dead=0.594
  -> saved training curves to checkpoints_rand_1e-4_p20/training_curves.png
  -> no loss improvement (35/20)
[step 4160000 | ep 8] train_loss=6.5508e-03  train_recon=5.0542e-04  train_L1=6.0454e+01  val_loss=1.1621e-05  val_mse=5.1984e-06  val_L0=153.2  dead=0.591
  -> saved training curves to checkpoints_rand_1e-4_p20/training_curves.png
  -> no loss improvement (36/20)
[step 4170000 | ep 8] train_loss=6.6728e-03  train_recon=6.1603e-04  train_L1=6.0568e+01  val_loss=1.0213e-05  val_mse=3.7915e-06  val_L0=153.2  dead=0.593
  -> saved training curves to checkpoints_rand_1e-4_p20/training_curves.png
  -> no loss improvement (37/20)
[step 4180000 | ep 8] train_loss=6.8105e-03  train_recon=7.5825e-04  train_L1=6.0522e+01  val_loss=1.2808e-05  val_mse=6.3865e-06  val_L0=153.2  dead=0.592
  -> saved training curves to checkpoints_rand_1e-4_p20/training_curves.png
  -> no loss improvement (38/20)
[step 4190000 | ep 8] train_loss=6.6377e-03  train_recon=6.0550e-04  train_L1=6.0322e+01  val_loss=1.2692e-05  val_mse=6.2719e-06  val_L0=153.2  dead=0.596
  -> saved training curves to checkpoints_rand_1e-4_p20/training_curves.png
  -> no loss improvement (39/20)
[step 4200000 | ep 8] train_loss=6.6004e-03  train_recon=5.6318e-04  train_L1=6.0372e+01  val_loss=1.0686e-05  val_mse=4.2658e-06  val_L0=153.1  dead=0.596
  -> saved training curves to checkpoints_rand_1e-4_p20/training_curves.png
  -> no loss improvement (40/20)
[step 4210000 | ep 8] train_loss=6.9410e-03  train_recon=8.8489e-04  train_L1=6.0561e+01  val_loss=1.4206e-05  val_mse=7.7866e-06  val_L0=153.2  dead=0.595
  -> saved training curves to checkpoints_rand_1e-4_p20/training_curves.png
  -> no loss improvement (41/20)
[step 4220000 | ep 8] train_loss=6.5520e-03  train_recon=5.4009e-04  train_L1=6.0119e+01  val_loss=1.0141e-05  val_mse=3.7221e-06  val_L0=153.2  dead=0.597
  -> saved training curves to checkpoints_rand_1e-4_p20/training_curves.png
  -> no loss improvement (42/20)
[step 4230000 | ep 8] train_loss=6.5122e-03  train_recon=4.6200e-04  train_L1=6.0502e+01  val_loss=1.1537e-05  val_mse=5.1199e-06  val_L0=153.2  dead=0.602
  -> saved training curves to checkpoints_rand_1e-4_p20/training_curves.png
  -> no loss improvement (43/20)
[step 4240000 | ep 8] train_loss=6.5949e-03  train_recon=5.4559e-04  train_L1=6.0493e+01  val_loss=1.1008e-05  val_mse=4.5907e-06  val_L0=153.2  dead=0.597
  -> saved training curves to checkpoints_rand_1e-4_p20/training_curves.png
  -> no loss improvement (44/20)
[step 4250000 | ep 8] train_loss=6.7463e-03  train_recon=6.7013e-04  train_L1=6.0762e+01  val_loss=1.1612e-05  val_mse=5.1961e-06  val_L0=153.2  dead=0.594
  -> saved training curves to checkpoints_rand_1e-4_p20/training_curves.png
  -> no loss improvement (45/20)
[step 4260000 | ep 8] train_loss=6.6078e-03  train_recon=5.6671e-04  train_L1=6.0411e+01  val_loss=1.2045e-05  val_mse=5.6298e-06  val_L0=153.2  dead=0.601
  -> saved training curves to checkpoints_rand_1e-4_p20/training_curves.png
  -> no loss improvement (46/20)
[step 4270000 | ep 8] train_loss=6.5410e-03  train_recon=5.0375e-04  train_L1=6.0373e+01  val_loss=1.1607e-05  val_mse=5.1920e-06  val_L0=153.2  dead=0.599
  -> saved training curves to checkpoints_rand_1e-4_p20/training_curves.png
  -> no loss improvement (47/20)
[step 4280000 | ep 8] train_loss=6.4471e-03  train_recon=3.7092e-04  train_L1=6.0762e+01  val_loss=1.0720e-05  val_mse=4.3051e-06  val_L0=153.2  dead=0.597
  -> saved training curves to checkpoints_rand_1e-4_p20/training_curves.png
  -> no loss improvement (48/20)
[step 4290000 | ep 8] train_loss=7.2545e-03  train_recon=1.2072e-03  train_L1=6.0472e+01  val_loss=1.4556e-05  val_mse=8.1408e-06  val_L0=153.2  dead=0.599
  -> saved training curves to checkpoints_rand_1e-4_p20/training_curves.png
  -> no loss improvement (49/20)
[step 4300000 | ep 8] train_loss=6.5836e-03  train_recon=5.4360e-04  train_L1=6.0400e+01  val_loss=1.5127e-05  val_mse=8.7134e-06  val_L0=153.2  dead=0.600
  -> saved training curves to checkpoints_rand_1e-4_p20/training_curves.png
  -> no loss improvement (50/20)
[step 4310000 | ep 8] train_loss=6.9776e-03  train_recon=9.1065e-04  train_L1=6.0670e+01  val_loss=1.2618e-05  val_mse=6.2056e-06  val_L0=153.1  dead=0.595
  -> saved training curves to checkpoints_rand_1e-4_p20/training_curves.png
  -> no loss improvement (51/20)
[step 4320000 | ep 8] train_loss=6.4613e-03  train_recon=4.0161e-04  train_L1=6.0597e+01  val_loss=9.7233e-06  val_mse=3.3107e-06  val_L0=153.2  dead=0.595
  -> saved training curves to checkpoints_rand_1e-4_p20/training_curves.png
  -> no loss improvement (52/20)
[step 4330000 | ep 8] train_loss=6.7434e-03  train_recon=7.2041e-04  train_L1=6.0230e+01  val_loss=1.3358e-05  val_mse=6.9466e-06  val_L0=153.2  dead=0.595
  -> saved training curves to checkpoints_rand_1e-4_p20/training_curves.png
  -> no loss improvement (53/20)
[step 4340000 | ep 8] train_loss=6.4484e-03  train_recon=4.5093e-04  train_L1=5.9975e+01  val_loss=9.5030e-06  val_mse=3.0919e-06  val_L0=153.2  dead=0.594
  -> saved training curves to checkpoints_rand_1e-4_p20/training_curves.png
  -> no loss improvement (54/20)
[step 4350000 | ep 8] train_loss=6.4143e-03  train_recon=3.0926e-04  train_L1=6.1051e+01  val_loss=9.1421e-06  val_mse=2.7317e-06  val_L0=153.2  dead=0.594
  -> saved training curves to checkpoints_rand_1e-4_p20/training_curves.png
  -> no loss improvement (55/20)
[step 4360000 | ep 8] train_loss=6.8779e-03  train_recon=7.9186e-04  train_L1=6.0860e+01  val_loss=1.6219e-05  val_mse=9.8093e-06  val_L0=153.1  dead=0.592
  -> saved training curves to checkpoints_rand_1e-4_p20/training_curves.png
  -> no loss improvement (56/20)
[step 4370000 | ep 8] train_loss=6.1665e-03  train_recon=1.0501e-04  train_L1=6.0615e+01  val_loss=7.1995e-06  val_mse=7.8978e-07  val_L0=153.2  dead=0.595
  -> saved training curves to checkpoints_rand_1e-4_p20/training_curves.png
  -> no loss improvement (57/20)
[step 4380000 | ep 8] train_loss=6.5119e-03  train_recon=3.8932e-04  train_L1=6.1226e+01  val_loss=9.2712e-06  val_mse=2.8623e-06  val_L0=153.2  dead=0.594
  -> saved training curves to checkpoints_rand_1e-4_p20/training_curves.png
  -> no loss improvement (58/20)
[step 4390000 | ep 8] train_loss=6.6469e-03  train_recon=5.9139e-04  train_L1=6.0555e+01  val_loss=1.2366e-05  val_mse=5.9574e-06  val_L0=153.2  dead=0.597
  -> saved training curves to checkpoints_rand_1e-4_p20/training_curves.png
  -> no loss improvement (59/20)
[step 4400000 | ep 8] train_loss=8.1418e-03  train_recon=2.0401e-03  train_L1=6.1017e+01  val_loss=2.5427e-05  val_mse=1.9020e-05  val_L0=153.1  dead=0.594
  -> saved training curves to checkpoints_rand_1e-4_p20/training_curves.png
  -> no loss improvement (60/20)
[step 4410000 | ep 8] train_loss=6.7830e-03  train_recon=6.9973e-04  train_L1=6.0832e+01  val_loss=1.1246e-05  val_mse=4.8399e-06  val_L0=153.1  dead=0.597
  -> saved training curves to checkpoints_rand_1e-4_p20/training_curves.png
  -> no loss improvement (61/20)
[step 4420000 | ep 8] train_loss=6.3342e-03  train_recon=2.9557e-04  train_L1=6.0386e+01  val_loss=8.7688e-06  val_mse=2.3625e-06  val_L0=153.2  dead=0.595
  -> saved training curves to checkpoints_rand_1e-4_p20/training_curves.png
  -> no loss improvement (62/20)
[step 4430000 | ep 8] train_loss=6.4064e-03  train_recon=3.6126e-04  train_L1=6.0451e+01  val_loss=1.0251e-05  val_mse=3.8451e-06  val_L0=153.2  dead=0.595
  -> saved training curves to checkpoints_rand_1e-4_p20/training_curves.png
  -> no loss improvement (63/20)
[step 4440000 | ep 8] train_loss=6.4568e-03  train_recon=4.2112e-04  train_L1=6.0357e+01  val_loss=1.0012e-05  val_mse=3.6068e-06  val_L0=153.2  dead=0.596
  -> saved training curves to checkpoints_rand_1e-4_p20/training_curves.png
  -> no loss improvement (64/20)
[step 4450000 | ep 8] train_loss=7.5141e-03  train_recon=1.4566e-03  train_L1=6.0575e+01  val_loss=2.0406e-05  val_mse=1.4002e-05  val_L0=153.0  dead=0.597
  -> saved training curves to checkpoints_rand_1e-4_p20/training_curves.png
  -> no loss improvement (65/20)
[step 4460000 | ep 8] train_loss=6.2907e-03  train_recon=2.8320e-04  train_L1=6.0075e+01  val_loss=8.8058e-06  val_mse=2.4020e-06  val_L0=153.2  dead=0.600
  -> saved training curves to checkpoints_rand_1e-4_p20/training_curves.png
  -> no loss improvement (66/20)
[step 4470000 | ep 8] train_loss=6.9816e-03  train_recon=9.6379e-04  train_L1=6.0178e+01  val_loss=1.3522e-05  val_mse=7.1190e-06  val_L0=153.1  dead=0.595
  -> saved training curves to checkpoints_rand_1e-4_p20/training_curves.png
  -> no loss improvement (67/20)
[step 4480000 | ep 8] train_loss=6.2448e-03  train_recon=2.1470e-04  train_L1=6.0301e+01  val_loss=9.1739e-06  val_mse=2.7714e-06  val_L0=153.1  dead=0.601
  -> saved training curves to checkpoints_rand_1e-4_p20/training_curves.png
  -> no loss improvement (68/20)
[step 4490000 | ep 8] train_loss=6.5305e-03  train_recon=4.9940e-04  train_L1=6.0311e+01  val_loss=1.0072e-05  val_mse=3.6691e-06  val_L0=153.0  dead=0.596
  -> saved training curves to checkpoints_rand_1e-4_p20/training_curves.png
  -> no loss improvement (69/20)
[step 4500000 | ep 8] train_loss=6.2334e-03  train_recon=2.1213e-04  train_L1=6.0212e+01  val_loss=8.9080e-06  val_mse=2.5063e-06  val_L0=153.2  dead=0.601
  -> saved training curves to checkpoints_rand_1e-4_p20/training_curves.png
  -> no loss improvement (70/20)
[step 4510000 | ep 8] train_loss=6.4841e-03  train_recon=4.0879e-04  train_L1=6.0753e+01  val_loss=1.0755e-05  val_mse=4.3528e-06  val_L0=153.2  dead=0.600
  -> saved training curves to checkpoints_rand_1e-4_p20/training_curves.png
  -> no loss improvement (71/20)
[step 4520000 | ep 8] train_loss=6.3754e-03  train_recon=3.1942e-04  train_L1=6.0559e+01  val_loss=8.4305e-06  val_mse=2.0297e-06  val_L0=153.0  dead=0.597
  -> saved training curves to checkpoints_rand_1e-4_p20/training_curves.png
  -> no loss improvement (72/20)
[step 4530000 | ep 8] train_loss=6.8841e-03  train_recon=7.9718e-04  train_L1=6.0870e+01  val_loss=1.2986e-05  val_mse=6.5867e-06  val_L0=152.2  dead=0.604
  -> saved training curves to checkpoints_rand_1e-4_p20/training_curves.png
  -> no loss improvement (73/20)
[step 4540000 | ep 8] train_loss=6.3370e-03  train_recon=3.0759e-04  train_L1=6.0294e+01  val_loss=9.6265e-06  val_mse=3.2273e-06  val_L0=152.3  dead=0.603
  -> saved training curves to checkpoints_rand_1e-4_p20/training_curves.png
  -> no loss improvement (74/20)
[step 4550000 | ep 8] train_loss=7.4969e-03  train_recon=1.4689e-03  train_L1=6.0280e+01  val_loss=1.6585e-05  val_mse=1.0186e-05  val_L0=152.2  dead=0.598
  -> saved training curves to checkpoints_rand_1e-4_p20/training_curves.png
  -> no loss improvement (75/20)
[step 4560000 | ep 8] train_loss=6.7855e-03  train_recon=7.3066e-04  train_L1=6.0548e+01  val_loss=1.2997e-05  val_mse=6.5985e-06  val_L0=152.2  dead=0.596
  -> saved training curves to checkpoints_rand_1e-4_p20/training_curves.png
  -> no loss improvement (76/20)
[step 4570000 | ep 8] train_loss=6.6050e-03  train_recon=6.0186e-04  train_L1=6.0031e+01  val_loss=1.0688e-05  val_mse=4.2912e-06  val_L0=152.2  dead=0.598
  -> saved training curves to checkpoints_rand_1e-4_p20/training_curves.png
  -> no loss improvement (77/20)
[step 4580000 | ep 8] train_loss=6.3296e-03  train_recon=2.9824e-04  train_L1=6.0313e+01  val_loss=9.3942e-06  val_mse=2.9969e-06  val_L0=152.2  dead=0.599
  -> saved training curves to checkpoints_rand_1e-4_p20/training_curves.png
  -> no loss improvement (78/20)
[step 4590000 | ep 8] train_loss=6.2421e-03  train_recon=2.1253e-04  train_L1=6.0296e+01  val_loss=8.4556e-06  val_mse=2.0587e-06  val_L0=152.3  dead=0.598
  -> saved training curves to checkpoints_rand_1e-4_p20/training_curves.png
  -> no loss improvement (79/20)
[step 4600000 | ep 8] train_loss=6.1004e-03  train_recon=7.0622e-05  train_L1=6.0297e+01  val_loss=6.8966e-06  val_mse=4.9998e-07  val_L0=152.2  dead=0.596
  -> saved training curves to checkpoints_rand_1e-4_p20/training_curves.png
  -> saved best checkpoint (val_loss=6.8966e-06)
[step 4610000 | ep 8] train_loss=6.7730e-03  train_recon=6.7942e-04  train_L1=6.0936e+01  val_loss=1.2261e-05  val_mse=5.8646e-06  val_L0=152.2  dead=0.594
  -> saved training curves to checkpoints_rand_1e-4_p20/training_curves.png
  -> no loss improvement (1/20)
[step 4620000 | ep 8] train_loss=6.5400e-03  train_recon=5.1557e-04  train_L1=6.0244e+01  val_loss=9.2633e-06  val_mse=2.8673e-06  val_L0=152.2  dead=0.591
  -> saved training curves to checkpoints_rand_1e-4_p20/training_curves.png
  -> no loss improvement (2/20)
[step 4630000 | ep 8] train_loss=6.4646e-03  train_recon=4.6462e-04  train_L1=6.0000e+01  val_loss=1.0866e-05  val_mse=4.4716e-06  val_L0=152.2  dead=0.590
  -> saved training curves to checkpoints_rand_1e-4_p20/training_curves.png
  -> no loss improvement (3/20)
[step 4640000 | ep 8] train_loss=6.5791e-03  train_recon=5.6962e-04  train_L1=6.0095e+01  val_loss=1.2246e-05  val_mse=5.8522e-06  val_L0=152.2  dead=0.594
  -> saved training curves to checkpoints_rand_1e-4_p20/training_curves.png
  -> no loss improvement (4/20)
[step 4650000 | ep 8] train_loss=6.3821e-03  train_recon=3.4167e-04  train_L1=6.0404e+01  val_loss=1.0465e-05  val_mse=4.0712e-06  val_L0=152.2  dead=0.592
  -> saved training curves to checkpoints_rand_1e-4_p20/training_curves.png
  -> no loss improvement (5/20)
[step 4660000 | ep 8] train_loss=6.3304e-03  train_recon=3.3551e-04  train_L1=5.9949e+01  val_loss=8.3059e-06  val_mse=1.9125e-06  val_L0=152.2  dead=0.593
  -> saved training curves to checkpoints_rand_1e-4_p20/training_curves.png
  -> no loss improvement (6/20)
[step 4670000 | ep 8] train_loss=6.8743e-03  train_recon=8.7443e-04  train_L1=5.9999e+01  val_loss=1.6381e-05  val_mse=9.9898e-06  val_L0=152.2  dead=0.596
  -> saved training curves to checkpoints_rand_1e-4_p20/training_curves.png
  -> no loss improvement (7/20)
[step 4680000 | ep 8] train_loss=6.4539e-03  train_recon=4.0630e-04  train_L1=6.0476e+01  val_loss=1.0378e-05  val_mse=3.9863e-06  val_L0=152.2  dead=0.592
  -> saved training curves to checkpoints_rand_1e-4_p20/training_curves.png
  -> no loss improvement (8/20)
[step 4690000 | ep 8] train_loss=6.8606e-03  train_recon=8.0343e-04  train_L1=6.0572e+01  val_loss=1.5269e-05  val_mse=8.8785e-06  val_L0=152.2  dead=0.596
  -> saved training curves to checkpoints_rand_1e-4_p20/training_curves.png
  -> no loss improvement (9/20)
[step 4700000 | ep 8] train_loss=6.3922e-03  train_recon=3.8689e-04  train_L1=6.0053e+01  val_loss=1.0461e-05  val_mse=4.0695e-06  val_L0=152.2  dead=0.596
  -> saved training curves to checkpoints_rand_1e-4_p20/training_curves.png
  -> no loss improvement (10/20)
[step 4710000 | ep 8] train_loss=6.3246e-03  train_recon=2.6276e-04  train_L1=6.0618e+01  val_loss=9.8826e-06  val_mse=3.4932e-06  val_L0=152.3  dead=0.600
  -> saved training curves to checkpoints_rand_1e-4_p20/training_curves.png
  -> no loss improvement (11/20)
[step 4720000 | ep 8] train_loss=6.8065e-03  train_recon=7.6186e-04  train_L1=6.0447e+01  val_loss=1.2488e-05  val_mse=6.0989e-06  val_L0=152.1  dead=0.596
  -> saved training curves to checkpoints_rand_1e-4_p20/training_curves.png
  -> no loss improvement (12/20)
[step 4730000 | ep 8] train_loss=6.5628e-03  train_recon=5.5504e-04  train_L1=6.0078e+01  val_loss=1.1419e-05  val_mse=5.0303e-06  val_L0=152.1  dead=0.598
  -> saved training curves to checkpoints_rand_1e-4_p20/training_curves.png
  -> no loss improvement (13/20)
[step 4740000 | ep 8] train_loss=6.3540e-03  train_recon=3.0773e-04  train_L1=6.0462e+01  val_loss=8.4045e-06  val_mse=2.0155e-06  val_L0=152.2  dead=0.596
  -> saved training curves to checkpoints_rand_1e-4_p20/training_curves.png
  -> no loss improvement (14/20)
[step 4750000 | ep 8] train_loss=6.6295e-03  train_recon=6.0664e-04  train_L1=6.0228e+01  val_loss=1.4369e-05  val_mse=7.9809e-06  val_L0=152.2  dead=0.602
  -> saved training curves to checkpoints_rand_1e-4_p20/training_curves.png
  -> no loss improvement (15/20)
[step 4760000 | ep 8] train_loss=6.4683e-03  train_recon=4.2824e-04  train_L1=6.0401e+01  val_loss=1.0728e-05  val_mse=4.3397e-06  val_L0=152.2  dead=0.602
  -> saved training curves to checkpoints_rand_1e-4_p20/training_curves.png
  -> no loss improvement (16/20)
[step 4770000 | ep 8] train_loss=7.1423e-03  train_recon=1.1200e-03  train_L1=6.0224e+01  val_loss=1.5207e-05  val_mse=8.8204e-06  val_L0=152.1  dead=0.594
  -> saved training curves to checkpoints_rand_1e-4_p20/training_curves.png
  -> no loss improvement (17/20)
[step 4780000 | ep 8] train_loss=6.6984e-03  train_recon=6.6504e-04  train_L1=6.0334e+01  val_loss=1.1461e-05  val_mse=5.0742e-06  val_L0=152.2  dead=0.600
  -> saved training curves to checkpoints_rand_1e-4_p20/training_curves.png
  -> no loss improvement (18/20)
[step 4790000 | ep 8] train_loss=6.1629e-03  train_recon=1.2863e-04  train_L1=6.0342e+01  val_loss=7.5298e-06  val_mse=1.1434e-06  val_L0=152.2  dead=0.596
  -> saved training curves to checkpoints_rand_1e-4_p20/training_curves.png
  -> no loss improvement (19/20)
Epoch 8 done  (step=4793316)
[step 4800000 | ep 9] train_loss=6.3821e-03  train_recon=3.6723e-04  train_L1=6.0149e+01  val_loss=1.0878e-05  val_mse=4.4918e-06  val_L0=152.2  dead=0.601
  -> saved training curves to checkpoints_rand_1e-4_p20/training_curves.png
  -> no loss improvement (20/20)
[step 4810000 | ep 9] train_loss=6.1788e-03  train_recon=1.3996e-04  train_L1=6.0388e+01  val_loss=7.5983e-06  val_mse=1.2134e-06  val_L0=152.2  dead=0.600
  -> saved training curves to checkpoints_rand_1e-4_p20/training_curves.png
  -> no loss improvement (21/20)
[step 4820000 | ep 9] train_loss=6.7550e-03  train_recon=7.2853e-04  train_L1=6.0265e+01  val_loss=9.4532e-06  val_mse=3.0682e-06  val_L0=152.0  dead=0.590
  -> saved training curves to checkpoints_rand_1e-4_p20/training_curves.png
  -> no loss improvement (22/20)
[step 4830000 | ep 9] train_loss=6.1638e-03  train_recon=2.1307e-04  train_L1=5.9508e+01  val_loss=8.5262e-06  val_mse=2.1418e-06  val_L0=151.3  dead=0.595
  -> saved training curves to checkpoints_rand_1e-4_p20/training_curves.png
  -> no loss improvement (23/20)
[step 4840000 | ep 9] train_loss=6.7540e-03  train_recon=7.4642e-04  train_L1=6.0076e+01  val_loss=1.5019e-05  val_mse=8.6356e-06  val_L0=151.3  dead=0.599
  -> saved training curves to checkpoints_rand_1e-4_p20/training_curves.png
  -> no loss improvement (24/20)
[step 4850000 | ep 9] train_loss=6.4262e-03  train_recon=3.9501e-04  train_L1=6.0311e+01  val_loss=1.0256e-05  val_mse=3.8727e-06  val_L0=151.3  dead=0.597
  -> saved training curves to checkpoints_rand_1e-4_p20/training_curves.png
  -> no loss improvement (25/20)
[step 4860000 | ep 9] train_loss=6.7601e-03  train_recon=7.8214e-04  train_L1=5.9780e+01  val_loss=1.3450e-05  val_mse=7.0669e-06  val_L0=151.2  dead=0.598
  -> saved training curves to checkpoints_rand_1e-4_p20/training_curves.png
  -> no loss improvement (26/20)
[step 4870000 | ep 9] train_loss=6.1555e-03  train_recon=1.6130e-04  train_L1=5.9942e+01  val_loss=8.7682e-06  val_mse=2.3856e-06  val_L0=151.3  dead=0.604
  -> saved training curves to checkpoints_rand_1e-4_p20/training_curves.png
  -> no loss improvement (27/20)
[step 4880000 | ep 9] train_loss=6.0852e-03  train_recon=5.4053e-05  train_L1=6.0312e+01  val_loss=6.7539e-06  val_mse=3.7217e-07  val_L0=151.3  dead=0.597
  -> saved training curves to checkpoints_rand_1e-4_p20/training_curves.png
  -> saved best checkpoint (val_loss=6.7539e-06)
[step 4890000 | ep 9] train_loss=6.3418e-03  train_recon=3.1291e-04  train_L1=6.0289e+01  val_loss=9.2187e-06  val_mse=2.8373e-06  val_L0=151.3  dead=0.599
  -> saved training curves to checkpoints_rand_1e-4_p20/training_curves.png
  -> no loss improvement (1/20)
[step 4900000 | ep 9] train_loss=6.7270e-03  train_recon=7.0002e-04  train_L1=6.0270e+01  val_loss=1.2816e-05  val_mse=6.4346e-06  val_L0=151.3  dead=0.597
  -> saved training curves to checkpoints_rand_1e-4_p20/training_curves.png
  -> no loss improvement (2/20)
[step 4910000 | ep 9] train_loss=6.1742e-03  train_recon=1.3448e-04  train_L1=6.0397e+01  val_loss=8.4927e-06  val_mse=2.1124e-06  val_L0=151.3  dead=0.601
  -> saved training curves to checkpoints_rand_1e-4_p20/training_curves.png
  -> no loss improvement (3/20)
[step 4920000 | ep 9] train_loss=6.7071e-03  train_recon=7.1134e-04  train_L1=5.9958e+01  val_loss=1.0774e-05  val_mse=4.3942e-06  val_L0=151.3  dead=0.596
  -> saved training curves to checkpoints_rand_1e-4_p20/training_curves.png
  -> no loss improvement (4/20)
[step 4930000 | ep 9] train_loss=6.6961e-03  train_recon=6.8686e-04  train_L1=6.0092e+01  val_loss=1.4076e-05  val_mse=7.6969e-06  val_L0=151.3  dead=0.597
  -> saved training curves to checkpoints_rand_1e-4_p20/training_curves.png
  -> no loss improvement (5/20)
[step 4940000 | ep 9] train_loss=6.4685e-03  train_recon=4.8160e-04  train_L1=5.9869e+01  val_loss=1.0953e-05  val_mse=4.5737e-06  val_L0=151.3  dead=0.601
  -> saved training curves to checkpoints_rand_1e-4_p20/training_curves.png
  -> no loss improvement (6/20)
[step 4950000 | ep 9] train_loss=7.1037e-03  train_recon=1.0550e-03  train_L1=6.0487e+01  val_loss=1.5422e-05  val_mse=9.0430e-06  val_L0=151.3  dead=0.593
  -> saved training curves to checkpoints_rand_1e-4_p20/training_curves.png
  -> no loss improvement (7/20)
[step 4960000 | ep 9] train_loss=6.4750e-03  train_recon=4.3241e-04  train_L1=6.0426e+01  val_loss=9.9852e-06  val_mse=3.6069e-06  val_L0=151.3  dead=0.597
  -> saved training curves to checkpoints_rand_1e-4_p20/training_curves.png
  -> no loss improvement (8/20)
[step 4970000 | ep 9] train_loss=6.5229e-03  train_recon=5.3261e-04  train_L1=5.9903e+01  val_loss=1.1872e-05  val_mse=5.4942e-06  val_L0=151.3  dead=0.599
  -> saved training curves to checkpoints_rand_1e-4_p20/training_curves.png
  -> no loss improvement (9/20)
[step 4980000 | ep 9] train_loss=6.1254e-03  train_recon=9.1790e-05  train_L1=6.0336e+01  val_loss=7.4033e-06  val_mse=1.0265e-06  val_L0=151.3  dead=0.598
  -> saved training curves to checkpoints_rand_1e-4_p20/training_curves.png
  -> no loss improvement (10/20)
[step 4990000 | ep 9] train_loss=6.2845e-03  train_recon=2.6739e-04  train_L1=6.0171e+01  val_loss=8.1694e-06  val_mse=1.7928e-06  val_L0=151.3  dead=0.600
  -> saved training curves to checkpoints_rand_1e-4_p20/training_curves.png
  -> no loss improvement (11/20)
[step 5000000 | ep 9] train_loss=6.0782e-03  train_recon=8.1133e-05  train_L1=5.9971e+01  val_loss=7.0237e-06  val_mse=6.4770e-07  val_L0=151.3  dead=0.601
  -> saved training curves to checkpoints_rand_1e-4_p20/training_curves.png
  -> no loss improvement (12/20)
[step 5010000 | ep 9] train_loss=6.7084e-03  train_recon=7.0075e-04  train_L1=6.0077e+01  val_loss=1.1572e-05  val_mse=5.1969e-06  val_L0=151.2  dead=0.591
  -> saved training curves to checkpoints_rand_1e-4_p20/training_curves.png
  -> no loss improvement (13/20)
[step 5020000 | ep 9] train_loss=6.2841e-03  train_recon=2.3556e-04  train_L1=6.0486e+01  val_loss=8.7840e-06  val_mse=2.4088e-06  val_L0=151.3  dead=0.603
  -> saved training curves to checkpoints_rand_1e-4_p20/training_curves.png
  -> no loss improvement (14/20)
[step 5030000 | ep 9] train_loss=6.7383e-03  train_recon=7.1730e-04  train_L1=6.0210e+01  val_loss=1.1932e-05  val_mse=5.5573e-06  val_L0=151.3  dead=0.603
  -> saved training curves to checkpoints_rand_1e-4_p20/training_curves.png
  -> no loss improvement (15/20)
[step 5040000 | ep 9] train_loss=6.9139e-03  train_recon=8.7249e-04  train_L1=6.0415e+01  val_loss=1.1576e-05  val_mse=5.2022e-06  val_L0=151.2  dead=0.590
  -> saved training curves to checkpoints_rand_1e-4_p20/training_curves.png
  -> no loss improvement (16/20)
[step 5050000 | ep 9] train_loss=6.3934e-03  train_recon=3.7699e-04  train_L1=6.0164e+01  val_loss=9.8828e-06  val_mse=3.5090e-06  val_L0=151.3  dead=0.597
  -> saved training curves to checkpoints_rand_1e-4_p20/training_curves.png
  -> no loss improvement (17/20)
[step 5060000 | ep 9] train_loss=6.2258e-03  train_recon=2.1044e-04  train_L1=6.0154e+01  val_loss=8.1937e-06  val_mse=1.8203e-06  val_L0=151.3  dead=0.597
  -> saved training curves to checkpoints_rand_1e-4_p20/training_curves.png
  -> no loss improvement (18/20)
[step 5070000 | ep 9] train_loss=7.0969e-03  train_recon=1.0646e-03  train_L1=6.0323e+01  val_loss=1.3964e-05  val_mse=7.5907e-06  val_L0=151.3  dead=0.592
  -> saved training curves to checkpoints_rand_1e-4_p20/training_curves.png
  -> no loss improvement (19/20)
[step 5080000 | ep 9] train_loss=7.2137e-03  train_recon=1.1859e-03  train_L1=6.0277e+01  val_loss=1.2035e-05  val_mse=5.6625e-06  val_L0=151.3  dead=0.591
  -> saved training curves to checkpoints_rand_1e-4_p20/training_curves.png
  -> no loss improvement (20/20)
[step 5090000 | ep 9] train_loss=6.6622e-03  train_recon=6.6880e-04  train_L1=5.9934e+01  val_loss=1.1610e-05  val_mse=5.2374e-06  val_L0=151.3  dead=0.599
  -> saved training curves to checkpoints_rand_1e-4_p20/training_curves.png
  -> no loss improvement (21/20)
[step 5100000 | ep 9] train_loss=6.2302e-03  train_recon=2.4429e-04  train_L1=5.9859e+01  val_loss=7.4796e-06  val_mse=1.1082e-06  val_L0=151.3  dead=0.597
  -> saved training curves to checkpoints_rand_1e-4_p20/training_curves.png
  -> no loss improvement (22/20)
[step 5110000 | ep 9] train_loss=6.2148e-03  train_recon=1.9783e-04  train_L1=6.0170e+01  val_loss=8.8357e-06  val_mse=2.4650e-06  val_L0=151.3  dead=0.603
  -> saved training curves to checkpoints_rand_1e-4_p20/training_curves.png
  -> no loss improvement (23/20)
[step 5120000 | ep 9] train_loss=6.5233e-03  train_recon=5.4322e-04  train_L1=5.9801e+01  val_loss=1.0026e-05  val_mse=3.6557e-06  val_L0=151.3  dead=0.599
  -> saved training curves to checkpoints_rand_1e-4_p20/training_curves.png
  -> no loss improvement (24/20)
[step 5130000 | ep 9] train_loss=6.1374e-03  train_recon=1.4995e-04  train_L1=5.9875e+01  val_loss=8.1212e-06  val_mse=1.7511e-06  val_L0=151.3  dead=0.602
  -> saved training curves to checkpoints_rand_1e-4_p20/training_curves.png
  -> no loss improvement (25/20)
[step 5140000 | ep 9] train_loss=6.3096e-03  train_recon=3.0702e-04  train_L1=6.0026e+01  val_loss=9.2834e-06  val_mse=2.9139e-06  val_L0=151.3  dead=0.600
  -> saved training curves to checkpoints_rand_1e-4_p20/training_curves.png
  -> no loss improvement (26/20)
[step 5150000 | ep 9] train_loss=6.3794e-03  train_recon=3.8206e-04  train_L1=5.9974e+01  val_loss=8.3977e-06  val_mse=2.0286e-06  val_L0=151.2  dead=0.601
  -> saved training curves to checkpoints_rand_1e-4_p20/training_curves.png
  -> no loss improvement (27/20)
[step 5160000 | ep 9] train_loss=6.8590e-03  train_recon=8.8766e-04  train_L1=5.9713e+01  val_loss=1.2394e-05  val_mse=6.0253e-06  val_L0=151.3  dead=0.604
  -> saved training curves to checkpoints_rand_1e-4_p20/training_curves.png
  -> no loss improvement (28/20)
[step 5170000 | ep 9] train_loss=7.1512e-03  train_recon=1.1302e-03  train_L1=6.0210e+01  val_loss=1.8859e-05  val_mse=1.2492e-05  val_L0=151.2  dead=0.599
  -> saved training curves to checkpoints_rand_1e-4_p20/training_curves.png
  -> no loss improvement (29/20)
[step 5180000 | ep 9] train_loss=6.3645e-03  train_recon=3.8440e-04  train_L1=5.9801e+01  val_loss=9.9663e-06  val_mse=3.5986e-06  val_L0=151.3  dead=0.605
  -> saved training curves to checkpoints_rand_1e-4_p20/training_curves.png
  -> no loss improvement (30/20)
[step 5190000 | ep 9] train_loss=6.6721e-03  train_recon=6.1258e-04  train_L1=6.0595e+01  val_loss=1.3133e-05  val_mse=6.7648e-06  val_L0=151.3  dead=0.599
  -> saved training curves to checkpoints_rand_1e-4_p20/training_curves.png
  -> no loss improvement (31/20)
[step 5200000 | ep 9] train_loss=6.4272e-03  train_recon=4.5494e-04  train_L1=5.9722e+01  val_loss=1.2280e-05  val_mse=5.9122e-06  val_L0=151.3  dead=0.604
  -> saved training curves to checkpoints_rand_1e-4_p20/training_curves.png
  -> no loss improvement (32/20)
[step 5210000 | ep 9] train_loss=6.2718e-03  train_recon=2.8109e-04  train_L1=5.9907e+01  val_loss=8.9103e-06  val_mse=2.5438e-06  val_L0=151.3  dead=0.606
  -> saved training curves to checkpoints_rand_1e-4_p20/training_curves.png
  -> no loss improvement (33/20)
[step 5220000 | ep 9] train_loss=6.2283e-03  train_recon=2.6997e-04  train_L1=5.9583e+01  val_loss=9.3427e-06  val_mse=2.9758e-06  val_L0=151.3  dead=0.606
  -> saved training curves to checkpoints_rand_1e-4_p20/training_curves.png
  -> no loss improvement (34/20)
[step 5230000 | ep 9] train_loss=6.4914e-03  train_recon=5.5743e-04  train_L1=5.9340e+01  val_loss=1.0483e-05  val_mse=4.1160e-06  val_L0=151.2  dead=0.608
  -> saved training curves to checkpoints_rand_1e-4_p20/training_curves.png
  -> no loss improvement (35/20)
[step 5240000 | ep 9] train_loss=6.2343e-03  train_recon=2.7831e-04  train_L1=5.9560e+01  val_loss=9.8940e-06  val_mse=3.5284e-06  val_L0=151.3  dead=0.609
  -> saved training curves to checkpoints_rand_1e-4_p20/training_curves.png
  -> no loss improvement (36/20)
[step 5250000 | ep 9] train_loss=6.5871e-03  train_recon=5.9640e-04  train_L1=5.9907e+01  val_loss=9.2053e-06  val_mse=2.8403e-06  val_L0=151.3  dead=0.607
  -> saved training curves to checkpoints_rand_1e-4_p20/training_curves.png
  -> no loss improvement (37/20)
[step 5260000 | ep 9] train_loss=6.5038e-03  train_recon=5.4681e-04  train_L1=5.9570e+01  val_loss=9.9491e-06  val_mse=3.5843e-06  val_L0=151.3  dead=0.607
  -> saved training curves to checkpoints_rand_1e-4_p20/training_curves.png
  -> no loss improvement (38/20)
[step 5270000 | ep 9] train_loss=6.7290e-03  train_recon=7.1332e-04  train_L1=6.0156e+01  val_loss=1.3640e-05  val_mse=7.2745e-06  val_L0=151.3  dead=0.611
  -> saved training curves to checkpoints_rand_1e-4_p20/training_curves.png
  -> no loss improvement (39/20)
[step 5280000 | ep 9] train_loss=6.3176e-03  train_recon=3.3244e-04  train_L1=5.9851e+01  val_loss=1.0226e-05  val_mse=3.8619e-06  val_L0=151.3  dead=0.607
  -> saved training curves to checkpoints_rand_1e-4_p20/training_curves.png
  -> no loss improvement (40/20)
[step 5290000 | ep 9] train_loss=7.0535e-03  train_recon=1.0210e-03  train_L1=6.0325e+01  val_loss=1.6902e-05  val_mse=1.0539e-05  val_L0=151.3  dead=0.609
  -> saved training curves to checkpoints_rand_1e-4_p20/training_curves.png
  -> no loss improvement (41/20)
[step 5300000 | ep 9] train_loss=6.6648e-03  train_recon=6.2810e-04  train_L1=6.0367e+01  val_loss=1.1257e-05  val_mse=4.8935e-06  val_L0=151.2  dead=0.605
  -> saved training curves to checkpoints_rand_1e-4_p20/training_curves.png
  -> no loss improvement (42/20)
[step 5310000 | ep 9] train_loss=6.8836e-03  train_recon=9.1782e-04  train_L1=5.9658e+01  val_loss=1.3929e-05  val_mse=7.5658e-06  val_L0=151.2  dead=0.604
  -> saved training curves to checkpoints_rand_1e-4_p20/training_curves.png
  -> no loss improvement (43/20)
[step 5320000 | ep 9] train_loss=6.6158e-03  train_recon=6.5102e-04  train_L1=5.9648e+01  val_loss=1.5160e-05  val_mse=8.7981e-06  val_L0=151.3  dead=0.606
  -> saved training curves to checkpoints_rand_1e-4_p20/training_curves.png
  -> no loss improvement (44/20)
[step 5330000 | ep 9] train_loss=6.8324e-03  train_recon=8.2190e-04  train_L1=6.0105e+01  val_loss=1.5259e-05  val_mse=8.8966e-06  val_L0=151.3  dead=0.599
  -> saved training curves to checkpoints_rand_1e-4_p20/training_curves.png
  -> no loss improvement (45/20)
[step 5340000 | ep 9] train_loss=6.1578e-03  train_recon=1.9987e-04  train_L1=5.9579e+01  val_loss=8.1497e-06  val_mse=1.7881e-06  val_L0=151.3  dead=0.606
  -> saved training curves to checkpoints_rand_1e-4_p20/training_curves.png
  -> no loss improvement (46/20)
[step 5350000 | ep 9] train_loss=7.5888e-03  train_recon=1.5785e-03  train_L1=6.0103e+01  val_loss=2.3164e-05  val_mse=1.6802e-05  val_L0=151.2  dead=0.611
  -> saved training curves to checkpoints_rand_1e-4_p20/training_curves.png
  -> no loss improvement (47/20)
[step 5360000 | ep 9] train_loss=6.2058e-03  train_recon=1.8752e-04  train_L1=6.0182e+01  val_loss=8.0023e-06  val_mse=1.6415e-06  val_L0=151.3  dead=0.604
  -> saved training curves to checkpoints_rand_1e-4_p20/training_curves.png
  -> no loss improvement (48/20)
[step 5370000 | ep 9] train_loss=6.6098e-03  train_recon=6.1073e-04  train_L1=5.9990e+01  val_loss=1.2242e-05  val_mse=5.8821e-06  val_L0=151.2  dead=0.608
  -> saved training curves to checkpoints_rand_1e-4_p20/training_curves.png
  -> no loss improvement (49/20)
[step 5380000 | ep 9] train_loss=7.2684e-03  train_recon=1.2588e-03  train_L1=6.0096e+01  val_loss=1.7498e-05  val_mse=1.1138e-05  val_L0=151.3  dead=0.611
  -> saved training curves to checkpoints_rand_1e-4_p20/training_curves.png
  -> no loss improvement (50/20)
[step 5390000 | ep 9] train_loss=6.2497e-03  train_recon=2.5198e-04  train_L1=5.9977e+01  val_loss=7.6991e-06  val_mse=1.3397e-06  val_L0=151.3  dead=0.605
  -> saved training curves to checkpoints_rand_1e-4_p20/training_curves.png
  -> no loss improvement (51/20)
[step 5400000 | ep 9] train_loss=6.1230e-03  train_recon=1.7972e-04  train_L1=5.9433e+01  val_loss=6.8808e-06  val_mse=5.2134e-07  val_L0=151.2  dead=0.602
  -> saved training curves to checkpoints_rand_1e-4_p20/training_curves.png
  -> no loss improvement (52/20)
[step 5410000 | ep 9] train_loss=7.0509e-03  train_recon=1.0880e-03  train_L1=5.9629e+01  val_loss=2.5761e-05  val_mse=1.9401e-05  val_L0=151.2  dead=0.602
  -> saved training curves to checkpoints_rand_1e-4_p20/training_curves.png
  -> no loss improvement (53/20)
[step 5420000 | ep 9] train_loss=6.2916e-03  train_recon=3.1669e-04  train_L1=5.9749e+01  val_loss=8.6162e-06  val_mse=2.2580e-06  val_L0=151.3  dead=0.612
  -> saved training curves to checkpoints_rand_1e-4_p20/training_curves.png
  -> no loss improvement (54/20)
[step 5430000 | ep 9] train_loss=6.4597e-03  train_recon=4.3858e-04  train_L1=6.0211e+01  val_loss=8.9471e-06  val_mse=2.5894e-06  val_L0=151.3  dead=0.611
  -> saved training curves to checkpoints_rand_1e-4_p20/training_curves.png
  -> no loss improvement (55/20)
[step 5440000 | ep 9] train_loss=6.4067e-03  train_recon=3.9368e-04  train_L1=6.0130e+01  val_loss=9.1023e-06  val_mse=2.7452e-06  val_L0=151.3  dead=0.612
  -> saved training curves to checkpoints_rand_1e-4_p20/training_curves.png
  -> no loss improvement (56/20)
[step 5450000 | ep 9] train_loss=6.4620e-03  train_recon=4.3591e-04  train_L1=6.0261e+01  val_loss=1.2076e-05  val_mse=5.7187e-06  val_L0=151.3  dead=0.607
  -> saved training curves to checkpoints_rand_1e-4_p20/training_curves.png
  -> no loss improvement (57/20)
[step 5460000 | ep 9] train_loss=6.4466e-03  train_recon=4.5819e-04  train_L1=5.9885e+01  val_loss=1.1064e-05  val_mse=4.7074e-06  val_L0=151.3  dead=0.607
  -> saved training curves to checkpoints_rand_1e-4_p20/training_curves.png
  -> no loss improvement (58/20)
[step 5470000 | ep 9] train_loss=6.5936e-03  train_recon=6.2459e-04  train_L1=5.9691e+01  val_loss=9.8846e-06  val_mse=3.5277e-06  val_L0=151.2  dead=0.602
  -> saved training curves to checkpoints_rand_1e-4_p20/training_curves.png
  -> no loss improvement (59/20)
[step 5480000 | ep 9] train_loss=6.1719e-03  train_recon=1.6331e-04  train_L1=6.0086e+01  val_loss=7.5525e-06  val_mse=1.1964e-06  val_L0=151.3  dead=0.606
  -> saved training curves to checkpoints_rand_1e-4_p20/training_curves.png
  -> no loss improvement (60/20)
[step 5490000 | ep 9] train_loss=6.2716e-03  train_recon=3.1281e-04  train_L1=5.9588e+01  val_loss=9.3276e-06  val_mse=2.9728e-06  val_L0=151.3  dead=0.605
  -> saved training curves to checkpoints_rand_1e-4_p20/training_curves.png
  -> no loss improvement (61/20)
Epoch 9 done  (step=5496645)
[step 5500000 | ep 10] train_loss=6.3481e-03  train_recon=3.8608e-04  train_L1=5.9620e+01  val_loss=9.6131e-06  val_mse=3.2581e-06  val_L0=151.3  dead=0.603
  -> saved training curves to checkpoints_rand_1e-4_p20/training_curves.png
  -> no loss improvement (62/20)
[step 5510000 | ep 10] train_loss=6.2964e-03  train_recon=2.5915e-04  train_L1=6.0372e+01  val_loss=8.0209e-06  val_mse=1.6663e-06  val_L0=151.3  dead=0.604
  -> saved training curves to checkpoints_rand_1e-4_p20/training_curves.png
  -> no loss improvement (63/20)
[step 5520000 | ep 10] train_loss=6.2443e-03  train_recon=2.5656e-04  train_L1=5.9877e+01  val_loss=8.2729e-06  val_mse=1.9183e-06  val_L0=151.3  dead=0.610
  -> saved training curves to checkpoints_rand_1e-4_p20/training_curves.png
  -> no loss improvement (64/20)
[step 5530000 | ep 10] train_loss=6.2620e-03  train_recon=2.6738e-04  train_L1=5.9946e+01  val_loss=8.4677e-06  val_mse=2.1137e-06  val_L0=151.3  dead=0.611
  -> saved training curves to checkpoints_rand_1e-4_p20/training_curves.png
  -> no loss improvement (65/20)
[step 5540000 | ep 10] train_loss=6.1889e-03  train_recon=1.5735e-04  train_L1=6.0315e+01  val_loss=7.4842e-06  val_mse=1.1305e-06  val_L0=151.3  dead=0.605
  -> saved training curves to checkpoints_rand_1e-4_p20/training_curves.png
  -> no loss improvement (66/20)
[step 5550000 | ep 10] train_loss=6.8414e-03  train_recon=8.3592e-04  train_L1=6.0055e+01  val_loss=1.4204e-05  val_mse=7.8515e-06  val_L0=151.3  dead=0.607
  -> saved training curves to checkpoints_rand_1e-4_p20/training_curves.png
  -> no loss improvement (67/20)
[step 5560000 | ep 10] train_loss=6.6110e-03  train_recon=6.0435e-04  train_L1=6.0067e+01  val_loss=1.1452e-05  val_mse=5.0989e-06  val_L0=151.3  dead=0.609
  -> saved training curves to checkpoints_rand_1e-4_p20/training_curves.png
  -> no loss improvement (68/20)
[step 5570000 | ep 10] train_loss=6.6220e-03  train_recon=5.8540e-04  train_L1=6.0366e+01  val_loss=1.0997e-05  val_mse=4.6444e-06  val_L0=151.3  dead=0.610
  -> saved training curves to checkpoints_rand_1e-4_p20/training_curves.png
  -> no loss improvement (69/20)
[step 5580000 | ep 10] train_loss=6.4654e-03  train_recon=4.5721e-04  train_L1=6.0082e+01  val_loss=9.4843e-06  val_mse=3.1321e-06  val_L0=151.3  dead=0.607
  -> saved training curves to checkpoints_rand_1e-4_p20/training_curves.png
  -> no loss improvement (70/20)
[step 5590000 | ep 10] train_loss=6.4625e-03  train_recon=4.5758e-04  train_L1=6.0050e+01  val_loss=1.0742e-05  val_mse=4.3899e-06  val_L0=151.3  dead=0.609
  -> saved training curves to checkpoints_rand_1e-4_p20/training_curves.png
  -> no loss improvement (71/20)
[step 5600000 | ep 10] train_loss=7.5042e-03  train_recon=1.5236e-03  train_L1=5.9805e+01  val_loss=2.0917e-05  val_mse=1.4566e-05  val_L0=151.3  dead=0.609
  -> saved training curves to checkpoints_rand_1e-4_p20/training_curves.png
  -> no loss improvement (72/20)
[step 5610000 | ep 10] train_loss=6.7718e-03  train_recon=7.7216e-04  train_L1=5.9996e+01  val_loss=1.2274e-05  val_mse=5.9232e-06  val_L0=151.2  dead=0.609
  -> saved training curves to checkpoints_rand_1e-4_p20/training_curves.png
  -> no loss improvement (73/20)
[step 5620000 | ep 10] train_loss=6.2805e-03  train_recon=3.1533e-04  train_L1=5.9652e+01  val_loss=9.6683e-06  val_mse=3.3175e-06  val_L0=151.3  dead=0.609
  -> saved training curves to checkpoints_rand_1e-4_p20/training_curves.png
  -> no loss improvement (74/20)
[step 5630000 | ep 10] train_loss=6.3835e-03  train_recon=3.9647e-04  train_L1=5.9870e+01  val_loss=1.0834e-05  val_mse=4.4841e-06  val_L0=151.3  dead=0.612
  -> saved training curves to checkpoints_rand_1e-4_p20/training_curves.png
  -> no loss improvement (75/20)
[step 5640000 | ep 10] train_loss=6.6860e-03  train_recon=7.4617e-04  train_L1=5.9399e+01  val_loss=1.5791e-05  val_mse=9.4410e-06  val_L0=151.3  dead=0.611
  -> saved training curves to checkpoints_rand_1e-4_p20/training_curves.png
  -> no loss improvement (76/20)
[step 5650000 | ep 10] train_loss=6.4492e-03  train_recon=5.3923e-04  train_L1=5.9100e+01  val_loss=1.0537e-05  val_mse=4.1873e-06  val_L0=151.3  dead=0.611
  -> saved training curves to checkpoints_rand_1e-4_p20/training_curves.png
  -> no loss improvement (77/20)
[step 5660000 | ep 10] train_loss=7.0180e-03  train_recon=1.0364e-03  train_L1=5.9816e+01  val_loss=1.4535e-05  val_mse=8.1852e-06  val_L0=151.3  dead=0.610
  -> saved training curves to checkpoints_rand_1e-4_p20/training_curves.png
  -> no loss improvement (78/20)
[step 5670000 | ep 10] train_loss=6.4313e-03  train_recon=4.3651e-04  train_L1=5.9948e+01  val_loss=9.6265e-06  val_mse=3.2774e-06  val_L0=151.3  dead=0.614
  -> saved training curves to checkpoints_rand_1e-4_p20/training_curves.png
  -> no loss improvement (79/20)
[step 5680000 | ep 10] train_loss=6.3172e-03  train_recon=3.6568e-04  train_L1=5.9516e+01  val_loss=9.6563e-06  val_mse=3.3079e-06  val_L0=151.3  dead=0.614
  -> saved training curves to checkpoints_rand_1e-4_p20/training_curves.png
  -> no loss improvement (80/20)
[step 5690000 | ep 10] train_loss=6.0378e-03  train_recon=5.3280e-05  train_L1=5.9845e+01  val_loss=6.5830e-06  val_mse=2.3449e-07  val_L0=151.3  dead=0.613
  -> saved training curves to checkpoints_rand_1e-4_p20/training_curves.png
  -> saved best checkpoint (val_loss=6.5830e-06)
[step 5700000 | ep 10] train_loss=7.0185e-03  train_recon=1.0120e-03  train_L1=6.0064e+01  val_loss=1.9310e-05  val_mse=1.2962e-05  val_L0=151.2  dead=0.612
  -> saved training curves to checkpoints_rand_1e-4_p20/training_curves.png
  -> no loss improvement (1/20)
[step 5710000 | ep 10] train_loss=6.2845e-03  train_recon=2.7601e-04  train_L1=6.0085e+01  val_loss=8.9534e-06  val_mse=2.6061e-06  val_L0=151.3  dead=0.611
  -> saved training curves to checkpoints_rand_1e-4_p20/training_curves.png
  -> no loss improvement (2/20)
[step 5720000 | ep 10] train_loss=6.4462e-03  train_recon=5.2780e-04  train_L1=5.9184e+01  val_loss=1.0864e-05  val_mse=4.5171e-06  val_L0=151.3  dead=0.613
  -> saved training curves to checkpoints_rand_1e-4_p20/training_curves.png
  -> no loss improvement (3/20)
[step 5730000 | ep 10] train_loss=6.6526e-03  train_recon=6.6182e-04  train_L1=5.9908e+01  val_loss=1.2550e-05  val_mse=6.2036e-06  val_L0=151.3  dead=0.616
  -> saved training curves to checkpoints_rand_1e-4_p20/training_curves.png
  -> no loss improvement (4/20)
[step 5740000 | ep 10] train_loss=6.6133e-03  train_recon=6.2798e-04  train_L1=5.9853e+01  val_loss=9.2511e-06  val_mse=2.9044e-06  val_L0=151.3  dead=0.613
  -> saved training curves to checkpoints_rand_1e-4_p20/training_curves.png
  -> no loss improvement (5/20)
[step 5750000 | ep 10] train_loss=6.6123e-03  train_recon=6.3853e-04  train_L1=5.9737e+01  val_loss=1.1047e-05  val_mse=4.7015e-06  val_L0=151.3  dead=0.615
  -> saved training curves to checkpoints_rand_1e-4_p20/training_curves.png
  -> no loss improvement (6/20)
[step 5760000 | ep 10] train_loss=6.8497e-03  train_recon=8.7043e-04  train_L1=5.9793e+01  val_loss=1.2333e-05  val_mse=5.9878e-06  val_L0=151.3  dead=0.616
  -> saved training curves to checkpoints_rand_1e-4_p20/training_curves.png
  -> no loss improvement (7/20)
[step 5770000 | ep 10] train_loss=6.3944e-03  train_recon=4.7924e-04  train_L1=5.9152e+01  val_loss=1.0122e-05  val_mse=3.7761e-06  val_L0=151.3  dead=0.612
  -> saved training curves to checkpoints_rand_1e-4_p20/training_curves.png
  -> no loss improvement (8/20)
[step 5780000 | ep 10] train_loss=6.4898e-03  train_recon=5.2294e-04  train_L1=5.9669e+01  val_loss=1.0064e-05  val_mse=3.7189e-06  val_L0=151.3  dead=0.615
  -> saved training curves to checkpoints_rand_1e-4_p20/training_curves.png
  -> no loss improvement (9/20)
[step 5790000 | ep 10] train_loss=6.6374e-03  train_recon=6.8654e-04  train_L1=5.9508e+01  val_loss=1.0184e-05  val_mse=3.8395e-06  val_L0=151.2  dead=0.611
  -> saved training curves to checkpoints_rand_1e-4_p20/training_curves.png
  -> no loss improvement (10/20)
[step 5800000 | ep 10] train_loss=6.3722e-03  train_recon=4.4224e-04  train_L1=5.9299e+01  val_loss=1.1638e-05  val_mse=5.2931e-06  val_L0=151.3  dead=0.612
  -> saved training curves to checkpoints_rand_1e-4_p20/training_curves.png
  -> no loss improvement (11/20)
[step 5810000 | ep 10] train_loss=6.3535e-03  train_recon=3.4949e-04  train_L1=6.0040e+01  val_loss=7.8275e-06  val_mse=1.4833e-06  val_L0=151.2  dead=0.613
  -> saved training curves to checkpoints_rand_1e-4_p20/training_curves.png
  -> no loss improvement (12/20)
[step 5820000 | ep 10] train_loss=6.7855e-03  train_recon=8.0312e-04  train_L1=5.9824e+01  val_loss=1.3806e-05  val_mse=7.4616e-06  val_L0=151.3  dead=0.613
  -> saved training curves to checkpoints_rand_1e-4_p20/training_curves.png
  -> no loss improvement (13/20)
[step 5830000 | ep 10] train_loss=6.4382e-03  train_recon=4.3117e-04  train_L1=6.0070e+01  val_loss=1.1265e-05  val_mse=4.9212e-06  val_L0=151.3  dead=0.614
  -> saved training curves to checkpoints_rand_1e-4_p20/training_curves.png
  -> no loss improvement (14/20)
[step 5840000 | ep 10] train_loss=6.1194e-03  train_recon=1.3664e-04  train_L1=5.9828e+01  val_loss=7.1457e-06  val_mse=8.0246e-07  val_L0=151.3  dead=0.613
  -> saved training curves to checkpoints_rand_1e-4_p20/training_curves.png
  -> no loss improvement (15/20)
[step 5850000 | ep 10] train_loss=6.7851e-03  train_recon=8.9395e-04  train_L1=5.8911e+01  val_loss=1.6879e-05  val_mse=1.0536e-05  val_L0=151.3  dead=0.616
  -> saved training curves to checkpoints_rand_1e-4_p20/training_curves.png
  -> no loss improvement (16/20)
[step 5860000 | ep 10] train_loss=6.3507e-03  train_recon=3.9180e-04  train_L1=5.9589e+01  val_loss=9.7564e-06  val_mse=3.4135e-06  val_L0=151.3  dead=0.613
  -> saved training curves to checkpoints_rand_1e-4_p20/training_curves.png
  -> no loss improvement (17/20)
[step 5870000 | ep 10] train_loss=6.3933e-03  train_recon=3.6348e-04  train_L1=6.0298e+01  val_loss=9.5600e-06  val_mse=3.2177e-06  val_L0=151.3  dead=0.613
  -> saved training curves to checkpoints_rand_1e-4_p20/training_curves.png
  -> no loss improvement (18/20)
[step 5880000 | ep 10] train_loss=6.5036e-03  train_recon=5.2595e-04  train_L1=5.9776e+01  val_loss=1.2155e-05  val_mse=5.8136e-06  val_L0=151.3  dead=0.612
  -> saved training curves to checkpoints_rand_1e-4_p20/training_curves.png
  -> no loss improvement (19/20)
[step 5890000 | ep 10] train_loss=6.7906e-03  train_recon=8.0623e-04  train_L1=5.9844e+01  val_loss=1.4136e-05  val_mse=7.7947e-06  val_L0=151.3  dead=0.615
  -> saved training curves to checkpoints_rand_1e-4_p20/training_curves.png
  -> no loss improvement (20/20)
[step 5900000 | ep 10] train_loss=6.6163e-03  train_recon=6.4632e-04  train_L1=5.9700e+01  val_loss=1.4335e-05  val_mse=7.9937e-06  val_L0=151.3  dead=0.620
  -> saved training curves to checkpoints_rand_1e-4_p20/training_curves.png
  -> no loss improvement (21/20)
[step 5910000 | ep 10] train_loss=6.6215e-03  train_recon=6.1176e-04  train_L1=6.0097e+01  val_loss=1.2042e-05  val_mse=5.7018e-06  val_L0=151.3  dead=0.618
  -> saved training curves to checkpoints_rand_1e-4_p20/training_curves.png
  -> no loss improvement (22/20)
[step 5920000 | ep 10] train_loss=6.2694e-03  train_recon=3.0541e-04  train_L1=5.9640e+01  val_loss=9.4542e-06  val_mse=3.1143e-06  val_L0=151.3  dead=0.619
  -> saved training curves to checkpoints_rand_1e-4_p20/training_curves.png
  -> no loss improvement (23/20)
[step 5930000 | ep 10] train_loss=6.1849e-03  train_recon=1.9434e-04  train_L1=5.9906e+01  val_loss=7.6662e-06  val_mse=1.3264e-06  val_L0=151.3  dead=0.619
  -> saved training curves to checkpoints_rand_1e-4_p20/training_curves.png
  -> no loss improvement (24/20)
[step 5940000 | ep 10] train_loss=6.3909e-03  train_recon=4.7222e-04  train_L1=5.9187e+01  val_loss=9.8012e-06  val_mse=3.4614e-06  val_L0=151.2  dead=0.614
  -> saved training curves to checkpoints_rand_1e-4_p20/training_curves.png
  -> no loss improvement (25/20)
[step 5950000 | ep 10] train_loss=6.5453e-03  train_recon=5.7128e-04  train_L1=5.9740e+01  val_loss=1.1080e-05  val_mse=4.7407e-06  val_L0=151.3  dead=0.618
  -> saved training curves to checkpoints_rand_1e-4_p20/training_curves.png
  -> no loss improvement (26/20)
[step 5960000 | ep 10] train_loss=6.5848e-03  train_recon=6.1501e-04  train_L1=5.9698e+01  val_loss=9.6323e-06  val_mse=3.2931e-06  val_L0=151.3  dead=0.616
  -> saved training curves to checkpoints_rand_1e-4_p20/training_curves.png
  -> no loss improvement (27/20)
[step 5970000 | ep 10] train_loss=6.2010e-03  train_recon=1.6931e-04  train_L1=6.0317e+01  val_loss=7.9410e-06  val_mse=1.6022e-06  val_L0=151.3  dead=0.619
  -> saved training curves to checkpoints_rand_1e-4_p20/training_curves.png
  -> no loss improvement (28/20)
[step 5980000 | ep 10] train_loss=6.4838e-03  train_recon=4.8431e-04  train_L1=5.9995e+01  val_loss=1.1665e-05  val_mse=5.3265e-06  val_L0=151.3  dead=0.618
  -> saved training curves to checkpoints_rand_1e-4_p20/training_curves.png
  -> no loss improvement (29/20)
[step 5990000 | ep 10] train_loss=6.3106e-03  train_recon=3.0924e-04  train_L1=6.0013e+01  val_loss=9.7850e-06  val_mse=3.4472e-06  val_L0=151.3  dead=0.621
  -> saved training curves to checkpoints_rand_1e-4_p20/training_curves.png
  -> no loss improvement (30/20)
[step 6000000 | ep 10] train_loss=6.5849e-03  train_recon=6.2642e-04  train_L1=5.9585e+01  val_loss=1.1321e-05  val_mse=4.9826e-06  val_L0=151.3  dead=0.623
  -> saved training curves to checkpoints_rand_1e-4_p20/training_curves.png
  -> no loss improvement (31/20)
[step 6010000 | ep 10] train_loss=6.4148e-03  train_recon=4.3589e-04  train_L1=5.9789e+01  val_loss=9.8272e-06  val_mse=3.4895e-06  val_L0=151.3  dead=0.622
  -> saved training curves to checkpoints_rand_1e-4_p20/training_curves.png
  -> no loss improvement (32/20)
[step 6020000 | ep 10] train_loss=6.6386e-03  train_recon=6.8221e-04  train_L1=5.9564e+01  val_loss=1.3676e-05  val_mse=7.3390e-06  val_L0=151.2  dead=0.621
  -> saved training curves to checkpoints_rand_1e-4_p20/training_curves.png
  -> no loss improvement (33/20)
[step 6030000 | ep 10] train_loss=6.9825e-03  train_recon=1.0060e-03  train_L1=5.9765e+01  val_loss=1.7688e-05  val_mse=1.1352e-05  val_L0=151.2  dead=0.619
  -> saved training curves to checkpoints_rand_1e-4_p20/training_curves.png
  -> no loss improvement (34/20)
[step 6040000 | ep 10] train_loss=6.8954e-03  train_recon=8.9059e-04  train_L1=6.0048e+01  val_loss=1.7696e-05  val_mse=1.1360e-05  val_L0=151.3  dead=0.619
  -> saved training curves to checkpoints_rand_1e-4_p20/training_curves.png
  -> no loss improvement (35/20)
[step 6050000 | ep 10] train_loss=7.0802e-03  train_recon=1.0843e-03  train_L1=5.9959e+01  val_loss=1.6375e-05  val_mse=1.0039e-05  val_L0=151.3  dead=0.617
  -> saved training curves to checkpoints_rand_1e-4_p20/training_curves.png
  -> no loss improvement (36/20)
[step 6060000 | ep 10] train_loss=6.7734e-03  train_recon=8.1705e-04  train_L1=5.9564e+01  val_loss=1.3872e-05  val_mse=7.5365e-06  val_L0=151.3  dead=0.620
  -> saved training curves to checkpoints_rand_1e-4_p20/training_curves.png
  -> no loss improvement (37/20)
[step 6070000 | ep 10] train_loss=6.3485e-03  train_recon=3.7404e-04  train_L1=5.9744e+01  val_loss=9.3438e-06  val_mse=3.0080e-06  val_L0=151.3  dead=0.622
  -> saved training curves to checkpoints_rand_1e-4_p20/training_curves.png
  -> no loss improvement (38/20)
[step 6080000 | ep 10] train_loss=7.0113e-03  train_recon=1.0268e-03  train_L1=5.9845e+01  val_loss=1.2266e-05  val_mse=5.9303e-06  val_L0=151.3  dead=0.622
  -> saved training curves to checkpoints_rand_1e-4_p20/training_curves.png
  -> no loss improvement (39/20)
[step 6090000 | ep 10] train_loss=6.3121e-03  train_recon=3.7075e-04  train_L1=5.9414e+01  val_loss=9.9431e-06  val_mse=3.6086e-06  val_L0=151.3  dead=0.623
  -> saved training curves to checkpoints_rand_1e-4_p20/training_curves.png
  -> no loss improvement (40/20)
[step 6100000 | ep 10] train_loss=6.2538e-03  train_recon=3.1546e-04  train_L1=5.9384e+01  val_loss=8.6527e-06  val_mse=2.3183e-06  val_L0=151.3  dead=0.622
  -> saved training curves to checkpoints_rand_1e-4_p20/training_curves.png
  -> no loss improvement (41/20)
[step 6110000 | ep 10] train_loss=6.1829e-03  train_recon=2.4601e-04  train_L1=5.9369e+01  val_loss=7.8839e-06  val_mse=1.5498e-06  val_L0=151.3  dead=0.621
  -> saved training curves to checkpoints_rand_1e-4_p20/training_curves.png
  -> no loss improvement (42/20)
[step 6120000 | ep 10] train_loss=6.2519e-03  train_recon=3.0827e-04  train_L1=5.9436e+01  val_loss=9.0406e-06  val_mse=2.7064e-06  val_L0=151.3  dead=0.621
  -> saved training curves to checkpoints_rand_1e-4_p20/training_curves.png
  -> no loss improvement (43/20)
[step 6130000 | ep 10] train_loss=7.2574e-03  train_recon=1.2567e-03  train_L1=6.0008e+01  val_loss=1.6994e-05  val_mse=1.0660e-05  val_L0=151.3  dead=0.624
  -> saved training curves to checkpoints_rand_1e-4_p20/training_curves.png
  -> no loss improvement (44/20)
[step 6140000 | ep 10] train_loss=7.2310e-03  train_recon=1.2285e-03  train_L1=6.0026e+01  val_loss=1.6095e-05  val_mse=9.7611e-06  val_L0=151.2  dead=0.620
  -> saved training curves to checkpoints_rand_1e-4_p20/training_curves.png
  -> no loss improvement (45/20)
[step 6150000 | ep 10] train_loss=6.6377e-03  train_recon=6.1647e-04  train_L1=6.0212e+01  val_loss=1.4132e-05  val_mse=7.7982e-06  val_L0=151.3  dead=0.626
  -> saved training curves to checkpoints_rand_1e-4_p20/training_curves.png
  -> no loss improvement (46/20)
[step 6160000 | ep 10] train_loss=7.0075e-03  train_recon=1.0306e-03  train_L1=5.9768e+01  val_loss=1.3953e-05  val_mse=7.6201e-06  val_L0=151.3  dead=0.619
  -> saved training curves to checkpoints_rand_1e-4_p20/training_curves.png
  -> no loss improvement (47/20)
[step 6170000 | ep 10] train_loss=6.3017e-03  train_recon=3.1320e-04  train_L1=5.9885e+01  val_loss=1.0159e-05  val_mse=3.8261e-06  val_L0=151.3  dead=0.627
  -> saved training curves to checkpoints_rand_1e-4_p20/training_curves.png
  -> no loss improvement (48/20)
[step 6180000 | ep 10] train_loss=6.9071e-03  train_recon=9.1899e-04  train_L1=5.9881e+01  val_loss=1.4262e-05  val_mse=7.9294e-06  val_L0=151.3  dead=0.622
  -> saved training curves to checkpoints_rand_1e-4_p20/training_curves.png
  -> no loss improvement (49/20)
[step 6190000 | ep 10] train_loss=6.4931e-03  train_recon=5.1093e-04  train_L1=5.9822e+01  val_loss=1.0519e-05  val_mse=4.1866e-06  val_L0=151.3  dead=0.623
  -> saved training curves to checkpoints_rand_1e-4_p20/training_curves.png
  -> no loss improvement (50/20)
Epoch 10 done  (step=6199974)
[step 6200000 | ep 11] train_loss=6.2986e-03  train_recon=3.3138e-04  train_L1=5.9672e+01  val_loss=9.0256e-06  val_mse=2.6941e-06  val_L0=151.3  dead=0.624
  -> saved training curves to checkpoints_rand_1e-4_p20/training_curves.png
  -> no loss improvement (51/20)
[step 6210000 | ep 11] train_loss=5.9914e-03  train_recon=7.9929e-05  train_L1=5.9115e+01  val_loss=7.0763e-06  val_mse=7.4500e-07  val_L0=151.3  dead=0.622
  -> saved training curves to checkpoints_rand_1e-4_p20/training_curves.png
  -> no loss improvement (52/20)
[step 6220000 | ep 11] train_loss=6.1548e-03  train_recon=1.9157e-04  train_L1=5.9633e+01  val_loss=7.8016e-06  val_mse=1.4704e-06  val_L0=151.3  dead=0.621
  -> saved training curves to checkpoints_rand_1e-4_p20/training_curves.png
  -> no loss improvement (53/20)
[step 6230000 | ep 11] train_loss=6.2991e-03  train_recon=3.3971e-04  train_L1=5.9594e+01  val_loss=9.7966e-06  val_mse=3.4655e-06  val_L0=151.3  dead=0.618
  -> saved training curves to checkpoints_rand_1e-4_p20/training_curves.png
  -> no loss improvement (54/20)
[step 6240000 | ep 11] train_loss=6.0768e-03  train_recon=6.0190e-05  train_L1=6.0166e+01  val_loss=6.8386e-06  val_mse=5.0851e-07  val_L0=151.3  dead=0.618
  -> saved training curves to checkpoints_rand_1e-4_p20/training_curves.png
  -> no loss improvement (55/20)
[step 6250000 | ep 11] train_loss=6.4980e-03  train_recon=5.7741e-04  train_L1=5.9206e+01  val_loss=1.0749e-05  val_mse=4.4185e-06  val_L0=151.3  dead=0.618
  -> saved training curves to checkpoints_rand_1e-4_p20/training_curves.png
  -> no loss improvement (56/20)
[step 6260000 | ep 11] train_loss=6.2823e-03  train_recon=3.3864e-04  train_L1=5.9437e+01  val_loss=9.0576e-06  val_mse=2.7280e-06  val_L0=151.3  dead=0.619
  -> saved training curves to checkpoints_rand_1e-4_p20/training_curves.png
  -> no loss improvement (57/20)
[step 6270000 | ep 11] train_loss=6.3862e-03  train_recon=3.9056e-04  train_L1=5.9956e+01  val_loss=1.0196e-05  val_mse=3.8671e-06  val_L0=151.3  dead=0.621
  -> saved training curves to checkpoints_rand_1e-4_p20/training_curves.png
  -> no loss improvement (58/20)
[step 6280000 | ep 11] train_loss=6.4715e-03  train_recon=5.4481e-04  train_L1=5.9266e+01  val_loss=1.1099e-05  val_mse=4.7700e-06  val_L0=151.3  dead=0.622
  -> saved training curves to checkpoints_rand_1e-4_p20/training_curves.png
  -> no loss improvement (59/20)
[step 6290000 | ep 11] train_loss=6.6260e-03  train_recon=6.2417e-04  train_L1=6.0019e+01  val_loss=1.1407e-05  val_mse=5.0780e-06  val_L0=151.3  dead=0.619
  -> saved training curves to checkpoints_rand_1e-4_p20/training_curves.png
  -> no loss improvement (60/20)
[step 6300000 | ep 11] train_loss=6.6158e-03  train_recon=6.4562e-04  train_L1=5.9702e+01  val_loss=1.3328e-05  val_mse=6.9990e-06  val_L0=151.3  dead=0.620
  -> saved training curves to checkpoints_rand_1e-4_p20/training_curves.png
  -> no loss improvement (61/20)
[step 6310000 | ep 11] train_loss=6.5396e-03  train_recon=5.8669e-04  train_L1=5.9529e+01  val_loss=1.1885e-05  val_mse=5.5567e-06  val_L0=151.3  dead=0.619
  -> saved training curves to checkpoints_rand_1e-4_p20/training_curves.png
  -> no loss improvement (62/20)
[step 6320000 | ep 11] train_loss=7.2879e-03  train_recon=1.2838e-03  train_L1=6.0041e+01  val_loss=1.6080e-05  val_mse=9.7517e-06  val_L0=151.2  dead=0.619
  -> saved training curves to checkpoints_rand_1e-4_p20/training_curves.png
  -> no loss improvement (63/20)
[step 6330000 | ep 11] train_loss=6.2457e-03  train_recon=3.0527e-04  train_L1=5.9404e+01  val_loss=7.9823e-06  val_mse=1.6544e-06  val_L0=151.3  dead=0.616
  -> saved training curves to checkpoints_rand_1e-4_p20/training_curves.png
  -> no loss improvement (64/20)
[step 6340000 | ep 11] train_loss=6.6859e-03  train_recon=7.5734e-04  train_L1=5.9285e+01  val_loss=1.6451e-05  val_mse=1.0124e-05  val_L0=151.3  dead=0.617
  -> saved training curves to checkpoints_rand_1e-4_p20/training_curves.png
  -> no loss improvement (65/20)
[step 6350000 | ep 11] train_loss=6.5553e-03  train_recon=5.9849e-04  train_L1=5.9568e+01  val_loss=1.1779e-05  val_mse=5.4516e-06  val_L0=151.3  dead=0.619
  -> saved training curves to checkpoints_rand_1e-4_p20/training_curves.png
  -> no loss improvement (66/20)
[step 6360000 | ep 11] train_loss=7.1062e-03  train_recon=1.1305e-03  train_L1=5.9757e+01  val_loss=1.6452e-05  val_mse=1.0125e-05  val_L0=151.3  dead=0.619
  -> saved training curves to checkpoints_rand_1e-4_p20/training_curves.png
  -> no loss improvement (67/20)
[step 6370000 | ep 11] train_loss=6.4500e-03  train_recon=4.4902e-04  train_L1=6.0009e+01  val_loss=1.1156e-05  val_mse=4.8295e-06  val_L0=151.3  dead=0.621
  -> saved training curves to checkpoints_rand_1e-4_p20/training_curves.png
  -> no loss improvement (68/20)
[step 6380000 | ep 11] train_loss=6.8790e-03  train_recon=9.1390e-04  train_L1=5.9651e+01  val_loss=1.1744e-05  val_mse=5.4182e-06  val_L0=151.2  dead=0.614
  -> saved training curves to checkpoints_rand_1e-4_p20/training_curves.png
  -> no loss improvement (69/20)
[step 6390000 | ep 11] train_loss=6.2902e-03  train_recon=2.9816e-04  train_L1=5.9921e+01  val_loss=9.0837e-06  val_mse=2.7577e-06  val_L0=151.3  dead=0.617
  -> saved training curves to checkpoints_rand_1e-4_p20/training_curves.png
  -> no loss improvement (70/20)
[step 6400000 | ep 11] train_loss=6.4798e-03  train_recon=5.4993e-04  train_L1=5.9299e+01  val_loss=1.0283e-05  val_mse=3.9578e-06  val_L0=151.3  dead=0.618
  -> saved training curves to checkpoints_rand_1e-4_p20/training_curves.png
  -> no loss improvement (71/20)
[step 6410000 | ep 11] train_loss=6.7299e-03  train_recon=7.7596e-04  train_L1=5.9539e+01  val_loss=1.4512e-05  val_mse=8.1868e-06  val_L0=151.3  dead=0.617
  -> saved training curves to checkpoints_rand_1e-4_p20/training_curves.png
  -> no loss improvement (72/20)
[step 6420000 | ep 11] train_loss=6.9513e-03  train_recon=9.7638e-04  train_L1=5.9750e+01  val_loss=1.5556e-05  val_mse=9.2313e-06  val_L0=151.3  dead=0.620
  -> saved training curves to checkpoints_rand_1e-4_p20/training_curves.png
  -> no loss improvement (73/20)
[step 6430000 | ep 11] train_loss=6.4451e-03  train_recon=4.9000e-04  train_L1=5.9551e+01  val_loss=9.4449e-06  val_mse=3.1197e-06  val_L0=151.3  dead=0.618
  -> saved training curves to checkpoints_rand_1e-4_p20/training_curves.png
  -> no loss improvement (74/20)
[step 6440000 | ep 11] train_loss=6.5443e-03  train_recon=5.7706e-04  train_L1=5.9672e+01  val_loss=1.0980e-05  val_mse=4.6559e-06  val_L0=151.3  dead=0.621
  -> saved training curves to checkpoints_rand_1e-4_p20/training_curves.png
  -> no loss improvement (75/20)
[step 6450000 | ep 11] train_loss=6.8726e-03  train_recon=9.7568e-04  train_L1=5.8969e+01  val_loss=1.5848e-05  val_mse=9.5235e-06  val_L0=151.3  dead=0.622
  -> saved training curves to checkpoints_rand_1e-4_p20/training_curves.png
  -> no loss improvement (76/20)
[step 6460000 | ep 11] train_loss=6.8214e-03  train_recon=8.7556e-04  train_L1=5.9459e+01  val_loss=1.3803e-05  val_mse=7.4794e-06  val_L0=151.3  dead=0.622
  -> saved training curves to checkpoints_rand_1e-4_p20/training_curves.png
  -> no loss improvement (77/20)
[step 6470000 | ep 11] train_loss=6.4836e-03  train_recon=5.0775e-04  train_L1=5.9759e+01  val_loss=1.2750e-05  val_mse=6.4265e-06  val_L0=151.3  dead=0.623
  -> saved training curves to checkpoints_rand_1e-4_p20/training_curves.png
  -> no loss improvement (78/20)
[step 6480000 | ep 11] train_loss=6.2910e-03  train_recon=3.3341e-04  train_L1=5.9576e+01  val_loss=8.8282e-06  val_mse=2.5051e-06  val_L0=151.3  dead=0.622
  -> saved training curves to checkpoints_rand_1e-4_p20/training_curves.png
  -> no loss improvement (79/20)
[step 6490000 | ep 11] train_loss=6.5908e-03  train_recon=5.7481e-04  train_L1=6.0160e+01  val_loss=1.2913e-05  val_mse=6.5902e-06  val_L0=151.3  dead=0.621
  -> saved training curves to checkpoints_rand_1e-4_p20/training_curves.png
  -> no loss improvement (80/20)
[step 6500000 | ep 11] train_loss=6.5490e-03  train_recon=6.4096e-04  train_L1=5.9080e+01  val_loss=1.5817e-05  val_mse=9.4940e-06  val_L0=151.3  dead=0.620
  -> saved training curves to checkpoints_rand_1e-4_p20/training_curves.png
  -> no loss improvement (81/20)
[step 6510000 | ep 11] train_loss=6.2787e-03  train_recon=3.4617e-04  train_L1=5.9326e+01  val_loss=9.3139e-06  val_mse=2.9912e-06  val_L0=151.3  dead=0.621
  -> saved training curves to checkpoints_rand_1e-4_p20/training_curves.png
  -> no loss improvement (82/20)
[step 6520000 | ep 11] train_loss=6.0475e-03  train_recon=5.9250e-05  train_L1=5.9882e+01  val_loss=6.7471e-06  val_mse=4.2512e-07  val_L0=151.3  dead=0.625
  -> saved training curves to checkpoints_rand_1e-4_p20/training_curves.png
  -> no loss improvement (83/20)
[step 6530000 | ep 11] train_loss=6.1453e-03  train_recon=1.9625e-04  train_L1=5.9491e+01  val_loss=7.6324e-06  val_mse=1.3107e-06  val_L0=151.3  dead=0.625
  -> saved training curves to checkpoints_rand_1e-4_p20/training_curves.png
  -> no loss improvement (84/20)
[step 6540000 | ep 11] train_loss=6.4657e-03  train_recon=5.4393e-04  train_L1=5.9218e+01  val_loss=1.2580e-05  val_mse=6.2585e-06  val_L0=151.3  dead=0.624
  -> saved training curves to checkpoints_rand_1e-4_p20/training_curves.png
  -> no loss improvement (85/20)
[step 6550000 | ep 11] train_loss=6.4004e-03  train_recon=4.1336e-04  train_L1=5.9870e+01  val_loss=1.1626e-05  val_mse=5.3049e-06  val_L0=151.3  dead=0.627
  -> saved training curves to checkpoints_rand_1e-4_p20/training_curves.png
  -> no loss improvement (86/20)
[step 6560000 | ep 11] train_loss=6.4471e-03  train_recon=4.7979e-04  train_L1=5.9674e+01  val_loss=1.0297e-05  val_mse=3.9754e-06  val_L0=151.3  dead=0.626
  -> saved training curves to checkpoints_rand_1e-4_p20/training_curves.png
  -> no loss improvement (87/20)
[step 6570000 | ep 11] train_loss=6.4376e-03  train_recon=4.8281e-04  train_L1=5.9548e+01  val_loss=1.2126e-05  val_mse=5.8053e-06  val_L0=151.3  dead=0.625
  -> saved training curves to checkpoints_rand_1e-4_p20/training_curves.png
  -> no loss improvement (88/20)
[step 6580000 | ep 11] train_loss=7.1932e-03  train_recon=1.2468e-03  train_L1=5.9464e+01  val_loss=1.4251e-05  val_mse=7.9306e-06  val_L0=151.3  dead=0.626
  -> saved training curves to checkpoints_rand_1e-4_p20/training_curves.png
  -> no loss improvement (89/20)
[step 6590000 | ep 11] train_loss=6.4453e-03  train_recon=4.8544e-04  train_L1=5.9598e+01  val_loss=1.0429e-05  val_mse=4.1088e-06  val_L0=151.3  dead=0.624
  -> saved training curves to checkpoints_rand_1e-4_p20/training_curves.png
  -> no loss improvement (90/20)
[step 6600000 | ep 11] train_loss=6.7013e-03  train_recon=7.6154e-04  train_L1=5.9397e+01  val_loss=1.3780e-05  val_mse=7.4607e-06  val_L0=151.3  dead=0.624
  -> saved training curves to checkpoints_rand_1e-4_p20/training_curves.png
  -> no loss improvement (91/20)
[step 6610000 | ep 11] train_loss=6.9274e-03  train_recon=9.6839e-04  train_L1=5.9590e+01  val_loss=1.5066e-05  val_mse=8.7471e-06  val_L0=151.2  dead=0.625
  -> saved training curves to checkpoints_rand_1e-4_p20/training_curves.png
  -> no loss improvement (92/20)
[step 6620000 | ep 11] train_loss=6.3662e-03  train_recon=4.3046e-04  train_L1=5.9357e+01  val_loss=1.0746e-05  val_mse=4.4261e-06  val_L0=151.3  dead=0.625
  -> saved training curves to checkpoints_rand_1e-4_p20/training_curves.png
  -> no loss improvement (93/20)
[step 6630000 | ep 11] train_loss=6.3853e-03  train_recon=4.1389e-04  train_L1=5.9714e+01  val_loss=8.5892e-06  val_mse=2.2700e-06  val_L0=151.3  dead=0.622
  -> saved training curves to checkpoints_rand_1e-4_p20/training_curves.png
  -> no loss improvement (94/20)
[step 6640000 | ep 11] train_loss=6.1447e-03  train_recon=1.5869e-04  train_L1=5.9860e+01  val_loss=7.7528e-06  val_mse=1.4338e-06  val_L0=151.3  dead=0.625
  -> saved training curves to checkpoints_rand_1e-4_p20/training_curves.png
  -> no loss improvement (95/20)
[step 6650000 | ep 11] train_loss=6.1477e-03  train_recon=2.3167e-04  train_L1=5.9161e+01  val_loss=7.7845e-06  val_mse=1.4655e-06  val_L0=151.3  dead=0.624
  -> saved training curves to checkpoints_rand_1e-4_p20/training_curves.png
  -> no loss improvement (96/20)
[step 6660000 | ep 11] train_loss=6.2563e-03  train_recon=3.0853e-04  train_L1=5.9477e+01  val_loss=9.7318e-06  val_mse=3.4135e-06  val_L0=151.3  dead=0.623
  -> saved training curves to checkpoints_rand_1e-4_p20/training_curves.png
  -> no loss improvement (97/20)
[step 6670000 | ep 11] train_loss=6.2402e-03  train_recon=2.7485e-04  train_L1=5.9654e+01  val_loss=9.3243e-06  val_mse=3.0065e-06  val_L0=151.3  dead=0.624
  -> saved training curves to checkpoints_rand_1e-4_p20/training_curves.png
  -> no loss improvement (98/20)
[step 6680000 | ep 11] train_loss=6.3177e-03  train_recon=3.3986e-04  train_L1=5.9778e+01  val_loss=9.2438e-06  val_mse=2.9261e-06  val_L0=151.3  dead=0.624
  -> saved training curves to checkpoints_rand_1e-4_p20/training_curves.png
  -> no loss improvement (99/20)
[step 6690000 | ep 11] train_loss=6.2105e-03  train_recon=2.8810e-04  train_L1=5.9224e+01  val_loss=1.0640e-05  val_mse=4.3228e-06  val_L0=151.3  dead=0.626
  -> saved training curves to checkpoints_rand_1e-4_p20/training_curves.png
  -> no loss improvement (100/20)
[step 6700000 | ep 11] train_loss=6.4425e-03  train_recon=5.1881e-04  train_L1=5.9237e+01  val_loss=1.0361e-05  val_mse=4.0434e-06  val_L0=151.3  dead=0.623
  -> saved training curves to checkpoints_rand_1e-4_p20/training_curves.png
  -> no loss improvement (101/20)
[step 6710000 | ep 11] train_loss=6.0749e-03  train_recon=1.3172e-04  train_L1=5.9432e+01  val_loss=7.9427e-06  val_mse=1.6252e-06  val_L0=151.3  dead=0.624
  -> saved training curves to checkpoints_rand_1e-4_p20/training_curves.png
  -> no loss improvement (102/20)
[step 6720000 | ep 11] train_loss=6.1324e-03  train_recon=1.5445e-04  train_L1=5.9780e+01  val_loss=7.8285e-06  val_mse=1.5116e-06  val_L0=151.3  dead=0.622
  -> saved training curves to checkpoints_rand_1e-4_p20/training_curves.png
  -> no loss improvement (103/20)
[step 6730000 | ep 11] train_loss=6.6113e-03  train_recon=6.3285e-04  train_L1=5.9785e+01  val_loss=1.2903e-05  val_mse=6.5861e-06  val_L0=151.3  dead=0.625
  -> saved training curves to checkpoints_rand_1e-4_p20/training_curves.png
  -> no loss improvement (104/20)
[step 6740000 | ep 11] train_loss=6.4418e-03  train_recon=4.8362e-04  train_L1=5.9582e+01  val_loss=1.0489e-05  val_mse=4.1728e-06  val_L0=151.3  dead=0.627
  -> saved training curves to checkpoints_rand_1e-4_p20/training_curves.png
  -> no loss improvement (105/20)
[step 6750000 | ep 11] train_loss=6.1467e-03  train_recon=2.1414e-04  train_L1=5.9325e+01  val_loss=9.1493e-06  val_mse=2.8329e-06  val_L0=151.3  dead=0.624
  -> saved training curves to checkpoints_rand_1e-4_p20/training_curves.png
  -> no loss improvement (106/20)
[step 6760000 | ep 11] train_loss=6.1656e-03  train_recon=2.4741e-04  train_L1=5.9182e+01  val_loss=8.6481e-06  val_mse=2.3324e-06  val_L0=151.3  dead=0.629
  -> saved training curves to checkpoints_rand_1e-4_p20/training_curves.png
  -> no loss improvement (107/20)
[step 6770000 | ep 11] train_loss=6.3492e-03  train_recon=4.3042e-04  train_L1=5.9188e+01  val_loss=9.3086e-06  val_mse=2.9927e-06  val_L0=151.3  dead=0.627
  -> saved training curves to checkpoints_rand_1e-4_p20/training_curves.png
  -> no loss improvement (108/20)
[step 6780000 | ep 11] train_loss=6.2203e-03  train_recon=2.5663e-04  train_L1=5.9636e+01  val_loss=7.7812e-06  val_mse=1.4654e-06  val_L0=151.3  dead=0.629
  -> saved training curves to checkpoints_rand_1e-4_p20/training_curves.png
  -> no loss improvement (109/20)
[step 6790000 | ep 11] train_loss=6.2919e-03  train_recon=3.1985e-04  train_L1=5.9720e+01  val_loss=7.7788e-06  val_mse=1.4636e-06  val_L0=151.3  dead=0.623
  -> saved training curves to checkpoints_rand_1e-4_p20/training_curves.png
  -> no loss improvement (110/20)
[step 6800000 | ep 11] train_loss=6.6513e-03  train_recon=7.6870e-04  train_L1=5.8826e+01  val_loss=1.6261e-05  val_mse=9.9458e-06  val_L0=151.3  dead=0.626
  -> saved training curves to checkpoints_rand_1e-4_p20/training_curves.png
  -> no loss improvement (111/20)
[step 6810000 | ep 11] train_loss=6.3020e-03  train_recon=3.2589e-04  train_L1=5.9761e+01  val_loss=8.8148e-06  val_mse=2.5000e-06  val_L0=151.3  dead=0.628
  -> saved training curves to checkpoints_rand_1e-4_p20/training_curves.png
  -> no loss improvement (112/20)
[step 6820000 | ep 11] train_loss=6.5511e-03  train_recon=6.0088e-04  train_L1=5.9502e+01  val_loss=9.5384e-06  val_mse=3.2243e-06  val_L0=151.3  dead=0.625
  -> saved training curves to checkpoints_rand_1e-4_p20/training_curves.png
  -> no loss improvement (113/20)
[step 6830000 | ep 11] train_loss=5.9723e-03  train_recon=5.3445e-05  train_L1=5.9189e+01  val_loss=6.7385e-06  val_mse=4.2438e-07  val_L0=151.3  dead=0.627
  -> saved training curves to checkpoints_rand_1e-4_p20/training_curves.png
  -> no loss improvement (114/20)
[step 6840000 | ep 11] train_loss=6.7131e-03  train_recon=7.2369e-04  train_L1=5.9894e+01  val_loss=1.2341e-05  val_mse=6.0274e-06  val_L0=151.3  dead=0.625
  -> saved training curves to checkpoints_rand_1e-4_p20/training_curves.png
  -> no loss improvement (115/20)
[step 6850000 | ep 11] train_loss=6.1653e-03  train_recon=1.9180e-04  train_L1=5.9735e+01  val_loss=7.4994e-06  val_mse=1.1856e-06  val_L0=151.3  dead=0.621
  -> saved training curves to checkpoints_rand_1e-4_p20/training_curves.png
  -> no loss improvement (116/20)
[step 6860000 | ep 11] train_loss=6.2617e-03  train_recon=3.5819e-04  train_L1=5.9035e+01  val_loss=1.1091e-05  val_mse=4.7784e-06  val_L0=151.3  dead=0.625
  -> saved training curves to checkpoints_rand_1e-4_p20/training_curves.png
  -> no loss improvement (117/20)
[step 6870000 | ep 11] train_loss=6.2094e-03  train_recon=2.3363e-04  train_L1=5.9757e+01  val_loss=8.6762e-06  val_mse=2.3636e-06  val_L0=151.3  dead=0.628
  -> saved training curves to checkpoints_rand_1e-4_p20/training_curves.png
  -> no loss improvement (118/20)
[step 6880000 | ep 11] train_loss=6.2548e-03  train_recon=3.2003e-04  train_L1=5.9347e+01  val_loss=8.1272e-06  val_mse=1.8144e-06  val_L0=151.3  dead=0.625
  -> saved training curves to checkpoints_rand_1e-4_p20/training_curves.png
  -> no loss improvement (119/20)
[step 6890000 | ep 11] train_loss=6.0502e-03  train_recon=1.3489e-04  train_L1=5.9153e+01  val_loss=7.3355e-06  val_mse=1.0230e-06  val_L0=151.3  dead=0.627
  -> saved training curves to checkpoints_rand_1e-4_p20/training_curves.png
  -> no loss improvement (120/20)
[step 6900000 | ep 11] train_loss=6.3027e-03  train_recon=3.4980e-04  train_L1=5.9529e+01  val_loss=9.5973e-06  val_mse=3.2845e-06  val_L0=151.3  dead=0.627
  -> saved training curves to checkpoints_rand_1e-4_p20/training_curves.png
  -> no loss improvement (121/20)
Epoch 11 done  (step=6903303)
[step 6910000 | ep 12] train_loss=7.2535e-03  train_recon=1.2994e-03  train_L1=5.9541e+01  val_loss=1.4744e-05  val_mse=8.4324e-06  val_L0=151.3  dead=0.619
  -> saved training curves to checkpoints_rand_1e-4_p20/training_curves.png
  -> no loss improvement (122/20)
[step 6920000 | ep 12] train_loss=6.1833e-03  train_recon=2.3485e-04  train_L1=5.9484e+01  val_loss=9.4737e-06  val_mse=3.1623e-06  val_L0=151.3  dead=0.626
  -> saved training curves to checkpoints_rand_1e-4_p20/training_curves.png
  -> no loss improvement (123/20)
[step 6930000 | ep 12] train_loss=6.2259e-03  train_recon=2.8742e-04  train_L1=5.9385e+01  val_loss=9.6608e-06  val_mse=3.3498e-06  val_L0=151.3  dead=0.627
  -> saved training curves to checkpoints_rand_1e-4_p20/training_curves.png
  -> no loss improvement (124/20)
[step 6940000 | ep 12] train_loss=6.3365e-03  train_recon=3.7049e-04  train_L1=5.9660e+01  val_loss=9.1596e-06  val_mse=2.8478e-06  val_L0=151.3  dead=0.619
  -> saved training curves to checkpoints_rand_1e-4_p20/training_curves.png
  -> no loss improvement (125/20)
[step 6950000 | ep 12] train_loss=5.9274e-03  train_recon=2.8275e-05  train_L1=5.8992e+01  val_loss=6.5514e-06  val_mse=2.4036e-07  val_L0=151.3  dead=0.614
  -> saved training curves to checkpoints_rand_1e-4_p20/training_curves.png
  -> saved best checkpoint (val_loss=6.5514e-06)
[step 6960000 | ep 12] train_loss=6.1014e-03  train_recon=1.4622e-04  train_L1=5.9551e+01  val_loss=8.3480e-06  val_mse=2.0375e-06  val_L0=151.3  dead=0.623
  -> saved training curves to checkpoints_rand_1e-4_p20/training_curves.png
  -> no loss improvement (1/20)
[step 6970000 | ep 12] train_loss=6.5835e-03  train_recon=6.8327e-04  train_L1=5.9003e+01  val_loss=1.2119e-05  val_mse=5.8092e-06  val_L0=151.3  dead=0.625
  -> saved training curves to checkpoints_rand_1e-4_p20/training_curves.png
  -> no loss improvement (2/20)
[step 6980000 | ep 12] train_loss=6.4033e-03  train_recon=3.9806e-04  train_L1=6.0052e+01  val_loss=1.1727e-05  val_mse=5.4169e-06  val_L0=151.3  dead=0.623
  -> saved training curves to checkpoints_rand_1e-4_p20/training_curves.png
  -> no loss improvement (3/20)
[step 6990000 | ep 12] train_loss=6.4962e-03  train_recon=5.4670e-04  train_L1=5.9495e+01  val_loss=1.1100e-05  val_mse=4.7901e-06  val_L0=151.3  dead=0.624
  -> saved training curves to checkpoints_rand_1e-4_p20/training_curves.png
  -> no loss improvement (4/20)
[step 7000000 | ep 12] train_loss=6.9741e-03  train_recon=1.0339e-03  train_L1=5.9402e+01  val_loss=1.6591e-05  val_mse=1.0282e-05  val_L0=151.3  dead=0.622
  -> saved training curves to checkpoints_rand_1e-4_p20/training_curves.png
  -> no loss improvement (5/20)
[step 7010000 | ep 12] train_loss=6.5684e-03  train_recon=6.0778e-04  train_L1=5.9606e+01  val_loss=1.1226e-05  val_mse=4.9164e-06  val_L0=151.3  dead=0.620
  -> saved training curves to checkpoints_rand_1e-4_p20/training_curves.png
  -> no loss improvement (6/20)
[step 7020000 | ep 12] train_loss=6.7452e-03  train_recon=7.7363e-04  train_L1=5.9715e+01  val_loss=1.2660e-05  val_mse=6.3509e-06  val_L0=151.3  dead=0.620
  -> saved training curves to checkpoints_rand_1e-4_p20/training_curves.png
  -> no loss improvement (7/20)
[step 7030000 | ep 12] train_loss=6.2955e-03  train_recon=4.2439e-04  train_L1=5.8711e+01  val_loss=1.0412e-05  val_mse=4.1034e-06  val_L0=151.3  dead=0.622
  -> saved training curves to checkpoints_rand_1e-4_p20/training_curves.png
  -> no loss improvement (8/20)
[step 7040000 | ep 12] train_loss=6.5723e-03  train_recon=6.2043e-04  train_L1=5.9519e+01  val_loss=1.2687e-05  val_mse=6.3783e-06  val_L0=151.3  dead=0.622
  -> saved training curves to checkpoints_rand_1e-4_p20/training_curves.png
  -> no loss improvement (9/20)
[step 7050000 | ep 12] train_loss=6.1438e-03  train_recon=1.9043e-04  train_L1=5.9534e+01  val_loss=7.6580e-06  val_mse=1.3495e-06  val_L0=151.3  dead=0.619
  -> saved training curves to checkpoints_rand_1e-4_p20/training_curves.png
  -> no loss improvement (10/20)
[step 7060000 | ep 12] train_loss=6.5153e-03  train_recon=5.6691e-04  train_L1=5.9484e+01  val_loss=1.0229e-05  val_mse=3.9203e-06  val_L0=151.3  dead=0.623
  -> saved training curves to checkpoints_rand_1e-4_p20/training_curves.png
  -> no loss improvement (11/20)
[step 7070000 | ep 12] train_loss=6.0022e-03  train_recon=6.3963e-05  train_L1=5.9382e+01  val_loss=6.8820e-06  val_mse=5.7385e-07  val_L0=151.3  dead=0.626
  -> saved training curves to checkpoints_rand_1e-4_p20/training_curves.png
  -> no loss improvement (12/20)
[step 7080000 | ep 12] train_loss=6.9517e-03  train_recon=1.0215e-03  train_L1=5.9302e+01  val_loss=1.4786e-05  val_mse=8.4778e-06  val_L0=151.3  dead=0.620
  -> saved training curves to checkpoints_rand_1e-4_p20/training_curves.png
  -> no loss improvement (13/20)
[step 7090000 | ep 12] train_loss=6.3326e-03  train_recon=3.7606e-04  train_L1=5.9565e+01  val_loss=9.9084e-06  val_mse=3.6009e-06  val_L0=151.3  dead=0.624
  -> saved training curves to checkpoints_rand_1e-4_p20/training_curves.png
  -> no loss improvement (14/20)
[step 7100000 | ep 12] train_loss=6.6971e-03  train_recon=7.8481e-04  train_L1=5.9123e+01  val_loss=1.1317e-05  val_mse=5.0097e-06  val_L0=151.2  dead=0.618
  -> saved training curves to checkpoints_rand_1e-4_p20/training_curves.png
  -> no loss improvement (15/20)
[step 7110000 | ep 12] train_loss=6.3991e-03  train_recon=4.3652e-04  train_L1=5.9626e+01  val_loss=1.1434e-05  val_mse=5.1276e-06  val_L0=151.3  dead=0.624
  -> saved training curves to checkpoints_rand_1e-4_p20/training_curves.png
  -> no loss improvement (16/20)
[step 7120000 | ep 12] train_loss=6.3470e-03  train_recon=4.3326e-04  train_L1=5.9137e+01  val_loss=8.5029e-06  val_mse=2.1956e-06  val_L0=151.2  dead=0.616
  -> saved training curves to checkpoints_rand_1e-4_p20/training_curves.png
  -> no loss improvement (17/20)
[step 7130000 | ep 12] train_loss=6.1941e-03  train_recon=2.6050e-04  train_L1=5.9336e+01  val_loss=9.0675e-06  val_mse=2.7607e-06  val_L0=151.3  dead=0.627
  -> saved training curves to checkpoints_rand_1e-4_p20/training_curves.png
  -> no loss improvement (18/20)
[step 7140000 | ep 12] train_loss=6.3695e-03  train_recon=4.4974e-04  train_L1=5.9198e+01  val_loss=8.5849e-06  val_mse=2.2788e-06  val_L0=151.3  dead=0.622
  -> saved training curves to checkpoints_rand_1e-4_p20/training_curves.png
  -> no loss improvement (19/20)
[step 7150000 | ep 12] train_loss=6.4019e-03  train_recon=5.0779e-04  train_L1=5.8941e+01  val_loss=1.1618e-05  val_mse=5.3120e-06  val_L0=151.3  dead=0.628
  -> saved training curves to checkpoints_rand_1e-4_p20/training_curves.png
  -> no loss improvement (20/20)
[step 7160000 | ep 12] train_loss=6.0759e-03  train_recon=1.8121e-04  train_L1=5.8947e+01  val_loss=7.8065e-06  val_mse=1.5005e-06  val_L0=151.3  dead=0.616
  -> saved training curves to checkpoints_rand_1e-4_p20/training_curves.png
  -> no loss improvement (21/20)
[step 7170000 | ep 12] train_loss=6.2249e-03  train_recon=2.9263e-04  train_L1=5.9323e+01  val_loss=8.5890e-06  val_mse=2.2831e-06  val_L0=151.3  dead=0.622
  -> saved training curves to checkpoints_rand_1e-4_p20/training_curves.png
  -> no loss improvement (22/20)
[step 7180000 | ep 12] train_loss=6.3986e-03  train_recon=4.1194e-04  train_L1=5.9866e+01  val_loss=1.0025e-05  val_mse=3.7192e-06  val_L0=151.3  dead=0.626
  -> saved training curves to checkpoints_rand_1e-4_p20/training_curves.png
  -> no loss improvement (23/20)
[step 7190000 | ep 12] train_loss=6.5523e-03  train_recon=5.9253e-04  train_L1=5.9598e+01  val_loss=1.3862e-05  val_mse=7.5564e-06  val_L0=151.3  dead=0.623
  -> saved training curves to checkpoints_rand_1e-4_p20/training_curves.png
  -> no loss improvement (24/20)
[step 7200000 | ep 12] train_loss=6.3177e-03  train_recon=3.5928e-04  train_L1=5.9584e+01  val_loss=8.9458e-06  val_mse=2.6406e-06  val_L0=151.3  dead=0.624
  -> saved training curves to checkpoints_rand_1e-4_p20/training_curves.png
  -> no loss improvement (25/20)
[step 7210000 | ep 12] train_loss=6.4310e-03  train_recon=4.9404e-04  train_L1=5.9370e+01  val_loss=1.1494e-05  val_mse=5.1896e-06  val_L0=151.3  dead=0.629
  -> saved training curves to checkpoints_rand_1e-4_p20/training_curves.png
  -> no loss improvement (26/20)
[step 7220000 | ep 12] train_loss=6.8319e-03  train_recon=8.9610e-04  train_L1=5.9358e+01  val_loss=1.4291e-05  val_mse=7.9864e-06  val_L0=151.3  dead=0.623
  -> saved training curves to checkpoints_rand_1e-4_p20/training_curves.png
  -> no loss improvement (27/20)
[step 7230000 | ep 12] train_loss=6.1577e-03  train_recon=2.2356e-04  train_L1=5.9341e+01  val_loss=7.4722e-06  val_mse=1.1680e-06  val_L0=151.3  dead=0.619
  -> saved training curves to checkpoints_rand_1e-4_p20/training_curves.png
  -> no loss improvement (28/20)
[step 7240000 | ep 12] train_loss=7.1647e-03  train_recon=1.2449e-03  train_L1=5.9199e+01  val_loss=1.4093e-05  val_mse=7.7877e-06  val_L0=151.3  dead=0.622
  -> saved training curves to checkpoints_rand_1e-4_p20/training_curves.png
  -> no loss improvement (29/20)
[step 7250000 | ep 12] train_loss=6.5770e-03  train_recon=6.4633e-04  train_L1=5.9307e+01  val_loss=1.0725e-05  val_mse=4.4211e-06  val_L0=151.3  dead=0.617
  -> saved training curves to checkpoints_rand_1e-4_p20/training_curves.png
  -> no loss improvement (30/20)
[step 7260000 | ep 12] train_loss=6.0553e-03  train_recon=9.5900e-05  train_L1=5.9594e+01  val_loss=7.5500e-06  val_mse=1.2463e-06  val_L0=151.3  dead=0.625
  -> saved training curves to checkpoints_rand_1e-4_p20/training_curves.png
  -> no loss improvement (31/20)
[step 7270000 | ep 12] train_loss=6.1914e-03  train_recon=2.5548e-04  train_L1=5.9359e+01  val_loss=9.1973e-06  val_mse=2.8941e-06  val_L0=151.3  dead=0.622
  -> saved training curves to checkpoints_rand_1e-4_p20/training_curves.png
  -> no loss improvement (32/20)
[step 7280000 | ep 12] train_loss=6.3682e-03  train_recon=4.2259e-04  train_L1=5.9456e+01  val_loss=1.0395e-05  val_mse=4.0922e-06  val_L0=151.3  dead=0.620
  -> saved training curves to checkpoints_rand_1e-4_p20/training_curves.png
  -> no loss improvement (33/20)
[step 7290000 | ep 12] train_loss=6.6670e-03  train_recon=7.4102e-04  train_L1=5.9260e+01  val_loss=1.4602e-05  val_mse=8.2987e-06  val_L0=151.3  dead=0.623
  -> saved training curves to checkpoints_rand_1e-4_p20/training_curves.png
  -> no loss improvement (34/20)
[step 7300000 | ep 12] train_loss=6.2593e-03  train_recon=2.9111e-04  train_L1=5.9682e+01  val_loss=8.8925e-06  val_mse=2.5901e-06  val_L0=151.3  dead=0.626
  -> saved training curves to checkpoints_rand_1e-4_p20/training_curves.png
  -> no loss improvement (35/20)
[step 7310000 | ep 12] train_loss=6.7172e-03  train_recon=8.2486e-04  train_L1=5.8923e+01  val_loss=1.5426e-05  val_mse=9.1238e-06  val_L0=151.3  dead=0.626
  -> saved training curves to checkpoints_rand_1e-4_p20/training_curves.png
  -> no loss improvement (36/20)
[step 7320000 | ep 12] train_loss=7.0111e-03  train_recon=1.0214e-03  train_L1=5.9896e+01  val_loss=1.8726e-05  val_mse=1.2423e-05  val_L0=151.3  dead=0.620
  -> saved training curves to checkpoints_rand_1e-4_p20/training_curves.png
  -> no loss improvement (37/20)
[step 7330000 | ep 12] train_loss=6.4327e-03  train_recon=5.3979e-04  train_L1=5.8929e+01  val_loss=1.0904e-05  val_mse=4.6020e-06  val_L0=151.3  dead=0.621
  -> saved training curves to checkpoints_rand_1e-4_p20/training_curves.png
  -> no loss improvement (38/20)
[step 7340000 | ep 12] train_loss=6.2516e-03  train_recon=2.9420e-04  train_L1=5.9574e+01  val_loss=9.6977e-06  val_mse=3.3962e-06  val_L0=151.3  dead=0.623
  -> saved training curves to checkpoints_rand_1e-4_p20/training_curves.png
  -> no loss improvement (39/20)
[step 7350000 | ep 12] train_loss=6.1393e-03  train_recon=2.2498e-04  train_L1=5.9143e+01  val_loss=8.3922e-06  val_mse=2.0907e-06  val_L0=151.3  dead=0.622
  -> saved training curves to checkpoints_rand_1e-4_p20/training_curves.png
  -> no loss improvement (40/20)
[step 7360000 | ep 12] train_loss=6.2222e-03  train_recon=2.4083e-04  train_L1=5.9814e+01  val_loss=8.8724e-06  val_mse=2.5711e-06  val_L0=151.3  dead=0.619
  -> saved training curves to checkpoints_rand_1e-4_p20/training_curves.png
  -> no loss improvement (41/20)
[step 7370000 | ep 12] train_loss=7.1037e-03  train_recon=1.1548e-03  train_L1=5.9489e+01  val_loss=1.8488e-05  val_mse=1.2187e-05  val_L0=151.3  dead=0.622
  -> saved training curves to checkpoints_rand_1e-4_p20/training_curves.png
  -> no loss improvement (42/20)
[step 7380000 | ep 12] train_loss=6.8207e-03  train_recon=8.3560e-04  train_L1=5.9851e+01  val_loss=1.2586e-05  val_mse=6.2840e-06  val_L0=151.3  dead=0.623
  -> saved training curves to checkpoints_rand_1e-4_p20/training_curves.png
  -> no loss improvement (43/20)
[step 7390000 | ep 12] train_loss=6.7396e-03  train_recon=8.1560e-04  train_L1=5.9240e+01  val_loss=1.3243e-05  val_mse=6.9425e-06  val_L0=151.3  dead=0.616
  -> saved training curves to checkpoints_rand_1e-4_p20/training_curves.png
  -> no loss improvement (44/20)
[step 7400000 | ep 12] train_loss=6.0562e-03  train_recon=1.1705e-04  train_L1=5.9391e+01  val_loss=7.6318e-06  val_mse=1.3312e-06  val_L0=151.3  dead=0.622
  -> saved training curves to checkpoints_rand_1e-4_p20/training_curves.png
  -> no loss improvement (45/20)
[step 7410000 | ep 12] train_loss=6.2500e-03  train_recon=3.2381e-04  train_L1=5.9262e+01  val_loss=8.2897e-06  val_mse=1.9894e-06  val_L0=151.3  dead=0.624
  -> saved training curves to checkpoints_rand_1e-4_p20/training_curves.png
  -> no loss improvement (46/20)
[step 7420000 | ep 12] train_loss=7.0714e-03  train_recon=1.1620e-03  train_L1=5.9094e+01  val_loss=1.7502e-05  val_mse=1.1202e-05  val_L0=151.3  dead=0.626
  -> saved training curves to checkpoints_rand_1e-4_p20/training_curves.png
  -> no loss improvement (47/20)
[step 7430000 | ep 12] train_loss=6.2975e-03  train_recon=3.4484e-04  train_L1=5.9527e+01  val_loss=9.8874e-06  val_mse=3.5878e-06  val_L0=151.3  dead=0.620
  -> saved training curves to checkpoints_rand_1e-4_p20/training_curves.png
  -> no loss improvement (48/20)
[step 7440000 | ep 12] train_loss=6.3691e-03  train_recon=4.6200e-04  train_L1=5.9071e+01  val_loss=9.4765e-06  val_mse=3.1769e-06  val_L0=151.3  dead=0.623
  -> saved training curves to checkpoints_rand_1e-4_p20/training_curves.png
  -> no loss improvement (49/20)
[step 7450000 | ep 12] train_loss=6.5960e-03  train_recon=6.2615e-04  train_L1=5.9699e+01  val_loss=1.2155e-05  val_mse=5.8558e-06  val_L0=151.3  dead=0.620
  -> saved training curves to checkpoints_rand_1e-4_p20/training_curves.png
  -> no loss improvement (50/20)
[step 7460000 | ep 12] train_loss=6.9818e-03  train_recon=1.0563e-03  train_L1=5.9255e+01  val_loss=1.5781e-05  val_mse=9.4819e-06  val_L0=151.3  dead=0.622
  -> saved training curves to checkpoints_rand_1e-4_p20/training_curves.png
  -> no loss improvement (51/20)
[step 7470000 | ep 12] train_loss=6.4099e-03  train_recon=4.9804e-04  train_L1=5.9119e+01  val_loss=1.2990e-05  val_mse=6.6905e-06  val_L0=151.3  dead=0.619
  -> saved training curves to checkpoints_rand_1e-4_p20/training_curves.png
  -> no loss improvement (52/20)
[step 7480000 | ep 12] train_loss=6.6287e-03  train_recon=6.8669e-04  train_L1=5.9420e+01  val_loss=1.1248e-05  val_mse=4.9499e-06  val_L0=151.3  dead=0.620
  -> saved training curves to checkpoints_rand_1e-4_p20/training_curves.png
  -> no loss improvement (53/20)
[step 7490000 | ep 12] train_loss=6.0398e-03  train_recon=9.0813e-05  train_L1=5.9490e+01  val_loss=8.1268e-06  val_mse=1.8286e-06  val_L0=151.4  dead=0.620
  -> saved training curves to checkpoints_rand_1e-4_p20/training_curves.png
  -> no loss improvement (54/20)
[step 7500000 | ep 12] train_loss=6.0680e-03  train_recon=1.1474e-04  train_L1=5.9533e+01  val_loss=7.3689e-06  val_mse=1.0707e-06  val_L0=151.3  dead=0.618
  -> saved training curves to checkpoints_rand_1e-4_p20/training_curves.png
  -> no loss improvement (55/20)
[step 7510000 | ep 12] train_loss=6.0865e-03  train_recon=1.8705e-04  train_L1=5.8994e+01  val_loss=8.3496e-06  val_mse=2.0517e-06  val_L0=151.3  dead=0.621
  -> saved training curves to checkpoints_rand_1e-4_p20/training_curves.png
  -> no loss improvement (56/20)
[step 7520000 | ep 12] train_loss=6.4224e-03  train_recon=5.0972e-04  train_L1=5.9127e+01  val_loss=1.0144e-05  val_mse=3.8467e-06  val_L0=151.3  dead=0.620
  -> saved training curves to checkpoints_rand_1e-4_p20/training_curves.png
  -> no loss improvement (57/20)
[step 7530000 | ep 12] train_loss=6.5766e-03  train_recon=6.6710e-04  train_L1=5.9095e+01  val_loss=1.0811e-05  val_mse=4.5129e-06  val_L0=151.3  dead=0.617
  -> saved training curves to checkpoints_rand_1e-4_p20/training_curves.png
  -> no loss improvement (58/20)
[step 7540000 | ep 12] train_loss=6.6388e-03  train_recon=7.0526e-04  train_L1=5.9335e+01  val_loss=1.2677e-05  val_mse=6.3800e-06  val_L0=151.3  dead=0.622
  -> saved training curves to checkpoints_rand_1e-4_p20/training_curves.png
  -> no loss improvement (59/20)
[step 7550000 | ep 12] train_loss=6.7030e-03  train_recon=7.6355e-04  train_L1=5.9394e+01  val_loss=1.2517e-05  val_mse=6.2201e-06  val_L0=151.3  dead=0.618
  -> saved training curves to checkpoints_rand_1e-4_p20/training_curves.png
  -> no loss improvement (60/20)
[step 7560000 | ep 12] train_loss=6.3262e-03  train_recon=3.9924e-04  train_L1=5.9270e+01  val_loss=8.4507e-06  val_mse=2.1540e-06  val_L0=151.3  dead=0.617
  -> saved training curves to checkpoints_rand_1e-4_p20/training_curves.png
  -> no loss improvement (61/20)
[step 7570000 | ep 12] train_loss=6.0957e-03  train_recon=1.6776e-04  train_L1=5.9279e+01  val_loss=7.6731e-06  val_mse=1.3767e-06  val_L0=151.3  dead=0.622
  -> saved training curves to checkpoints_rand_1e-4_p20/training_curves.png
  -> no loss improvement (62/20)
[step 7580000 | ep 12] train_loss=6.2089e-03  train_recon=3.0092e-04  train_L1=5.9080e+01  val_loss=9.5160e-06  val_mse=3.2196e-06  val_L0=151.3  dead=0.619
  -> saved training curves to checkpoints_rand_1e-4_p20/training_curves.png
  -> no loss improvement (63/20)
[step 7590000 | ep 12] train_loss=6.2623e-03  train_recon=2.9279e-04  train_L1=5.9695e+01  val_loss=8.4447e-06  val_mse=2.1487e-06  val_L0=151.3  dead=0.623
  -> saved training curves to checkpoints_rand_1e-4_p20/training_curves.png
  -> no loss improvement (64/20)
[step 7600000 | ep 12] train_loss=5.9866e-03  train_recon=6.0339e-05  train_L1=5.9263e+01  val_loss=6.7019e-06  val_mse=4.0596e-07  val_L0=151.3  dead=0.623
  -> saved training curves to checkpoints_rand_1e-4_p20/training_curves.png
  -> no loss improvement (65/20)
Epoch 12 done  (step=7606632)
[step 7610000 | ep 13] train_loss=6.1660e-03  train_recon=2.6057e-04  train_L1=5.9054e+01  val_loss=8.3176e-06  val_mse=2.0217e-06  val_L0=151.3  dead=0.621
  -> saved training curves to checkpoints_rand_1e-4_p20/training_curves.png
  -> no loss improvement (66/20)
[step 7620000 | ep 13] train_loss=5.9898e-03  train_recon=6.7546e-05  train_L1=5.9222e+01  val_loss=6.8159e-06  val_mse=5.2033e-07  val_L0=151.3  dead=0.624
  -> saved training curves to checkpoints_rand_1e-4_p20/training_curves.png
  -> no loss improvement (67/20)
[step 7630000 | ep 13] train_loss=6.6290e-03  train_recon=7.0683e-04  train_L1=5.9221e+01  val_loss=1.3991e-05  val_mse=7.6954e-06  val_L0=151.3  dead=0.622
  -> saved training curves to checkpoints_rand_1e-4_p20/training_curves.png
  -> no loss improvement (68/20)
[step 7640000 | ep 13] train_loss=6.6557e-03  train_recon=7.5606e-04  train_L1=5.8997e+01  val_loss=1.2396e-05  val_mse=6.1013e-06  val_L0=151.3  dead=0.623
  -> saved training curves to checkpoints_rand_1e-4_p20/training_curves.png
  -> no loss improvement (69/20)
[step 7650000 | ep 13] train_loss=6.3235e-03  train_recon=3.7319e-04  train_L1=5.9503e+01  val_loss=8.1350e-06  val_mse=1.8401e-06  val_L0=151.3  dead=0.618
  -> saved training curves to checkpoints_rand_1e-4_p20/training_curves.png
  -> no loss improvement (70/20)
[step 7660000 | ep 13] train_loss=7.2498e-03  train_recon=1.3502e-03  train_L1=5.8996e+01  val_loss=1.7881e-05  val_mse=1.1587e-05  val_L0=151.2  dead=0.622
  -> saved training curves to checkpoints_rand_1e-4_p20/training_curves.png
  -> no loss improvement (71/20)
[step 7670000 | ep 13] train_loss=6.2071e-03  train_recon=2.9332e-04  train_L1=5.9138e+01  val_loss=8.8506e-06  val_mse=2.5566e-06  val_L0=151.3  dead=0.623
  -> saved training curves to checkpoints_rand_1e-4_p20/training_curves.png
  -> no loss improvement (72/20)
[step 7680000 | ep 13] train_loss=7.2040e-03  train_recon=1.2434e-03  train_L1=5.9607e+01  val_loss=1.1668e-05  val_mse=5.3737e-06  val_L0=151.2  dead=0.616
  -> saved training curves to checkpoints_rand_1e-4_p20/training_curves.png
  -> no loss improvement (73/20)
[step 7690000 | ep 13] train_loss=6.4571e-03  train_recon=6.1777e-04  train_L1=5.8393e+01  val_loss=9.5882e-06  val_mse=3.2939e-06  val_L0=151.3  dead=0.621
  -> saved training curves to checkpoints_rand_1e-4_p20/training_curves.png
  -> no loss improvement (74/20)
[step 7700000 | ep 13] train_loss=6.3795e-03  train_recon=4.6249e-04  train_L1=5.9170e+01  val_loss=1.1457e-05  val_mse=5.1635e-06  val_L0=151.3  dead=0.620
  -> saved training curves to checkpoints_rand_1e-4_p20/training_curves.png
  -> no loss improvement (75/20)
[step 7710000 | ep 13] train_loss=6.4321e-03  train_recon=5.0701e-04  train_L1=5.9251e+01  val_loss=9.5110e-06  val_mse=3.2175e-06  val_L0=151.3  dead=0.617
  -> saved training curves to checkpoints_rand_1e-4_p20/training_curves.png
  -> no loss improvement (76/20)
[step 7720000 | ep 13] train_loss=6.3508e-03  train_recon=3.7039e-04  train_L1=5.9804e+01  val_loss=9.5638e-06  val_mse=3.2703e-06  val_L0=151.3  dead=0.618
  -> saved training curves to checkpoints_rand_1e-4_p20/training_curves.png
  -> no loss improvement (77/20)
[step 7730000 | ep 13] train_loss=6.1437e-03  train_recon=1.9802e-04  train_L1=5.9457e+01  val_loss=7.7466e-06  val_mse=1.4530e-06  val_L0=151.3  dead=0.616
  -> saved training curves to checkpoints_rand_1e-4_p20/training_curves.png
  -> no loss improvement (78/20)
[step 7740000 | ep 13] train_loss=6.5207e-03  train_recon=5.8832e-04  train_L1=5.9324e+01  val_loss=1.1653e-05  val_mse=5.3599e-06  val_L0=151.3  dead=0.622
  -> saved training curves to checkpoints_rand_1e-4_p20/training_curves.png
  -> no loss improvement (79/20)
[step 7750000 | ep 13] train_loss=6.7668e-03  train_recon=9.2035e-04  train_L1=5.8465e+01  val_loss=1.7752e-05  val_mse=1.1460e-05  val_L0=151.3  dead=0.623
  -> saved training curves to checkpoints_rand_1e-4_p20/training_curves.png
  -> no loss improvement (80/20)
[step 7760000 | ep 13] train_loss=6.2309e-03  train_recon=2.5613e-04  train_L1=5.9748e+01  val_loss=7.4557e-06  val_mse=1.1631e-06  val_L0=151.3  dead=0.621
  -> saved training curves to checkpoints_rand_1e-4_p20/training_curves.png
  -> no loss improvement (81/20)
[step 7770000 | ep 13] train_loss=6.3798e-03  train_recon=4.2183e-04  train_L1=5.9580e+01  val_loss=1.0154e-05  val_mse=3.8611e-06  val_L0=151.3  dead=0.624
  -> saved training curves to checkpoints_rand_1e-4_p20/training_curves.png
  -> no loss improvement (82/20)
[step 7780000 | ep 13] train_loss=6.5409e-03  train_recon=6.0955e-04  train_L1=5.9313e+01  val_loss=1.2297e-05  val_mse=6.0046e-06  val_L0=151.3  dead=0.620
  -> saved training curves to checkpoints_rand_1e-4_p20/training_curves.png
  -> no loss improvement (83/20)
[step 7790000 | ep 13] train_loss=6.8247e-03  train_recon=9.1610e-04  train_L1=5.9087e+01  val_loss=1.7842e-05  val_mse=1.1550e-05  val_L0=151.3  dead=0.624
  -> saved training curves to checkpoints_rand_1e-4_p20/training_curves.png
  -> no loss improvement (84/20)
[step 7800000 | ep 13] train_loss=6.3071e-03  train_recon=3.8192e-04  train_L1=5.9252e+01  val_loss=1.3147e-05  val_mse=6.8553e-06  val_L0=151.3  dead=0.623
  -> saved training curves to checkpoints_rand_1e-4_p20/training_curves.png
  -> no loss improvement (85/20)
[step 7810000 | ep 13] train_loss=6.2818e-03  train_recon=3.9261e-04  train_L1=5.8892e+01  val_loss=1.1481e-05  val_mse=5.1899e-06  val_L0=151.3  dead=0.623
  -> saved training curves to checkpoints_rand_1e-4_p20/training_curves.png
  -> no loss improvement (86/20)
[step 7820000 | ep 13] train_loss=6.9813e-03  train_recon=1.0605e-03  train_L1=5.9208e+01  val_loss=1.8219e-05  val_mse=1.1929e-05  val_L0=151.3  dead=0.624
  -> saved training curves to checkpoints_rand_1e-4_p20/training_curves.png
  -> no loss improvement (87/20)
[step 7830000 | ep 13] train_loss=6.3986e-03  train_recon=4.8494e-04  train_L1=5.9136e+01  val_loss=9.5514e-06  val_mse=3.2600e-06  val_L0=151.3  dead=0.623
  -> saved training curves to checkpoints_rand_1e-4_p20/training_curves.png
  -> no loss improvement (88/20)
[step 7840000 | ep 13] train_loss=6.5422e-03  train_recon=6.1012e-04  train_L1=5.9321e+01  val_loss=1.0487e-05  val_mse=4.1959e-06  val_L0=151.3  dead=0.620
  -> saved training curves to checkpoints_rand_1e-4_p20/training_curves.png
  -> no loss improvement (89/20)
[step 7850000 | ep 13] train_loss=6.6927e-03  train_recon=7.7686e-04  train_L1=5.9158e+01  val_loss=1.4832e-05  val_mse=8.5409e-06  val_L0=151.3  dead=0.620
  -> saved training curves to checkpoints_rand_1e-4_p20/training_curves.png
  -> no loss improvement (90/20)
[step 7860000 | ep 13] train_loss=6.1893e-03  train_recon=2.9544e-04  train_L1=5.8939e+01  val_loss=9.0548e-06  val_mse=2.7642e-06  val_L0=151.3  dead=0.625
  -> saved training curves to checkpoints_rand_1e-4_p20/training_curves.png
  -> no loss improvement (91/20)
[step 7870000 | ep 13] train_loss=5.9896e-03  train_recon=8.4035e-05  train_L1=5.9055e+01  val_loss=7.1416e-06  val_mse=8.5148e-07  val_L0=151.3  dead=0.625
  -> saved training curves to checkpoints_rand_1e-4_p20/training_curves.png
  -> no loss improvement (92/20)
[step 7880000 | ep 13] train_loss=6.5106e-03  train_recon=6.5424e-04  train_L1=5.8564e+01  val_loss=1.2824e-05  val_mse=6.5345e-06  val_L0=151.3  dead=0.626
  -> saved training curves to checkpoints_rand_1e-4_p20/training_curves.png
  -> no loss improvement (93/20)
[step 7890000 | ep 13] train_loss=6.2605e-03  train_recon=3.6540e-04  train_L1=5.8951e+01  val_loss=8.4286e-06  val_mse=2.1390e-06  val_L0=151.3  dead=0.623
  -> saved training curves to checkpoints_rand_1e-4_p20/training_curves.png
  -> no loss improvement (94/20)
[step 7900000 | ep 13] train_loss=6.3264e-03  train_recon=4.1010e-04  train_L1=5.9163e+01  val_loss=1.1473e-05  val_mse=5.1833e-06  val_L0=151.3  dead=0.628
  -> saved training curves to checkpoints_rand_1e-4_p20/training_curves.png
  -> no loss improvement (95/20)
[step 7910000 | ep 13] train_loss=6.3972e-03  train_recon=4.1949e-04  train_L1=5.9777e+01  val_loss=1.0105e-05  val_mse=3.8151e-06  val_L0=151.3  dead=0.625
  -> saved training curves to checkpoints_rand_1e-4_p20/training_curves.png
  -> no loss improvement (96/20)
[step 7920000 | ep 13] train_loss=6.2820e-03  train_recon=3.4313e-04  train_L1=5.9389e+01  val_loss=9.1673e-06  val_mse=2.8782e-06  val_L0=151.3  dead=0.625
  -> saved training curves to checkpoints_rand_1e-4_p20/training_curves.png
  -> no loss improvement (97/20)
[step 7930000 | ep 13] train_loss=7.1812e-03  train_recon=1.2146e-03  train_L1=5.9666e+01  val_loss=1.7079e-05  val_mse=1.0789e-05  val_L0=151.3  dead=0.620
  -> saved training curves to checkpoints_rand_1e-4_p20/training_curves.png
  -> no loss improvement (98/20)
[step 7940000 | ep 13] train_loss=6.4010e-03  train_recon=4.7149e-04  train_L1=5.9295e+01  val_loss=1.0447e-05  val_mse=4.1572e-06  val_L0=151.3  dead=0.629
  -> saved training curves to checkpoints_rand_1e-4_p20/training_curves.png
  -> no loss improvement (99/20)
[step 7950000 | ep 13] train_loss=6.1089e-03  train_recon=1.9934e-04  train_L1=5.9096e+01  val_loss=7.8423e-06  val_mse=1.5538e-06  val_L0=151.3  dead=0.626
  -> saved training curves to checkpoints_rand_1e-4_p20/training_curves.png
  -> no loss improvement (100/20)
[step 7960000 | ep 13] train_loss=7.5536e-03  train_recon=1.5898e-03  train_L1=5.9639e+01  val_loss=1.9638e-05  val_mse=1.3350e-05  val_L0=151.3  dead=0.630
  -> saved training curves to checkpoints_rand_1e-4_p20/training_curves.png
  -> no loss improvement (101/20)
[step 7970000 | ep 13] train_loss=6.7429e-03  train_recon=8.3022e-04  train_L1=5.9127e+01  val_loss=1.4116e-05  val_mse=7.8281e-06  val_L0=151.3  dead=0.629
  -> saved training curves to checkpoints_rand_1e-4_p20/training_curves.png
  -> no loss improvement (102/20)
[step 7980000 | ep 13] train_loss=6.4452e-03  train_recon=5.3920e-04  train_L1=5.9060e+01  val_loss=1.1218e-05  val_mse=4.9306e-06  val_L0=151.3  dead=0.629
  -> saved training curves to checkpoints_rand_1e-4_p20/training_curves.png
  -> no loss improvement (103/20)
[step 7990000 | ep 13] train_loss=6.1964e-03  train_recon=2.8610e-04  train_L1=5.9103e+01  val_loss=8.8682e-06  val_mse=2.5802e-06  val_L0=151.3  dead=0.627
  -> saved training curves to checkpoints_rand_1e-4_p20/training_curves.png
  -> no loss improvement (104/20)
[step 8000000 | ep 13] train_loss=6.0679e-03  train_recon=1.2995e-04  train_L1=5.9379e+01  val_loss=7.8985e-06  val_mse=1.6109e-06  val_L0=151.3  dead=0.625
  -> saved training curves to checkpoints_rand_1e-4_p20/training_curves.png
  -> no loss improvement (105/20)
[step 8010000 | ep 13] train_loss=6.2045e-03  train_recon=2.9043e-04  train_L1=5.9140e+01  val_loss=8.5273e-06  val_mse=2.2397e-06  val_L0=151.3  dead=0.626
  -> saved training curves to checkpoints_rand_1e-4_p20/training_curves.png
  -> no loss improvement (106/20)
[step 8020000 | ep 13] train_loss=6.0530e-03  train_recon=1.3925e-04  train_L1=5.9137e+01  val_loss=7.5227e-06  val_mse=1.2353e-06  val_L0=151.4  dead=0.630
  -> saved training curves to checkpoints_rand_1e-4_p20/training_curves.png
  -> no loss improvement (107/20)
[step 8030000 | ep 13] train_loss=6.1774e-03  train_recon=2.9931e-04  train_L1=5.8781e+01  val_loss=8.1350e-06  val_mse=1.8478e-06  val_L0=151.3  dead=0.625
  -> saved training curves to checkpoints_rand_1e-4_p20/training_curves.png
  -> no loss improvement (108/20)
[step 8040000 | ep 13] train_loss=6.0378e-03  train_recon=1.2792e-04  train_L1=5.9099e+01  val_loss=7.4555e-06  val_mse=1.1688e-06  val_L0=151.3  dead=0.628
  -> saved training curves to checkpoints_rand_1e-4_p20/training_curves.png
  -> no loss improvement (109/20)
[step 8050000 | ep 13] train_loss=6.4900e-03  train_recon=5.7287e-04  train_L1=5.9172e+01  val_loss=1.0329e-05  val_mse=4.0427e-06  val_L0=151.2  dead=0.625
  -> saved training curves to checkpoints_rand_1e-4_p20/training_curves.png
  -> no loss improvement (110/20)
[step 8060000 | ep 13] train_loss=6.2452e-03  train_recon=3.2934e-04  train_L1=5.9159e+01  val_loss=8.0273e-06  val_mse=1.7406e-06  val_L0=151.3  dead=0.623
  -> saved training curves to checkpoints_rand_1e-4_p20/training_curves.png
  -> no loss improvement (111/20)
[step 8070000 | ep 13] train_loss=6.8155e-03  train_recon=8.8779e-04  train_L1=5.9277e+01  val_loss=1.0836e-05  val_mse=4.5501e-06  val_L0=151.3  dead=0.620
  -> saved training curves to checkpoints_rand_1e-4_p20/training_curves.png
  -> no loss improvement (112/20)
[step 8080000 | ep 13] train_loss=6.7119e-03  train_recon=7.4645e-04  train_L1=5.9654e+01  val_loss=1.1364e-05  val_mse=5.0778e-06  val_L0=151.3  dead=0.628
  -> saved training curves to checkpoints_rand_1e-4_p20/training_curves.png
  -> no loss improvement (113/20)
[step 8090000 | ep 13] train_loss=6.5493e-03  train_recon=6.3281e-04  train_L1=5.9165e+01  val_loss=1.3064e-05  val_mse=6.7778e-06  val_L0=151.3  dead=0.627
  -> saved training curves to checkpoints_rand_1e-4_p20/training_curves.png
  -> no loss improvement (114/20)
[step 8100000 | ep 13] train_loss=5.9333e-03  train_recon=3.2636e-05  train_L1=5.9007e+01  val_loss=6.6634e-06  val_mse=3.7761e-07  val_L0=151.4  dead=0.625
  -> saved training curves to checkpoints_rand_1e-4_p20/training_curves.png
  -> no loss improvement (115/20)
[step 8110000 | ep 13] train_loss=6.5903e-03  train_recon=6.3533e-04  train_L1=5.9550e+01  val_loss=1.1397e-05  val_mse=5.1108e-06  val_L0=151.3  dead=0.628
  -> saved training curves to checkpoints_rand_1e-4_p20/training_curves.png
  -> no loss improvement (116/20)
[step 8120000 | ep 13] train_loss=6.3528e-03  train_recon=3.7932e-04  train_L1=5.9734e+01  val_loss=1.0530e-05  val_mse=4.2451e-06  val_L0=151.3  dead=0.630
  -> saved training curves to checkpoints_rand_1e-4_p20/training_curves.png
  -> no loss improvement (117/20)
[step 8130000 | ep 13] train_loss=6.6153e-03  train_recon=6.3278e-04  train_L1=5.9825e+01  val_loss=1.2058e-05  val_mse=5.7724e-06  val_L0=151.3  dead=0.630
  -> saved training curves to checkpoints_rand_1e-4_p20/training_curves.png
  -> no loss improvement (118/20)
[step 8140000 | ep 13] train_loss=6.0982e-03  train_recon=2.1545e-04  train_L1=5.8827e+01  val_loss=7.4995e-06  val_mse=1.2149e-06  val_L0=151.3  dead=0.628
  -> saved training curves to checkpoints_rand_1e-4_p20/training_curves.png
  -> no loss improvement (119/20)
[step 8150000 | ep 13] train_loss=6.7585e-03  train_recon=8.5138e-04  train_L1=5.9071e+01  val_loss=1.1623e-05  val_mse=5.3372e-06  val_L0=151.3  dead=0.628
  -> saved training curves to checkpoints_rand_1e-4_p20/training_curves.png
  -> no loss improvement (120/20)
[step 8160000 | ep 13] train_loss=7.2634e-03  train_recon=1.3471e-03  train_L1=5.9163e+01  val_loss=1.7609e-05  val_mse=1.1325e-05  val_L0=151.3  dead=0.629
  -> saved training curves to checkpoints_rand_1e-4_p20/training_curves.png
  -> no loss improvement (121/20)
[step 8170000 | ep 13] train_loss=6.4669e-03  train_recon=5.4552e-04  train_L1=5.9214e+01  val_loss=1.2265e-05  val_mse=5.9807e-06  val_L0=151.3  dead=0.623
  -> saved training curves to checkpoints_rand_1e-4_p20/training_curves.png
  -> no loss improvement (122/20)
[step 8180000 | ep 13] train_loss=6.9786e-03  train_recon=1.0503e-03  train_L1=5.9283e+01  val_loss=1.3355e-05  val_mse=7.0710e-06  val_L0=151.3  dead=0.627
  -> saved training curves to checkpoints_rand_1e-4_p20/training_curves.png
  -> no loss improvement (123/20)
[step 8190000 | ep 13] train_loss=6.4010e-03  train_recon=5.4663e-04  train_L1=5.8544e+01  val_loss=1.1293e-05  val_mse=5.0086e-06  val_L0=151.3  dead=0.627
  -> saved training curves to checkpoints_rand_1e-4_p20/training_curves.png
  -> no loss improvement (124/20)
[step 8200000 | ep 13] train_loss=6.3428e-03  train_recon=4.3128e-04  train_L1=5.9115e+01  val_loss=1.0650e-05  val_mse=4.3651e-06  val_L0=151.4  dead=0.628
  -> saved training curves to checkpoints_rand_1e-4_p20/training_curves.png
  -> no loss improvement (125/20)
[step 8210000 | ep 13] train_loss=6.2336e-03  train_recon=3.4744e-04  train_L1=5.8861e+01  val_loss=9.1493e-06  val_mse=2.8658e-06  val_L0=151.3  dead=0.624
  -> saved training curves to checkpoints_rand_1e-4_p20/training_curves.png
  -> no loss improvement (126/20)
[step 8220000 | ep 13] train_loss=6.0660e-03  train_recon=2.0508e-04  train_L1=5.8609e+01  val_loss=7.9523e-06  val_mse=1.6685e-06  val_L0=151.3  dead=0.629
  -> saved training curves to checkpoints_rand_1e-4_p20/training_curves.png
  -> no loss improvement (127/20)
[step 8230000 | ep 13] train_loss=6.3353e-03  train_recon=4.3202e-04  train_L1=5.9033e+01  val_loss=9.4773e-06  val_mse=3.1938e-06  val_L0=151.3  dead=0.621
  -> saved training curves to checkpoints_rand_1e-4_p20/training_curves.png
  -> no loss improvement (128/20)
[step 8240000 | ep 13] train_loss=6.4170e-03  train_recon=5.3921e-04  train_L1=5.8778e+01  val_loss=1.2756e-05  val_mse=6.4720e-06  val_L0=151.3  dead=0.627
  -> saved training curves to checkpoints_rand_1e-4_p20/training_curves.png
  -> no loss improvement (129/20)
[step 8250000 | ep 13] train_loss=6.4686e-03  train_recon=5.7667e-04  train_L1=5.8919e+01  val_loss=1.1172e-05  val_mse=4.8885e-06  val_L0=151.3  dead=0.625
  -> saved training curves to checkpoints_rand_1e-4_p20/training_curves.png
  -> no loss improvement (130/20)
[step 8260000 | ep 13] train_loss=6.6984e-03  train_recon=7.5708e-04  train_L1=5.9413e+01  val_loss=1.4491e-05  val_mse=8.2074e-06  val_L0=151.3  dead=0.628
  -> saved training curves to checkpoints_rand_1e-4_p20/training_curves.png
  -> no loss improvement (131/20)
[step 8270000 | ep 13] train_loss=5.9986e-03  train_recon=7.5314e-05  train_L1=5.9233e+01  val_loss=6.6543e-06  val_mse=3.7163e-07  val_L0=151.3  dead=0.628
  -> saved training curves to checkpoints_rand_1e-4_p20/training_curves.png
  -> no loss improvement (132/20)
[step 8280000 | ep 13] train_loss=6.2680e-03  train_recon=3.3029e-04  train_L1=5.9377e+01  val_loss=1.2169e-05  val_mse=5.8870e-06  val_L0=151.3  dead=0.631
  -> saved training curves to checkpoints_rand_1e-4_p20/training_curves.png
  -> no loss improvement (133/20)
[step 8290000 | ep 13] train_loss=6.0035e-03  train_recon=8.8527e-05  train_L1=5.9150e+01  val_loss=6.8395e-06  val_mse=5.5709e-07  val_L0=151.3  dead=0.627
  -> saved training curves to checkpoints_rand_1e-4_p20/training_curves.png
  -> no loss improvement (134/20)
[step 8300000 | ep 13] train_loss=5.9723e-03  train_recon=5.5827e-05  train_L1=5.9165e+01  val_loss=6.5071e-06  val_mse=2.2505e-07  val_L0=151.3  dead=0.622
  -> saved training curves to checkpoints_rand_1e-4_p20/training_curves.png
  -> saved best checkpoint (val_loss=6.5071e-06)
Epoch 13 done  (step=8309961)
[step 8310000 | ep 14] train_loss=6.9853e-03  train_recon=1.1049e-03  train_L1=5.8803e+01  val_loss=1.6695e-05  val_mse=1.0413e-05  val_L0=151.3  dead=0.621
  -> saved training curves to checkpoints_rand_1e-4_p20/training_curves.png
  -> no loss improvement (1/20)
[step 8320000 | ep 14] train_loss=6.4251e-03  train_recon=5.1954e-04  train_L1=5.9055e+01  val_loss=1.2918e-05  val_mse=6.6370e-06  val_L0=151.3  dead=0.632
  -> saved training curves to checkpoints_rand_1e-4_p20/training_curves.png
  -> no loss improvement (2/20)
[step 8330000 | ep 14] train_loss=6.0313e-03  train_recon=1.4368e-04  train_L1=5.8876e+01  val_loss=7.9293e-06  val_mse=1.6479e-06  val_L0=151.4  dead=0.633
  -> saved training curves to checkpoints_rand_1e-4_p20/training_curves.png
  -> no loss improvement (3/20)
[step 8340000 | ep 14] train_loss=6.0814e-03  train_recon=1.5479e-04  train_L1=5.9266e+01  val_loss=7.6432e-06  val_mse=1.3619e-06  val_L0=151.3  dead=0.631
  -> saved training curves to checkpoints_rand_1e-4_p20/training_curves.png
  -> no loss improvement (4/20)
[step 8350000 | ep 14] train_loss=6.1690e-03  train_recon=2.4600e-04  train_L1=5.9229e+01  val_loss=7.7416e-06  val_mse=1.4608e-06  val_L0=151.3  dead=0.628
  -> saved training curves to checkpoints_rand_1e-4_p20/training_curves.png
  -> no loss improvement (5/20)
[step 8360000 | ep 14] train_loss=6.4025e-03  train_recon=4.9748e-04  train_L1=5.9050e+01  val_loss=9.2406e-06  val_mse=2.9596e-06  val_L0=151.3  dead=0.627
  -> saved training curves to checkpoints_rand_1e-4_p20/training_curves.png
  -> no loss improvement (6/20)
[step 8370000 | ep 14] train_loss=6.9675e-03  train_recon=1.0526e-03  train_L1=5.9149e+01  val_loss=1.3384e-05  val_mse=7.1035e-06  val_L0=151.3  dead=0.626
  -> saved training curves to checkpoints_rand_1e-4_p20/training_curves.png
  -> no loss improvement (7/20)
[step 8380000 | ep 14] train_loss=6.6433e-03  train_recon=7.3472e-04  train_L1=5.9085e+01  val_loss=1.4563e-05  val_mse=8.2820e-06  val_L0=151.3  dead=0.626
  -> saved training curves to checkpoints_rand_1e-4_p20/training_curves.png
  -> no loss improvement (8/20)
[step 8390000 | ep 14] train_loss=6.4516e-03  train_recon=5.3485e-04  train_L1=5.9168e+01  val_loss=1.1923e-05  val_mse=5.6433e-06  val_L0=151.3  dead=0.632
  -> saved training curves to checkpoints_rand_1e-4_p20/training_curves.png
  -> no loss improvement (9/20)
[step 8400000 | ep 14] train_loss=6.2451e-03  train_recon=2.9801e-04  train_L1=5.9471e+01  val_loss=1.1717e-05  val_mse=5.4361e-06  val_L0=151.3  dead=0.626
  -> saved training curves to checkpoints_rand_1e-4_p20/training_curves.png
  -> no loss improvement (10/20)
[step 8410000 | ep 14] train_loss=6.3733e-03  train_recon=4.4737e-04  train_L1=5.9259e+01  val_loss=9.5755e-06  val_mse=3.2954e-06  val_L0=151.3  dead=0.630
  -> saved training curves to checkpoints_rand_1e-4_p20/training_curves.png
  -> no loss improvement (11/20)
[step 8420000 | ep 14] train_loss=6.2761e-03  train_recon=3.3387e-04  train_L1=5.9423e+01  val_loss=8.6434e-06  val_mse=2.3635e-06  val_L0=151.3  dead=0.624
  -> saved training curves to checkpoints_rand_1e-4_p20/training_curves.png
  -> no loss improvement (12/20)
[step 8430000 | ep 14] train_loss=6.3655e-03  train_recon=4.7866e-04  train_L1=5.8869e+01  val_loss=1.1540e-05  val_mse=5.2602e-06  val_L0=151.3  dead=0.628
  -> saved training curves to checkpoints_rand_1e-4_p20/training_curves.png
  -> no loss improvement (13/20)
[step 8440000 | ep 14] train_loss=6.2601e-03  train_recon=3.8366e-04  train_L1=5.8765e+01  val_loss=1.0770e-05  val_mse=4.4910e-06  val_L0=151.3  dead=0.630
  -> saved training curves to checkpoints_rand_1e-4_p20/training_curves.png
  -> no loss improvement (14/20)
[step 8450000 | ep 14] train_loss=6.5453e-03  train_recon=5.9857e-04  train_L1=5.9467e+01  val_loss=1.1537e-05  val_mse=5.2579e-06  val_L0=151.3  dead=0.630
  -> saved training curves to checkpoints_rand_1e-4_p20/training_curves.png
  -> no loss improvement (15/20)
[step 8460000 | ep 14] train_loss=7.0359e-03  train_recon=1.1439e-03  train_L1=5.8920e+01  val_loss=1.8818e-05  val_mse=1.2539e-05  val_L0=151.3  dead=0.630
  -> saved training curves to checkpoints_rand_1e-4_p20/training_curves.png
  -> no loss improvement (16/20)
[step 8470000 | ep 14] train_loss=6.8217e-03  train_recon=9.0011e-04  train_L1=5.9215e+01  val_loss=1.5023e-05  val_mse=8.7440e-06  val_L0=151.3  dead=0.628
  -> saved training curves to checkpoints_rand_1e-4_p20/training_curves.png
  -> no loss improvement (17/20)
[step 8480000 | ep 14] train_loss=6.6980e-03  train_recon=7.6883e-04  train_L1=5.9292e+01  val_loss=1.3588e-05  val_mse=7.3088e-06  val_L0=151.3  dead=0.627
  -> saved training curves to checkpoints_rand_1e-4_p20/training_curves.png
  -> no loss improvement (18/20)
[step 8490000 | ep 14] train_loss=6.4112e-03  train_recon=4.4650e-04  train_L1=5.9647e+01  val_loss=1.0568e-05  val_mse=4.2895e-06  val_L0=151.3  dead=0.624
  -> saved training curves to checkpoints_rand_1e-4_p20/training_curves.png
  -> no loss improvement (19/20)
[step 8500000 | ep 14] train_loss=5.9645e-03  train_recon=5.2957e-05  train_L1=5.9115e+01  val_loss=6.6689e-06  val_mse=3.9046e-07  val_L0=151.3  dead=0.626
  -> saved training curves to checkpoints_rand_1e-4_p20/training_curves.png
  -> no loss improvement (20/20)
[step 8510000 | ep 14] train_loss=6.2743e-03  train_recon=3.4078e-04  train_L1=5.9335e+01  val_loss=1.0655e-05  val_mse=4.3777e-06  val_L0=151.3  dead=0.628
  -> saved training curves to checkpoints_rand_1e-4_p20/training_curves.png
  -> no loss improvement (21/20)
[step 8520000 | ep 14] train_loss=6.2440e-03  train_recon=3.1753e-04  train_L1=5.9265e+01  val_loss=8.9983e-06  val_mse=2.7205e-06  val_L0=151.3  dead=0.630
  -> saved training curves to checkpoints_rand_1e-4_p20/training_curves.png
  -> no loss improvement (22/20)
[step 8530000 | ep 14] train_loss=6.8166e-03  train_recon=9.1387e-04  train_L1=5.9028e+01  val_loss=1.1356e-05  val_mse=5.0777e-06  val_L0=151.3  dead=0.624
  -> saved training curves to checkpoints_rand_1e-4_p20/training_curves.png
  -> no loss improvement (23/20)
[step 8540000 | ep 14] train_loss=7.1081e-03  train_recon=1.1908e-03  train_L1=5.9173e+01  val_loss=1.4543e-05  val_mse=8.2656e-06  val_L0=151.3  dead=0.623
  -> saved training curves to checkpoints_rand_1e-4_p20/training_curves.png
  -> no loss improvement (24/20)
[step 8550000 | ep 14] train_loss=6.3580e-03  train_recon=4.4688e-04  train_L1=5.9111e+01  val_loss=9.7966e-06  val_mse=3.5190e-06  val_L0=151.3  dead=0.627
  -> saved training curves to checkpoints_rand_1e-4_p20/training_curves.png
  -> no loss improvement (25/20)
[step 8560000 | ep 14] train_loss=6.0077e-03  train_recon=1.0010e-04  train_L1=5.9076e+01  val_loss=7.3676e-06  val_mse=1.0905e-06  val_L0=151.3  dead=0.629
  -> saved training curves to checkpoints_rand_1e-4_p20/training_curves.png
  -> no loss improvement (26/20)
[step 8570000 | ep 14] train_loss=6.3215e-03  train_recon=4.1859e-04  train_L1=5.9030e+01  val_loss=9.1968e-06  val_mse=2.9197e-06  val_L0=151.3  dead=0.623
  -> saved training curves to checkpoints_rand_1e-4_p20/training_curves.png
  -> no loss improvement (27/20)
[step 8580000 | ep 14] train_loss=6.2970e-03  train_recon=3.5468e-04  train_L1=5.9423e+01  val_loss=8.7516e-06  val_mse=2.4742e-06  val_L0=151.3  dead=0.623
  -> saved training curves to checkpoints_rand_1e-4_p20/training_curves.png
  -> no loss improvement (28/20)
[step 8590000 | ep 14] train_loss=6.6152e-03  train_recon=6.4158e-04  train_L1=5.9736e+01  val_loss=1.2351e-05  val_mse=6.0756e-06  val_L0=151.3  dead=0.626
  -> saved training curves to checkpoints_rand_1e-4_p20/training_curves.png
  -> no loss improvement (29/20)
[step 8600000 | ep 14] train_loss=6.0140e-03  train_recon=1.3533e-04  train_L1=5.8787e+01  val_loss=7.4455e-06  val_mse=1.1691e-06  val_L0=151.3  dead=0.632
  -> saved training curves to checkpoints_rand_1e-4_p20/training_curves.png
  -> no loss improvement (30/20)
[step 8610000 | ep 14] train_loss=6.0529e-03  train_recon=1.5482e-04  train_L1=5.8981e+01  val_loss=7.8912e-06  val_mse=1.6150e-06  val_L0=151.3  dead=0.627
  -> saved training curves to checkpoints_rand_1e-4_p20/training_curves.png
  -> no loss improvement (31/20)
[step 8620000 | ep 14] train_loss=5.9771e-03  train_recon=9.1703e-05  train_L1=5.8854e+01  val_loss=7.1452e-06  val_mse=8.6902e-07  val_L0=151.4  dead=0.633
  -> saved training curves to checkpoints_rand_1e-4_p20/training_curves.png
  -> no loss improvement (32/20)
[step 8630000 | ep 14] train_loss=6.4108e-03  train_recon=5.0566e-04  train_L1=5.9052e+01  val_loss=1.3462e-05  val_mse=7.1857e-06  val_L0=151.4  dead=0.632
  -> saved training curves to checkpoints_rand_1e-4_p20/training_curves.png
  -> no loss improvement (33/20)
[step 8640000 | ep 14] train_loss=6.9170e-03  train_recon=9.9411e-04  train_L1=5.9229e+01  val_loss=1.1757e-05  val_mse=5.4814e-06  val_L0=151.3  dead=0.627
  -> saved training curves to checkpoints_rand_1e-4_p20/training_curves.png
  -> no loss improvement (34/20)
[step 8650000 | ep 14] train_loss=7.0748e-03  train_recon=1.1273e-03  train_L1=5.9475e+01  val_loss=1.6933e-05  val_mse=1.0658e-05  val_L0=151.2  dead=0.623
  -> saved training curves to checkpoints_rand_1e-4_p20/training_curves.png
  -> no loss improvement (35/20)
[step 8660000 | ep 14] train_loss=6.0245e-03  train_recon=1.3127e-04  train_L1=5.8932e+01  val_loss=7.1738e-06  val_mse=8.9803e-07  val_L0=151.3  dead=0.627
  -> saved training curves to checkpoints_rand_1e-4_p20/training_curves.png
  -> no loss improvement (36/20)
[step 8670000 | ep 14] train_loss=6.3152e-03  train_recon=4.2967e-04  train_L1=5.8855e+01  val_loss=1.1257e-05  val_mse=4.9815e-06  val_L0=151.3  dead=0.630
  -> saved training curves to checkpoints_rand_1e-4_p20/training_curves.png
  -> no loss improvement (37/20)
[step 8680000 | ep 14] train_loss=6.6005e-03  train_recon=6.8517e-04  train_L1=5.9153e+01  val_loss=1.5017e-05  val_mse=8.7420e-06  val_L0=151.3  dead=0.628
  -> saved training curves to checkpoints_rand_1e-4_p20/training_curves.png
  -> no loss improvement (38/20)
[step 8690000 | ep 14] train_loss=6.0960e-03  train_recon=1.4275e-04  train_L1=5.9533e+01  val_loss=7.4148e-06  val_mse=1.1397e-06  val_L0=151.3  dead=0.631
  -> saved training curves to checkpoints_rand_1e-4_p20/training_curves.png
  -> no loss improvement (39/20)
[step 8700000 | ep 14] train_loss=6.0528e-03  train_recon=2.1441e-04  train_L1=5.8384e+01  val_loss=7.7587e-06  val_mse=1.4836e-06  val_L0=151.3  dead=0.627
  -> saved training curves to checkpoints_rand_1e-4_p20/training_curves.png
  -> no loss improvement (40/20)
[step 8710000 | ep 14] train_loss=6.3691e-03  train_recon=4.9074e-04  train_L1=5.8783e+01  val_loss=1.0311e-05  val_mse=4.0364e-06  val_L0=151.3  dead=0.628
  -> saved training curves to checkpoints_rand_1e-4_p20/training_curves.png
  -> no loss improvement (41/20)
[step 8720000 | ep 14] train_loss=6.3353e-03  train_recon=4.1585e-04  train_L1=5.9195e+01  val_loss=9.0681e-06  val_mse=2.7932e-06  val_L0=151.3  dead=0.625
  -> saved training curves to checkpoints_rand_1e-4_p20/training_curves.png
  -> no loss improvement (42/20)
[step 8730000 | ep 14] train_loss=6.5406e-03  train_recon=6.4756e-04  train_L1=5.8930e+01  val_loss=1.1778e-05  val_mse=5.5034e-06  val_L0=151.3  dead=0.627
  -> saved training curves to checkpoints_rand_1e-4_p20/training_curves.png
  -> no loss improvement (43/20)
[step 8740000 | ep 14] train_loss=6.1468e-03  train_recon=2.2386e-04  train_L1=5.9230e+01  val_loss=7.9289e-06  val_mse=1.6545e-06  val_L0=151.3  dead=0.626
  -> saved training curves to checkpoints_rand_1e-4_p20/training_curves.png
  -> no loss improvement (44/20)
[step 8750000 | ep 14] train_loss=6.9784e-03  train_recon=1.0871e-03  train_L1=5.8913e+01  val_loss=1.7164e-05  val_mse=1.0891e-05  val_L0=151.3  dead=0.620
  -> saved training curves to checkpoints_rand_1e-4_p20/training_curves.png
  -> no loss improvement (45/20)
[step 8760000 | ep 14] train_loss=6.9651e-03  train_recon=1.0573e-03  train_L1=5.9079e+01  val_loss=1.5586e-05  val_mse=9.3118e-06  val_L0=151.3  dead=0.629
  -> saved training curves to checkpoints_rand_1e-4_p20/training_curves.png
  -> no loss improvement (46/20)
[step 8770000 | ep 14] train_loss=6.4221e-03  train_recon=5.1519e-04  train_L1=5.9070e+01  val_loss=1.0985e-05  val_mse=4.7111e-06  val_L0=151.3  dead=0.623
  -> saved training curves to checkpoints_rand_1e-4_p20/training_curves.png
  -> no loss improvement (47/20)
[step 8780000 | ep 14] train_loss=6.2525e-03  train_recon=3.2889e-04  train_L1=5.9236e+01  val_loss=1.0862e-05  val_mse=4.5885e-06  val_L0=151.3  dead=0.630
  -> saved training curves to checkpoints_rand_1e-4_p20/training_curves.png
  -> no loss improvement (48/20)
[step 8790000 | ep 14] train_loss=6.7680e-03  train_recon=8.7608e-04  train_L1=5.8919e+01  val_loss=1.2778e-05  val_mse=6.5052e-06  val_L0=151.3  dead=0.623
  -> saved training curves to checkpoints_rand_1e-4_p20/training_curves.png
  -> no loss improvement (49/20)
[step 8800000 | ep 14] train_loss=6.5438e-03  train_recon=5.9394e-04  train_L1=5.9499e+01  val_loss=1.1550e-05  val_mse=5.2766e-06  val_L0=151.3  dead=0.625
  -> saved training curves to checkpoints_rand_1e-4_p20/training_curves.png
  -> no loss improvement (50/20)
[step 8810000 | ep 14] train_loss=6.1370e-03  train_recon=2.4880e-04  train_L1=5.8882e+01  val_loss=8.3943e-06  val_mse=2.1213e-06  val_L0=151.3  dead=0.627
  -> saved training curves to checkpoints_rand_1e-4_p20/training_curves.png
  -> no loss improvement (51/20)
[step 8820000 | ep 14] train_loss=6.6531e-03  train_recon=6.9485e-04  train_L1=5.9583e+01  val_loss=1.1290e-05  val_mse=5.0168e-06  val_L0=151.3  dead=0.625
  -> saved training curves to checkpoints_rand_1e-4_p20/training_curves.png
  -> no loss improvement (52/20)
[step 8830000 | ep 14] train_loss=6.5217e-03  train_recon=6.0739e-04  train_L1=5.9143e+01  val_loss=1.7846e-05  val_mse=1.1573e-05  val_L0=151.3  dead=0.628
  -> saved training curves to checkpoints_rand_1e-4_p20/training_curves.png
  -> no loss improvement (53/20)
[step 8840000 | ep 14] train_loss=6.5329e-03  train_recon=6.9722e-04  train_L1=5.8356e+01  val_loss=1.3901e-05  val_mse=7.6285e-06  val_L0=151.3  dead=0.628
  -> saved training curves to checkpoints_rand_1e-4_p20/training_curves.png
  -> no loss improvement (54/20)
[step 8850000 | ep 14] train_loss=6.3783e-03  train_recon=4.9994e-04  train_L1=5.8783e+01  val_loss=1.0895e-05  val_mse=4.6236e-06  val_L0=151.3  dead=0.633
  -> saved training curves to checkpoints_rand_1e-4_p20/training_curves.png
  -> no loss improvement (55/20)
[step 8860000 | ep 14] train_loss=6.3323e-03  train_recon=4.0648e-04  train_L1=5.9258e+01  val_loss=1.2505e-05  val_mse=6.2325e-06  val_L0=151.3  dead=0.626
  -> saved training curves to checkpoints_rand_1e-4_p20/training_curves.png
  -> no loss improvement (56/20)
[step 8870000 | ep 14] train_loss=6.7778e-03  train_recon=8.5100e-04  train_L1=5.9269e+01  val_loss=1.5198e-05  val_mse=8.9259e-06  val_L0=151.3  dead=0.628
  -> saved training curves to checkpoints_rand_1e-4_p20/training_curves.png
  -> no loss improvement (57/20)
[step 8880000 | ep 14] train_loss=6.3111e-03  train_recon=4.0362e-04  train_L1=5.9075e+01  val_loss=1.3457e-05  val_mse=7.1854e-06  val_L0=151.3  dead=0.626
  -> saved training curves to checkpoints_rand_1e-4_p20/training_curves.png
  -> no loss improvement (58/20)
[step 8890000 | ep 14] train_loss=6.2261e-03  train_recon=3.2460e-04  train_L1=5.9015e+01  val_loss=9.9975e-06  val_mse=3.7260e-06  val_L0=151.3  dead=0.629
  -> saved training curves to checkpoints_rand_1e-4_p20/training_curves.png
  -> no loss improvement (59/20)
[step 8900000 | ep 14] train_loss=6.5211e-03  train_recon=6.2041e-04  train_L1=5.9007e+01  val_loss=1.0811e-05  val_mse=4.5396e-06  val_L0=151.3  dead=0.629
  -> saved training curves to checkpoints_rand_1e-4_p20/training_curves.png
  -> no loss improvement (60/20)
[step 8910000 | ep 14] train_loss=6.2398e-03  train_recon=3.4265e-04  train_L1=5.8971e+01  val_loss=9.2118e-06  val_mse=2.9399e-06  val_L0=151.3  dead=0.629
  -> saved training curves to checkpoints_rand_1e-4_p20/training_curves.png
  -> no loss improvement (61/20)
[step 8920000 | ep 14] train_loss=6.1500e-03  train_recon=2.5519e-04  train_L1=5.8948e+01  val_loss=9.1768e-06  val_mse=2.9060e-06  val_L0=151.3  dead=0.623
  -> saved training curves to checkpoints_rand_1e-4_p20/training_curves.png
  -> no loss improvement (62/20)
[step 8930000 | ep 14] train_loss=6.4045e-03  train_recon=5.3045e-04  train_L1=5.8741e+01  val_loss=1.1088e-05  val_mse=4.8161e-06  val_L0=151.3  dead=0.628
  -> saved training curves to checkpoints_rand_1e-4_p20/training_curves.png
  -> no loss improvement (63/20)
[step 8940000 | ep 14] train_loss=6.1540e-03  train_recon=2.6076e-04  train_L1=5.8932e+01  val_loss=8.2914e-06  val_mse=2.0204e-06  val_L0=151.3  dead=0.630
  -> saved training curves to checkpoints_rand_1e-4_p20/training_curves.png
  -> no loss improvement (64/20)
[step 8950000 | ep 14] train_loss=6.2603e-03  train_recon=3.4760e-04  train_L1=5.9127e+01  val_loss=8.4366e-06  val_mse=2.1660e-06  val_L0=151.3  dead=0.625
  -> saved training curves to checkpoints_rand_1e-4_p20/training_curves.png
  -> no loss improvement (65/20)
[step 8960000 | ep 14] train_loss=6.0936e-03  train_recon=2.2566e-04  train_L1=5.8679e+01  val_loss=8.3573e-06  val_mse=2.0865e-06  val_L0=151.3  dead=0.628
  -> saved training curves to checkpoints_rand_1e-4_p20/training_curves.png
  -> no loss improvement (66/20)
[step 8970000 | ep 14] train_loss=6.7019e-03  train_recon=7.7214e-04  train_L1=5.9297e+01  val_loss=1.3822e-05  val_mse=7.5525e-06  val_L0=151.3  dead=0.630
  -> saved training curves to checkpoints_rand_1e-4_p20/training_curves.png
  -> no loss improvement (67/20)
[step 8980000 | ep 14] train_loss=6.5286e-03  train_recon=6.1144e-04  train_L1=5.9171e+01  val_loss=1.0907e-05  val_mse=4.6366e-06  val_L0=151.3  dead=0.624
  -> saved training curves to checkpoints_rand_1e-4_p20/training_curves.png
  -> no loss improvement (68/20)
[step 8990000 | ep 14] train_loss=6.2620e-03  train_recon=3.7542e-04  train_L1=5.8865e+01  val_loss=9.4882e-06  val_mse=3.2182e-06  val_L0=151.3  dead=0.628
  -> saved training curves to checkpoints_rand_1e-4_p20/training_curves.png
  -> no loss improvement (69/20)
[step 9000000 | ep 14] train_loss=6.4584e-03  train_recon=5.0640e-04  train_L1=5.9520e+01  val_loss=1.1402e-05  val_mse=5.1323e-06  val_L0=151.3  dead=0.628
  -> saved training curves to checkpoints_rand_1e-4_p20/training_curves.png
  -> no loss improvement (70/20)
[step 9010000 | ep 14] train_loss=6.5612e-03  train_recon=6.3449e-04  train_L1=5.9267e+01  val_loss=1.1029e-05  val_mse=4.7593e-06  val_L0=151.3  dead=0.624
  -> saved training curves to checkpoints_rand_1e-4_p20/training_curves.png
  -> no loss improvement (71/20)
Epoch 14 done  (step=9013290)
[step 9020000 | ep 15] train_loss=6.1072e-03  train_recon=1.9180e-04  train_L1=5.9154e+01  val_loss=8.2181e-06  val_mse=1.9481e-06  val_L0=151.3  dead=0.625
  -> saved training curves to checkpoints_rand_1e-4_p20/training_curves.png
  -> no loss improvement (72/20)
[step 9030000 | ep 15] train_loss=6.1199e-03  train_recon=2.0837e-04  train_L1=5.9115e+01  val_loss=7.6501e-06  val_mse=1.3810e-06  val_L0=151.3  dead=0.624
  -> saved training curves to checkpoints_rand_1e-4_p20/training_curves.png
  -> no loss improvement (73/20)
[step 9040000 | ep 15] train_loss=7.2985e-03  train_recon=1.3782e-03  train_L1=5.9203e+01  val_loss=1.5908e-05  val_mse=9.6393e-06  val_L0=151.3  dead=0.619
  -> saved training curves to checkpoints_rand_1e-4_p20/training_curves.png
  -> no loss improvement (74/20)
[step 9050000 | ep 15] train_loss=6.3886e-03  train_recon=4.5082e-04  train_L1=5.9377e+01  val_loss=1.0283e-05  val_mse=4.0138e-06  val_L0=151.3  dead=0.623
  -> saved training curves to checkpoints_rand_1e-4_p20/training_curves.png
  -> no loss improvement (75/20)
[step 9060000 | ep 15] train_loss=6.4019e-03  train_recon=5.2732e-04  train_L1=5.8746e+01  val_loss=1.0787e-05  val_mse=4.5184e-06  val_L0=151.3  dead=0.623
  -> saved training curves to checkpoints_rand_1e-4_p20/training_curves.png
  -> no loss improvement (76/20)
[step 9070000 | ep 15] train_loss=6.9563e-03  train_recon=1.0875e-03  train_L1=5.8688e+01  val_loss=1.7495e-05  val_mse=1.1225e-05  val_L0=151.3  dead=0.625
  -> saved training curves to checkpoints_rand_1e-4_p20/training_curves.png
  -> no loss improvement (77/20)
[step 9080000 | ep 15] train_loss=6.3980e-03  train_recon=5.0884e-04  train_L1=5.8892e+01  val_loss=1.0159e-05  val_mse=3.8897e-06  val_L0=151.3  dead=0.626
  -> saved training curves to checkpoints_rand_1e-4_p20/training_curves.png
  -> no loss improvement (78/20)
[step 9090000 | ep 15] train_loss=5.9411e-03  train_recon=5.3190e-05  train_L1=5.8879e+01  val_loss=6.7693e-06  val_mse=5.0081e-07  val_L0=151.3  dead=0.625
  -> saved training curves to checkpoints_rand_1e-4_p20/training_curves.png
  -> no loss improvement (79/20)
[step 9100000 | ep 15] train_loss=6.5782e-03  train_recon=7.0818e-04  train_L1=5.8700e+01  val_loss=1.4387e-05  val_mse=8.1184e-06  val_L0=151.3  dead=0.620
  -> saved training curves to checkpoints_rand_1e-4_p20/training_curves.png
  -> no loss improvement (80/20)
[step 9110000 | ep 15] train_loss=6.5543e-03  train_recon=6.3829e-04  train_L1=5.9160e+01  val_loss=1.3862e-05  val_mse=7.5937e-06  val_L0=151.3  dead=0.623
  -> saved training curves to checkpoints_rand_1e-4_p20/training_curves.png
  -> no loss improvement (81/20)
[step 9120000 | ep 15] train_loss=6.6227e-03  train_recon=7.6182e-04  train_L1=5.8609e+01  val_loss=1.2041e-05  val_mse=5.7728e-06  val_L0=151.3  dead=0.622
  -> saved training curves to checkpoints_rand_1e-4_p20/training_curves.png
  -> no loss improvement (82/20)
[step 9130000 | ep 15] train_loss=7.5807e-03  train_recon=1.6676e-03  train_L1=5.9131e+01  val_loss=2.1618e-05  val_mse=1.5351e-05  val_L0=151.3  dead=0.614
  -> saved training curves to checkpoints_rand_1e-4_p20/training_curves.png
  -> no loss improvement (83/20)
[step 9140000 | ep 15] train_loss=6.4932e-03  train_recon=6.0828e-04  train_L1=5.8849e+01  val_loss=1.1992e-05  val_mse=5.7237e-06  val_L0=151.3  dead=0.620
  -> saved training curves to checkpoints_rand_1e-4_p20/training_curves.png
  -> no loss improvement (84/20)
[step 9150000 | ep 15] train_loss=6.1609e-03  train_recon=2.8891e-04  train_L1=5.8720e+01  val_loss=9.7092e-06  val_mse=3.4416e-06  val_L0=151.3  dead=0.622
  -> saved training curves to checkpoints_rand_1e-4_p20/training_curves.png
  -> no loss improvement (85/20)
[step 9160000 | ep 15] train_loss=6.2427e-03  train_recon=3.2988e-04  train_L1=5.9128e+01  val_loss=9.1335e-06  val_mse=2.8662e-06  val_L0=151.3  dead=0.623
  -> saved training curves to checkpoints_rand_1e-4_p20/training_curves.png
  -> no loss improvement (86/20)
[step 9170000 | ep 15] train_loss=6.0397e-03  train_recon=1.9919e-04  train_L1=5.8405e+01  val_loss=8.9302e-06  val_mse=2.6627e-06  val_L0=151.3  dead=0.621
  -> saved training curves to checkpoints_rand_1e-4_p20/training_curves.png
  -> no loss improvement (87/20)
[step 9180000 | ep 15] train_loss=6.1628e-03  train_recon=2.2503e-04  train_L1=5.9377e+01  val_loss=7.8427e-06  val_mse=1.5758e-06  val_L0=151.3  dead=0.622
  -> saved training curves to checkpoints_rand_1e-4_p20/training_curves.png
  -> no loss improvement (88/20)
[step 9190000 | ep 15] train_loss=6.5856e-03  train_recon=6.8117e-04  train_L1=5.9044e+01  val_loss=1.5164e-05  val_mse=8.8966e-06  val_L0=151.3  dead=0.621
  -> saved training curves to checkpoints_rand_1e-4_p20/training_curves.png
  -> no loss improvement (89/20)
[step 9200000 | ep 15] train_loss=6.1187e-03  train_recon=2.0779e-04  train_L1=5.9109e+01  val_loss=7.3940e-06  val_mse=1.1275e-06  val_L0=151.3  dead=0.609
  -> saved training curves to checkpoints_rand_1e-4_p20/training_curves.png
  -> no loss improvement (90/20)
[step 9210000 | ep 15] train_loss=7.3335e-03  train_recon=1.3819e-03  train_L1=5.9516e+01  val_loss=1.7830e-05  val_mse=1.1563e-05  val_L0=151.3  dead=0.619
  -> saved training curves to checkpoints_rand_1e-4_p20/training_curves.png
  -> no loss improvement (91/20)
[step 9220000 | ep 15] train_loss=5.9900e-03  train_recon=1.2052e-04  train_L1=5.8695e+01  val_loss=7.4316e-06  val_mse=1.1652e-06  val_L0=151.3  dead=0.614
  -> saved training curves to checkpoints_rand_1e-4_p20/training_curves.png
  -> no loss improvement (92/20)
[step 9230000 | ep 15] train_loss=6.4658e-03  train_recon=5.2073e-04  train_L1=5.9451e+01  val_loss=1.4161e-05  val_mse=7.8940e-06  val_L0=151.4  dead=0.617
  -> saved training curves to checkpoints_rand_1e-4_p20/training_curves.png
  -> no loss improvement (93/20)
[step 9240000 | ep 15] train_loss=6.5240e-03  train_recon=6.2630e-04  train_L1=5.8977e+01  val_loss=9.7270e-06  val_mse=3.4602e-06  val_L0=151.3  dead=0.611
  -> saved training curves to checkpoints_rand_1e-4_p20/training_curves.png
  -> no loss improvement (94/20)
[step 9250000 | ep 15] train_loss=6.0011e-03  train_recon=1.2339e-04  train_L1=5.8777e+01  val_loss=7.1490e-06  val_mse=8.8296e-07  val_L0=151.3  dead=0.613
  -> saved training curves to checkpoints_rand_1e-4_p20/training_curves.png
  -> no loss improvement (95/20)
[step 9260000 | ep 15] train_loss=6.6648e-03  train_recon=7.1764e-04  train_L1=5.9472e+01  val_loss=1.3486e-05  val_mse=7.2202e-06  val_L0=151.3  dead=0.616
  -> saved training curves to checkpoints_rand_1e-4_p20/training_curves.png
  -> no loss improvement (96/20)
[step 9270000 | ep 15] train_loss=6.5185e-03  train_recon=6.3435e-04  train_L1=5.8841e+01  val_loss=1.2056e-05  val_mse=5.7895e-06  val_L0=151.3  dead=0.618
  -> saved training curves to checkpoints_rand_1e-4_p20/training_curves.png
  -> no loss improvement (97/20)
[step 9280000 | ep 15] train_loss=6.3234e-03  train_recon=4.2326e-04  train_L1=5.9001e+01  val_loss=9.3659e-06  val_mse=3.1004e-06  val_L0=151.3  dead=0.611
  -> saved training curves to checkpoints_rand_1e-4_p20/training_curves.png
  -> no loss improvement (98/20)
[step 9290000 | ep 15] train_loss=6.5097e-03  train_recon=5.9688e-04  train_L1=5.9128e+01  val_loss=1.1807e-05  val_mse=5.5418e-06  val_L0=151.3  dead=0.619
  -> saved training curves to checkpoints_rand_1e-4_p20/training_curves.png
  -> no loss improvement (99/20)
[step 9300000 | ep 15] train_loss=5.9776e-03  train_recon=1.4452e-04  train_L1=5.8331e+01  val_loss=7.1235e-06  val_mse=8.5804e-07  val_L0=151.3  dead=0.618
  -> saved training curves to checkpoints_rand_1e-4_p20/training_curves.png
  -> no loss improvement (100/20)
[step 9310000 | ep 15] train_loss=6.2350e-03  train_recon=3.3226e-04  train_L1=5.9028e+01  val_loss=9.7228e-06  val_mse=3.4572e-06  val_L0=151.3  dead=0.619
  -> saved training curves to checkpoints_rand_1e-4_p20/training_curves.png
  -> no loss improvement (101/20)
[step 9320000 | ep 15] train_loss=6.0969e-03  train_recon=2.4375e-04  train_L1=5.8532e+01  val_loss=8.1530e-06  val_mse=1.8880e-06  val_L0=151.3  dead=0.618
  -> saved training curves to checkpoints_rand_1e-4_p20/training_curves.png
  -> no loss improvement (102/20)
[step 9330000 | ep 15] train_loss=6.4009e-03  train_recon=5.4076e-04  train_L1=5.8601e+01  val_loss=9.2822e-06  val_mse=3.0177e-06  val_L0=151.3  dead=0.618
  -> saved training curves to checkpoints_rand_1e-4_p20/training_curves.png
  -> no loss improvement (103/20)
[step 9340000 | ep 15] train_loss=6.0309e-03  train_recon=1.3170e-04  train_L1=5.8992e+01  val_loss=7.0306e-06  val_mse=7.6585e-07  val_L0=151.3  dead=0.620
  -> saved training curves to checkpoints_rand_1e-4_p20/training_curves.png
  -> no loss improvement (104/20)
[step 9350000 | ep 15] train_loss=5.9954e-03  train_recon=1.0446e-04  train_L1=5.8909e+01  val_loss=7.9858e-06  val_mse=1.7212e-06  val_L0=151.4  dead=0.625
  -> saved training curves to checkpoints_rand_1e-4_p20/training_curves.png
  -> no loss improvement (105/20)
[step 9360000 | ep 15] train_loss=6.2199e-03  train_recon=3.6079e-04  train_L1=5.8591e+01  val_loss=9.1484e-06  val_mse=2.8838e-06  val_L0=151.3  dead=0.621
  -> saved training curves to checkpoints_rand_1e-4_p20/training_curves.png
  -> no loss improvement (106/20)
[step 9370000 | ep 15] train_loss=6.7022e-03  train_recon=7.8947e-04  train_L1=5.9128e+01  val_loss=1.4475e-05  val_mse=8.2114e-06  val_L0=151.3  dead=0.626
  -> saved training curves to checkpoints_rand_1e-4_p20/training_curves.png
  -> no loss improvement (107/20)
[step 9380000 | ep 15] train_loss=7.3703e-03  train_recon=1.4784e-03  train_L1=5.8919e+01  val_loss=1.9931e-05  val_mse=1.3667e-05  val_L0=151.3  dead=0.620
  -> saved training curves to checkpoints_rand_1e-4_p20/training_curves.png
  -> no loss improvement (108/20)
[step 9390000 | ep 15] train_loss=6.1266e-03  train_recon=2.3594e-04  train_L1=5.8907e+01  val_loss=9.0021e-06  val_mse=2.7383e-06  val_L0=151.3  dead=0.626
  -> saved training curves to checkpoints_rand_1e-4_p20/training_curves.png
  -> no loss improvement (109/20)
[step 9400000 | ep 15] train_loss=5.9985e-03  train_recon=1.2500e-04  train_L1=5.8735e+01  val_loss=6.9943e-06  val_mse=7.3034e-07  val_L0=151.3  dead=0.626
  -> saved training curves to checkpoints_rand_1e-4_p20/training_curves.png
  -> no loss improvement (110/20)
[step 9410000 | ep 15] train_loss=6.1563e-03  train_recon=2.4231e-04  train_L1=5.9140e+01  val_loss=8.8612e-06  val_mse=2.5978e-06  val_L0=151.3  dead=0.631
  -> saved training curves to checkpoints_rand_1e-4_p20/training_curves.png
  -> no loss improvement (111/20)
[step 9420000 | ep 15] train_loss=6.3991e-03  train_recon=4.8575e-04  train_L1=5.9133e+01  val_loss=9.8419e-06  val_mse=3.5781e-06  val_L0=151.3  dead=0.623
  -> saved training curves to checkpoints_rand_1e-4_p20/training_curves.png
  -> no loss improvement (112/20)
[step 9430000 | ep 15] train_loss=6.5756e-03  train_recon=6.5849e-04  train_L1=5.9171e+01  val_loss=1.1633e-05  val_mse=5.3694e-06  val_L0=151.3  dead=0.623
  -> saved training curves to checkpoints_rand_1e-4_p20/training_curves.png
  -> no loss improvement (113/20)
[step 9440000 | ep 15] train_loss=6.8841e-03  train_recon=9.8683e-04  train_L1=5.8973e+01  val_loss=1.3254e-05  val_mse=6.9914e-06  val_L0=151.3  dead=0.621
  -> saved training curves to checkpoints_rand_1e-4_p20/training_curves.png
  -> no loss improvement (114/20)
[step 9450000 | ep 15] train_loss=6.2630e-03  train_recon=3.7214e-04  train_L1=5.8908e+01  val_loss=1.0256e-05  val_mse=3.9927e-06  val_L0=151.3  dead=0.629
  -> saved training curves to checkpoints_rand_1e-4_p20/training_curves.png
  -> no loss improvement (115/20)
[step 9460000 | ep 15] train_loss=6.1472e-03  train_recon=2.8341e-04  train_L1=5.8638e+01  val_loss=8.8250e-06  val_mse=2.5616e-06  val_L0=151.3  dead=0.626
  -> saved training curves to checkpoints_rand_1e-4_p20/training_curves.png
  -> no loss improvement (116/20)
[step 9470000 | ep 15] train_loss=6.6952e-03  train_recon=8.3024e-04  train_L1=5.8649e+01  val_loss=1.8044e-05  val_mse=1.1781e-05  val_L0=151.3  dead=0.623
  -> saved training curves to checkpoints_rand_1e-4_p20/training_curves.png
  -> no loss improvement (117/20)
[step 9480000 | ep 15] train_loss=6.1108e-03  train_recon=2.5229e-04  train_L1=5.8586e+01  val_loss=8.9442e-06  val_mse=2.6816e-06  val_L0=151.3  dead=0.629
  -> saved training curves to checkpoints_rand_1e-4_p20/training_curves.png
  -> no loss improvement (118/20)
[step 9490000 | ep 15] train_loss=6.4873e-03  train_recon=6.1334e-04  train_L1=5.8739e+01  val_loss=1.2019e-05  val_mse=5.7579e-06  val_L0=151.3  dead=0.620
  -> saved training curves to checkpoints_rand_1e-4_p20/training_curves.png
  -> no loss improvement (119/20)
[step 9500000 | ep 15] train_loss=6.3565e-03  train_recon=4.3805e-04  train_L1=5.9184e+01  val_loss=9.0732e-06  val_mse=2.8111e-06  val_L0=151.3  dead=0.620
  -> saved training curves to checkpoints_rand_1e-4_p20/training_curves.png
  -> no loss improvement (120/20)
[step 9510000 | ep 15] train_loss=6.0932e-03  train_recon=1.2036e-04  train_L1=5.9728e+01  val_loss=7.4452e-06  val_mse=1.1832e-06  val_L0=151.3  dead=0.630
  -> saved training curves to checkpoints_rand_1e-4_p20/training_curves.png
  -> no loss improvement (121/20)
[step 9520000 | ep 15] train_loss=6.4591e-03  train_recon=5.1695e-04  train_L1=5.9422e+01  val_loss=9.8301e-06  val_mse=3.5676e-06  val_L0=151.3  dead=0.633
  -> saved training curves to checkpoints_rand_1e-4_p20/training_curves.png
  -> no loss improvement (122/20)
[step 9530000 | ep 15] train_loss=6.5943e-03  train_recon=7.1024e-04  train_L1=5.8840e+01  val_loss=1.1919e-05  val_mse=5.6573e-06  val_L0=151.3  dead=0.625
  -> saved training curves to checkpoints_rand_1e-4_p20/training_curves.png
  -> no loss improvement (123/20)
[step 9540000 | ep 15] train_loss=6.5188e-03  train_recon=5.7983e-04  train_L1=5.9389e+01  val_loss=9.3993e-06  val_mse=3.1371e-06  val_L0=151.2  dead=0.620
  -> saved training curves to checkpoints_rand_1e-4_p20/training_curves.png
  -> no loss improvement (124/20)
[step 9550000 | ep 15] train_loss=6.4725e-03  train_recon=5.8461e-04  train_L1=5.8879e+01  val_loss=9.9656e-06  val_mse=3.7039e-06  val_L0=151.3  dead=0.624
  -> saved training curves to checkpoints_rand_1e-4_p20/training_curves.png
  -> no loss improvement (125/20)
[step 9560000 | ep 15] train_loss=6.7280e-03  train_recon=8.4964e-04  train_L1=5.8783e+01  val_loss=1.4975e-05  val_mse=8.7140e-06  val_L0=151.3  dead=0.631
  -> saved training curves to checkpoints_rand_1e-4_p20/training_curves.png
  -> no loss improvement (126/20)
[step 9570000 | ep 15] train_loss=7.3662e-03  train_recon=1.4767e-03  train_L1=5.8895e+01  val_loss=2.0629e-05  val_mse=1.4367e-05  val_L0=151.3  dead=0.624
  -> saved training curves to checkpoints_rand_1e-4_p20/training_curves.png
  -> no loss improvement (127/20)
[step 9580000 | ep 15] train_loss=6.1116e-03  train_recon=2.1215e-04  train_L1=5.8994e+01  val_loss=9.1243e-06  val_mse=2.8626e-06  val_L0=151.4  dead=0.627
  -> saved training curves to checkpoints_rand_1e-4_p20/training_curves.png
  -> no loss improvement (128/20)
[step 9590000 | ep 15] train_loss=6.6174e-03  train_recon=6.8569e-04  train_L1=5.9318e+01  val_loss=1.2697e-05  val_mse=6.4366e-06  val_L0=151.3  dead=0.634
  -> saved training curves to checkpoints_rand_1e-4_p20/training_curves.png
  -> no loss improvement (129/20)
[step 9600000 | ep 15] train_loss=6.0200e-03  train_recon=1.8623e-04  train_L1=5.8338e+01  val_loss=7.0413e-06  val_mse=7.8050e-07  val_L0=151.3  dead=0.625
  -> saved training curves to checkpoints_rand_1e-4_p20/training_curves.png
  -> no loss improvement (130/20)
[step 9610000 | ep 15] train_loss=6.8104e-03  train_recon=8.7504e-04  train_L1=5.9353e+01  val_loss=1.4622e-05  val_mse=8.3616e-06  val_L0=151.3  dead=0.631
  -> saved training curves to checkpoints_rand_1e-4_p20/training_curves.png
  -> no loss improvement (131/20)
[step 9620000 | ep 15] train_loss=6.6464e-03  train_recon=7.3655e-04  train_L1=5.9098e+01  val_loss=1.3726e-05  val_mse=7.4658e-06  val_L0=151.3  dead=0.627
  -> saved training curves to checkpoints_rand_1e-4_p20/training_curves.png
  -> no loss improvement (132/20)
[step 9630000 | ep 15] train_loss=5.9469e-03  train_recon=9.8491e-05  train_L1=5.8485e+01  val_loss=7.2714e-06  val_mse=1.0111e-06  val_L0=151.3  dead=0.636
  -> saved training curves to checkpoints_rand_1e-4_p20/training_curves.png
  -> no loss improvement (133/20)
[step 9640000 | ep 15] train_loss=6.3678e-03  train_recon=4.7981e-04  train_L1=5.8880e+01  val_loss=8.5265e-06  val_mse=2.2662e-06  val_L0=151.3  dead=0.627
  -> saved training curves to checkpoints_rand_1e-4_p20/training_curves.png
  -> no loss improvement (134/20)
[step 9650000 | ep 15] train_loss=6.2878e-03  train_recon=4.1478e-04  train_L1=5.8730e+01  val_loss=1.0251e-05  val_mse=3.9909e-06  val_L0=151.3  dead=0.627
  -> saved training curves to checkpoints_rand_1e-4_p20/training_curves.png
  -> no loss improvement (135/20)
[step 9660000 | ep 15] train_loss=6.1360e-03  train_recon=2.8074e-04  train_L1=5.8552e+01  val_loss=9.5608e-06  val_mse=3.3004e-06  val_L0=151.3  dead=0.632
  -> saved training curves to checkpoints_rand_1e-4_p20/training_curves.png
  -> no loss improvement (136/20)
[step 9670000 | ep 15] train_loss=6.5096e-03  train_recon=5.8797e-04  train_L1=5.9216e+01  val_loss=1.2667e-05  val_mse=6.4071e-06  val_L0=151.3  dead=0.628
  -> saved training curves to checkpoints_rand_1e-4_p20/training_curves.png
  -> no loss improvement (137/20)
[step 9680000 | ep 15] train_loss=6.4573e-03  train_recon=5.8622e-04  train_L1=5.8711e+01  val_loss=1.1635e-05  val_mse=5.3750e-06  val_L0=151.3  dead=0.628
  -> saved training curves to checkpoints_rand_1e-4_p20/training_curves.png
  -> no loss improvement (138/20)
[step 9690000 | ep 15] train_loss=6.3469e-03  train_recon=4.5485e-04  train_L1=5.8920e+01  val_loss=1.0676e-05  val_mse=4.4167e-06  val_L0=151.3  dead=0.629
  -> saved training curves to checkpoints_rand_1e-4_p20/training_curves.png
  -> no loss improvement (139/20)
[step 9700000 | ep 15] train_loss=6.8966e-03  train_recon=9.6485e-04  train_L1=5.9317e+01  val_loss=1.2988e-05  val_mse=6.7282e-06  val_L0=151.2  dead=0.627
  -> saved training curves to checkpoints_rand_1e-4_p20/training_curves.png
  -> no loss improvement (140/20)
[step 9710000 | ep 15] train_loss=6.2186e-03  train_recon=2.8967e-04  train_L1=5.9289e+01  val_loss=9.0636e-06  val_mse=2.8039e-06  val_L0=151.3  dead=0.629
  -> saved training curves to checkpoints_rand_1e-4_p20/training_curves.png
  -> no loss improvement (141/20)
Epoch 15 done  (step=9716619)
[step 9720000 | ep 16] train_loss=6.3476e-03  train_recon=4.4976e-04  train_L1=5.8978e+01  val_loss=1.1499e-05  val_mse=5.2392e-06  val_L0=151.3  dead=0.635
  -> saved training curves to checkpoints_rand_1e-4_p20/training_curves.png
  -> no loss improvement (142/20)
[step 9730000 | ep 16] train_loss=6.4229e-03  train_recon=4.9549e-04  train_L1=5.9274e+01  val_loss=1.3122e-05  val_mse=6.8626e-06  val_L0=151.3  dead=0.629
  -> saved training curves to checkpoints_rand_1e-4_p20/training_curves.png
  -> no loss improvement (143/20)
[step 9740000 | ep 16] train_loss=6.3538e-03  train_recon=4.7815e-04  train_L1=5.8757e+01  val_loss=1.1463e-05  val_mse=5.2034e-06  val_L0=151.3  dead=0.630
  -> saved training curves to checkpoints_rand_1e-4_p20/training_curves.png
  -> no loss improvement (144/20)
[step 9750000 | ep 16] train_loss=6.2947e-03  train_recon=4.2199e-04  train_L1=5.8727e+01  val_loss=9.5968e-06  val_mse=3.3377e-06  val_L0=151.3  dead=0.629
  -> saved training curves to checkpoints_rand_1e-4_p20/training_curves.png
  -> no loss improvement (145/20)
[step 9760000 | ep 16] train_loss=6.1313e-03  train_recon=2.8220e-04  train_L1=5.8491e+01  val_loss=9.2419e-06  val_mse=2.9828e-06  val_L0=151.3  dead=0.629
  -> saved training curves to checkpoints_rand_1e-4_p20/training_curves.png
  -> no loss improvement (146/20)
[step 9770000 | ep 16] train_loss=6.5826e-03  train_recon=6.5401e-04  train_L1=5.9286e+01  val_loss=1.7252e-05  val_mse=1.0994e-05  val_L0=151.3  dead=0.628
  -> saved training curves to checkpoints_rand_1e-4_p20/training_curves.png
  -> no loss improvement (147/20)
[step 9780000 | ep 16] train_loss=6.1179e-03  train_recon=2.2128e-04  train_L1=5.8966e+01  val_loss=8.4557e-06  val_mse=2.1975e-06  val_L0=151.3  dead=0.629
  -> saved training curves to checkpoints_rand_1e-4_p20/training_curves.png
  -> no loss improvement (148/20)
[step 9790000 | ep 16] train_loss=6.4449e-03  train_recon=5.6594e-04  train_L1=5.8790e+01  val_loss=1.3335e-05  val_mse=7.0775e-06  val_L0=151.4  dead=0.632
  -> saved training curves to checkpoints_rand_1e-4_p20/training_curves.png
  -> no loss improvement (149/20)
[step 9800000 | ep 16] train_loss=5.9840e-03  train_recon=1.0064e-04  train_L1=5.8834e+01  val_loss=7.1491e-06  val_mse=8.9115e-07  val_L0=151.3  dead=0.629
  -> saved training curves to checkpoints_rand_1e-4_p20/training_curves.png
  -> no loss improvement (150/20)
[step 9810000 | ep 16] train_loss=6.2529e-03  train_recon=3.1080e-04  train_L1=5.9421e+01  val_loss=7.4627e-06  val_mse=1.2045e-06  val_L0=151.3  dead=0.628
  -> saved training curves to checkpoints_rand_1e-4_p20/training_curves.png
  -> no loss improvement (151/20)
[step 9820000 | ep 16] train_loss=6.7188e-03  train_recon=8.0552e-04  train_L1=5.9133e+01  val_loss=1.1851e-05  val_mse=5.5931e-06  val_L0=151.3  dead=0.628
  -> saved training curves to checkpoints_rand_1e-4_p20/training_curves.png
  -> no loss improvement (152/20)
[step 9830000 | ep 16] train_loss=6.7928e-03  train_recon=8.4317e-04  train_L1=5.9497e+01  val_loss=1.2242e-05  val_mse=5.9850e-06  val_L0=151.3  dead=0.626
  -> saved training curves to checkpoints_rand_1e-4_p20/training_curves.png
  -> no loss improvement (153/20)
[step 9840000 | ep 16] train_loss=6.3489e-03  train_recon=4.3922e-04  train_L1=5.9097e+01  val_loss=1.2418e-05  val_mse=6.1606e-06  val_L0=151.3  dead=0.628
  -> saved training curves to checkpoints_rand_1e-4_p20/training_curves.png
  -> no loss improvement (154/20)
[step 9850000 | ep 16] train_loss=6.6255e-03  train_recon=7.5026e-04  train_L1=5.8752e+01  val_loss=1.1315e-05  val_mse=5.0576e-06  val_L0=151.3  dead=0.626
  -> saved training curves to checkpoints_rand_1e-4_p20/training_curves.png
  -> no loss improvement (155/20)
[step 9860000 | ep 16] train_loss=7.2138e-03  train_recon=1.3279e-03  train_L1=5.8860e+01  val_loss=1.3777e-05  val_mse=7.5197e-06  val_L0=151.3  dead=0.626
  -> saved training curves to checkpoints_rand_1e-4_p20/training_curves.png
  -> no loss improvement (156/20)
[step 9870000 | ep 16] train_loss=6.4704e-03  train_recon=5.7409e-04  train_L1=5.8963e+01  val_loss=8.7456e-06  val_mse=2.4883e-06  val_L0=151.3  dead=0.624
  -> saved training curves to checkpoints_rand_1e-4_p20/training_curves.png
  -> no loss improvement (157/20)
[step 9880000 | ep 16] train_loss=6.5842e-03  train_recon=6.6433e-04  train_L1=5.9198e+01  val_loss=1.2706e-05  val_mse=6.4491e-06  val_L0=151.3  dead=0.627
  -> saved training curves to checkpoints_rand_1e-4_p20/training_curves.png
  -> no loss improvement (158/20)
[step 9890000 | ep 16] train_loss=6.0024e-03  train_recon=7.3282e-05  train_L1=5.9292e+01  val_loss=6.7790e-06  val_mse=5.2219e-07  val_L0=151.3  dead=0.627
  -> saved training curves to checkpoints_rand_1e-4_p20/training_curves.png
  -> no loss improvement (159/20)
[step 9900000 | ep 16] train_loss=6.8707e-03  train_recon=9.6553e-04  train_L1=5.9052e+01  val_loss=1.2443e-05  val_mse=6.1860e-06  val_L0=151.3  dead=0.626
  -> saved training curves to checkpoints_rand_1e-4_p20/training_curves.png
  -> no loss improvement (160/20)
[step 9910000 | ep 16] train_loss=6.7937e-03  train_recon=9.1580e-04  train_L1=5.8779e+01  val_loss=1.3976e-05  val_mse=7.7198e-06  val_L0=151.3  dead=0.627
  -> saved training curves to checkpoints_rand_1e-4_p20/training_curves.png
  -> no loss improvement (161/20)
[step 9920000 | ep 16] train_loss=6.7404e-03  train_recon=8.1664e-04  train_L1=5.9238e+01  val_loss=1.5230e-05  val_mse=8.9732e-06  val_L0=151.3  dead=0.624
  -> saved training curves to checkpoints_rand_1e-4_p20/training_curves.png
  -> no loss improvement (162/20)
[step 9930000 | ep 16] train_loss=6.1143e-03  train_recon=2.2863e-04  train_L1=5.8857e+01  val_loss=7.7987e-06  val_mse=1.5426e-06  val_L0=151.3  dead=0.625
  -> saved training curves to checkpoints_rand_1e-4_p20/training_curves.png
  -> no loss improvement (163/20)
[step 9940000 | ep 16] train_loss=6.0632e-03  train_recon=2.0875e-04  train_L1=5.8545e+01  val_loss=7.3834e-06  val_mse=1.1273e-06  val_L0=151.3  dead=0.622
  -> saved training curves to checkpoints_rand_1e-4_p20/training_curves.png
  -> no loss improvement (164/20)
[step 9950000 | ep 16] train_loss=6.1700e-03  train_recon=2.6540e-04  train_L1=5.9046e+01  val_loss=8.5533e-06  val_mse=2.2973e-06  val_L0=151.3  dead=0.624
  -> saved training curves to checkpoints_rand_1e-4_p20/training_curves.png
  -> no loss improvement (165/20)
[step 9960000 | ep 16] train_loss=6.2295e-03  train_recon=3.8282e-04  train_L1=5.8467e+01  val_loss=1.0214e-05  val_mse=3.9583e-06  val_L0=151.3  dead=0.628
  -> saved training curves to checkpoints_rand_1e-4_p20/training_curves.png
  -> no loss improvement (166/20)
[step 9970000 | ep 16] train_loss=5.9170e-03  train_recon=2.2424e-05  train_L1=5.8945e+01  val_loss=6.5392e-06  val_mse=2.8334e-07  val_L0=151.3  dead=0.624
  -> saved training curves to checkpoints_rand_1e-4_p20/training_curves.png
  -> no loss improvement (167/20)
[step 9980000 | ep 16] train_loss=6.5289e-03  train_recon=6.5147e-04  train_L1=5.8774e+01  val_loss=1.5223e-05  val_mse=8.9686e-06  val_L0=151.3  dead=0.628
  -> saved training curves to checkpoints_rand_1e-4_p20/training_curves.png
  -> no loss improvement (168/20)
[step 9990000 | ep 16] train_loss=6.4881e-03  train_recon=5.4872e-04  train_L1=5.9394e+01  val_loss=1.3149e-05  val_mse=6.8933e-06  val_L0=151.3  dead=0.626
  -> saved training curves to checkpoints_rand_1e-4_p20/training_curves.png
  -> no loss improvement (169/20)
[step 10000000 | ep 16] train_loss=6.3897e-03  train_recon=5.3214e-04  train_L1=5.8576e+01  val_loss=1.1450e-05  val_mse=5.1940e-06  val_L0=151.3  dead=0.628
  -> saved training curves to checkpoints_rand_1e-4_p20/training_curves.png
  -> no loss improvement (170/20)
[step 10010000 | ep 16] train_loss=6.4293e-03  train_recon=5.4976e-04  train_L1=5.8795e+01  val_loss=1.1191e-05  val_mse=4.9358e-06  val_L0=151.3  dead=0.628
  -> saved training curves to checkpoints_rand_1e-4_p20/training_curves.png
  -> no loss improvement (171/20)
[step 10020000 | ep 16] train_loss=6.4491e-03  train_recon=5.9820e-04  train_L1=5.8509e+01  val_loss=1.1800e-05  val_mse=5.5442e-06  val_L0=151.3  dead=0.630
  -> saved training curves to checkpoints_rand_1e-4_p20/training_curves.png
  -> no loss improvement (172/20)
[step 10030000 | ep 16] train_loss=6.6839e-03  train_recon=8.1169e-04  train_L1=5.8722e+01  val_loss=1.3179e-05  val_mse=6.9233e-06  val_L0=151.3  dead=0.628
  -> saved training curves to checkpoints_rand_1e-4_p20/training_curves.png
  -> no loss improvement (173/20)
[step 10040000 | ep 16] train_loss=6.0555e-03  train_recon=1.6242e-04  train_L1=5.8931e+01  val_loss=7.3064e-06  val_mse=1.0511e-06  val_L0=151.3  dead=0.623
  -> saved training curves to checkpoints_rand_1e-4_p20/training_curves.png
  -> no loss improvement (174/20)
[step 10050000 | ep 16] train_loss=6.2921e-03  train_recon=4.2122e-04  train_L1=5.8709e+01  val_loss=9.9138e-06  val_mse=3.6583e-06  val_L0=151.3  dead=0.625
  -> saved training curves to checkpoints_rand_1e-4_p20/training_curves.png
  -> no loss improvement (175/20)
[step 10060000 | ep 16] train_loss=6.6557e-03  train_recon=8.0253e-04  train_L1=5.8531e+01  val_loss=1.3665e-05  val_mse=7.4106e-06  val_L0=151.3  dead=0.631
  -> saved training curves to checkpoints_rand_1e-4_p20/training_curves.png
  -> no loss improvement (176/20)
[step 10070000 | ep 16] train_loss=6.3196e-03  train_recon=3.8970e-04  train_L1=5.9299e+01  val_loss=8.7878e-06  val_mse=2.5335e-06  val_L0=151.3  dead=0.626
  -> saved training curves to checkpoints_rand_1e-4_p20/training_curves.png
  -> no loss improvement (177/20)
[step 10080000 | ep 16] train_loss=6.6239e-03  train_recon=7.1348e-04  train_L1=5.9105e+01  val_loss=1.1624e-05  val_mse=5.3704e-06  val_L0=151.3  dead=0.632
  -> saved training curves to checkpoints_rand_1e-4_p20/training_curves.png
  -> no loss improvement (178/20)
[step 10090000 | ep 16] train_loss=6.2834e-03  train_recon=3.8523e-04  train_L1=5.8982e+01  val_loss=9.6427e-06  val_mse=3.3881e-06  val_L0=151.3  dead=0.629
  -> saved training curves to checkpoints_rand_1e-4_p20/training_curves.png
  -> no loss improvement (179/20)
[step 10100000 | ep 16] train_loss=6.2448e-03  train_recon=3.8864e-04  train_L1=5.8562e+01  val_loss=8.4626e-06  val_mse=2.2087e-06  val_L0=151.3  dead=0.625
  -> saved training curves to checkpoints_rand_1e-4_p20/training_curves.png
  -> no loss improvement (180/20)
[step 10110000 | ep 16] train_loss=6.1598e-03  train_recon=2.7555e-04  train_L1=5.8843e+01  val_loss=8.3177e-06  val_mse=2.0645e-06  val_L0=151.3  dead=0.625
  -> saved training curves to checkpoints_rand_1e-4_p20/training_curves.png
  -> no loss improvement (181/20)
[step 10120000 | ep 16] train_loss=6.9557e-03  train_recon=1.0495e-03  train_L1=5.9062e+01  val_loss=1.7337e-05  val_mse=1.1084e-05  val_L0=151.3  dead=0.626
  -> saved training curves to checkpoints_rand_1e-4_p20/training_curves.png
  -> no loss improvement (182/20)
[step 10130000 | ep 16] train_loss=6.1600e-03  train_recon=2.5070e-04  train_L1=5.9093e+01  val_loss=8.2322e-06  val_mse=1.9783e-06  val_L0=151.3  dead=0.627
  -> saved training curves to checkpoints_rand_1e-4_p20/training_curves.png
  -> no loss improvement (183/20)
[step 10140000 | ep 16] train_loss=6.5765e-03  train_recon=7.1853e-04  train_L1=5.8580e+01  val_loss=1.2710e-05  val_mse=6.4563e-06  val_L0=151.3  dead=0.631
  -> saved training curves to checkpoints_rand_1e-4_p20/training_curves.png
  -> no loss improvement (184/20)
[step 10150000 | ep 16] train_loss=6.2087e-03  train_recon=3.1563e-04  train_L1=5.8931e+01  val_loss=9.4750e-06  val_mse=3.2222e-06  val_L0=151.3  dead=0.629
  -> saved training curves to checkpoints_rand_1e-4_p20/training_curves.png
  -> no loss improvement (185/20)
[step 10160000 | ep 16] train_loss=5.9724e-03  train_recon=8.8114e-05  train_L1=5.8843e+01  val_loss=7.1697e-06  val_mse=9.1651e-07  val_L0=151.3  dead=0.631
  -> saved training curves to checkpoints_rand_1e-4_p20/training_curves.png
  -> no loss improvement (186/20)
[step 10170000 | ep 16] train_loss=6.8951e-03  train_recon=9.9172e-04  train_L1=5.9034e+01  val_loss=1.3494e-05  val_mse=7.2407e-06  val_L0=151.3  dead=0.627
  -> saved training curves to checkpoints_rand_1e-4_p20/training_curves.png
  -> no loss improvement (187/20)
[step 10180000 | ep 16] train_loss=6.0372e-03  train_recon=1.1901e-04  train_L1=5.9182e+01  val_loss=7.8033e-06  val_mse=1.5502e-06  val_L0=151.3  dead=0.630
  -> saved training curves to checkpoints_rand_1e-4_p20/training_curves.png
  -> no loss improvement (188/20)
[step 10190000 | ep 16] train_loss=6.3655e-03  train_recon=4.0795e-04  train_L1=5.9575e+01  val_loss=1.1039e-05  val_mse=4.7857e-06  val_L0=151.3  dead=0.629
  -> saved training curves to checkpoints_rand_1e-4_p20/training_curves.png
  -> no loss improvement (189/20)
[step 10200000 | ep 16] train_loss=6.0407e-03  train_recon=1.8208e-04  train_L1=5.8586e+01  val_loss=7.4310e-06  val_mse=1.1782e-06  val_L0=151.3  dead=0.628
  -> saved training curves to checkpoints_rand_1e-4_p20/training_curves.png
  -> no loss improvement (190/20)
[step 10210000 | ep 16] train_loss=6.7916e-03  train_recon=8.8240e-04  train_L1=5.9092e+01  val_loss=1.6087e-05  val_mse=9.8332e-06  val_L0=151.3  dead=0.631
  -> saved training curves to checkpoints_rand_1e-4_p20/training_curves.png
  -> no loss improvement (191/20)
[step 10220000 | ep 16] train_loss=6.1377e-03  train_recon=2.9427e-04  train_L1=5.8434e+01  val_loss=8.7994e-06  val_mse=2.5467e-06  val_L0=151.3  dead=0.629
  -> saved training curves to checkpoints_rand_1e-4_p20/training_curves.png
  -> no loss improvement (192/20)
[step 10230000 | ep 16] train_loss=6.2711e-03  train_recon=3.6542e-04  train_L1=5.9057e+01  val_loss=9.6696e-06  val_mse=3.4172e-06  val_L0=151.3  dead=0.629
  -> saved training curves to checkpoints_rand_1e-4_p20/training_curves.png
  -> no loss improvement (193/20)
[step 10240000 | ep 16] train_loss=6.7711e-03  train_recon=8.9774e-04  train_L1=5.8733e+01  val_loss=1.7177e-05  val_mse=1.0924e-05  val_L0=151.3  dead=0.631
  -> saved training curves to checkpoints_rand_1e-4_p20/training_curves.png
  -> no loss improvement (194/20)
[step 10250000 | ep 16] train_loss=6.1289e-03  train_recon=2.5579e-04  train_L1=5.8731e+01  val_loss=8.2859e-06  val_mse=2.0335e-06  val_L0=151.3  dead=0.628
  -> saved training curves to checkpoints_rand_1e-4_p20/training_curves.png
  -> no loss improvement (195/20)
[step 10260000 | ep 16] train_loss=6.1123e-03  train_recon=2.4944e-04  train_L1=5.8629e+01  val_loss=8.3476e-06  val_mse=2.0958e-06  val_L0=151.3  dead=0.627
  -> saved training curves to checkpoints_rand_1e-4_p20/training_curves.png
  -> no loss improvement (196/20)
[step 10270000 | ep 16] train_loss=6.4766e-03  train_recon=6.1581e-04  train_L1=5.8608e+01  val_loss=9.8698e-06  val_mse=3.6178e-06  val_L0=151.3  dead=0.626
  -> saved training curves to checkpoints_rand_1e-4_p20/training_curves.png
  -> no loss improvement (197/20)
[step 10280000 | ep 16] train_loss=6.5035e-03  train_recon=6.3993e-04  train_L1=5.8635e+01  val_loss=1.0853e-05  val_mse=4.6011e-06  val_L0=151.3  dead=0.626
  -> saved training curves to checkpoints_rand_1e-4_p20/training_curves.png
  -> no loss improvement (198/20)
[step 10290000 | ep 16] train_loss=6.1754e-03  train_recon=3.4474e-04  train_L1=5.8306e+01  val_loss=8.3110e-06  val_mse=2.0591e-06  val_L0=151.3  dead=0.628
  -> saved training curves to checkpoints_rand_1e-4_p20/training_curves.png
  -> no loss improvement (199/20)
[step 10300000 | ep 16] train_loss=6.1687e-03  train_recon=2.9666e-04  train_L1=5.8721e+01  val_loss=1.0004e-05  val_mse=3.7531e-06  val_L0=151.3  dead=0.629
  -> saved training curves to checkpoints_rand_1e-4_p20/training_curves.png
  -> no loss improvement (200/20)
[step 10310000 | ep 16] train_loss=6.1905e-03  train_recon=3.2617e-04  train_L1=5.8643e+01  val_loss=9.5724e-06  val_mse=3.3211e-06  val_L0=151.3  dead=0.629
  -> saved training curves to checkpoints_rand_1e-4_p20/training_curves.png
  -> no loss improvement (201/20)
[step 10320000 | ep 16] train_loss=6.1158e-03  train_recon=2.7588e-04  train_L1=5.8400e+01  val_loss=8.4570e-06  val_mse=2.2057e-06  val_L0=151.3  dead=0.626
  -> saved training curves to checkpoints_rand_1e-4_p20/training_curves.png
  -> no loss improvement (202/20)
[step 10330000 | ep 16] train_loss=7.0606e-03  train_recon=1.2325e-03  train_L1=5.8281e+01  val_loss=1.3322e-05  val_mse=7.0696e-06  val_L0=151.3  dead=0.626
  -> saved training curves to checkpoints_rand_1e-4_p20/training_curves.png
  -> no loss improvement (203/20)
[step 10340000 | ep 16] train_loss=6.5090e-03  train_recon=6.0523e-04  train_L1=5.9038e+01  val_loss=1.1260e-05  val_mse=5.0088e-06  val_L0=151.3  dead=0.629
  -> saved training curves to checkpoints_rand_1e-4_p20/training_curves.png
  -> no loss improvement (204/20)
[step 10350000 | ep 16] train_loss=6.0331e-03  train_recon=1.5397e-04  train_L1=5.8791e+01  val_loss=7.6431e-06  val_mse=1.3921e-06  val_L0=151.3  dead=0.628
  -> saved training curves to checkpoints_rand_1e-4_p20/training_curves.png
  -> no loss improvement (205/20)
[step 10360000 | ep 16] train_loss=6.4477e-03  train_recon=6.0055e-04  train_L1=5.8472e+01  val_loss=1.0746e-05  val_mse=4.4951e-06  val_L0=151.3  dead=0.631
  -> saved training curves to checkpoints_rand_1e-4_p20/training_curves.png
  -> no loss improvement (206/20)
[step 10370000 | ep 16] train_loss=6.3243e-03  train_recon=4.4964e-04  train_L1=5.8747e+01  val_loss=8.9854e-06  val_mse=2.7345e-06  val_L0=151.3  dead=0.625
  -> saved training curves to checkpoints_rand_1e-4_p20/training_curves.png
  -> no loss improvement (207/20)
[step 10380000 | ep 16] train_loss=6.0866e-03  train_recon=2.5415e-04  train_L1=5.8325e+01  val_loss=8.4223e-06  val_mse=2.1715e-06  val_L0=151.3  dead=0.625
  -> saved training curves to checkpoints_rand_1e-4_p20/training_curves.png
  -> no loss improvement (208/20)
[step 10390000 | ep 16] train_loss=6.1006e-03  train_recon=2.1563e-04  train_L1=5.8850e+01  val_loss=8.9106e-06  val_mse=2.6603e-06  val_L0=151.4  dead=0.626
  -> saved training curves to checkpoints_rand_1e-4_p20/training_curves.png
  -> no loss improvement (209/20)
[step 10400000 | ep 16] train_loss=6.8806e-03  train_recon=1.0205e-03  train_L1=5.8601e+01  val_loss=1.1729e-05  val_mse=5.4790e-06  val_L0=151.3  dead=0.624
  -> saved training curves to checkpoints_rand_1e-4_p20/training_curves.png
  -> no loss improvement (210/20)
[step 10410000 | ep 16] train_loss=6.1678e-03  train_recon=2.7686e-04  train_L1=5.8910e+01  val_loss=8.2211e-06  val_mse=1.9707e-06  val_L0=151.3  dead=0.623
  -> saved training curves to checkpoints_rand_1e-4_p20/training_curves.png
  -> no loss improvement (211/20)
Epoch 16 done  (step=10419948)
[step 10420000 | ep 17] train_loss=6.7803e-03  train_recon=8.6789e-04  train_L1=5.9124e+01  val_loss=1.7103e-05  val_mse=1.0852e-05  val_L0=151.3  dead=0.625
  -> saved training curves to checkpoints_rand_1e-4_p20/training_curves.png
  -> no loss improvement (212/20)
[step 10430000 | ep 17] train_loss=6.9970e-03  train_recon=1.1462e-03  train_L1=5.8508e+01  val_loss=1.3360e-05  val_mse=7.1107e-06  val_L0=151.3  dead=0.623
  -> saved training curves to checkpoints_rand_1e-4_p20/training_curves.png
  -> no loss improvement (213/20)
[step 10440000 | ep 17] train_loss=6.6113e-03  train_recon=6.9483e-04  train_L1=5.9164e+01  val_loss=1.1364e-05  val_mse=5.1134e-06  val_L0=151.3  dead=0.625
  -> saved training curves to checkpoints_rand_1e-4_p20/training_curves.png
  -> no loss improvement (214/20)
[step 10450000 | ep 17] train_loss=6.1780e-03  train_recon=3.4550e-04  train_L1=5.8325e+01  val_loss=1.0248e-05  val_mse=3.9983e-06  val_L0=151.4  dead=0.624
  -> saved training curves to checkpoints_rand_1e-4_p20/training_curves.png
  -> no loss improvement (215/20)
[step 10460000 | ep 17] train_loss=6.1613e-03  train_recon=2.3482e-04  train_L1=5.9265e+01  val_loss=8.3406e-06  val_mse=2.0910e-06  val_L0=151.4  dead=0.624
  -> saved training curves to checkpoints_rand_1e-4_p20/training_curves.png
  -> no loss improvement (216/20)
[step 10470000 | ep 17] train_loss=6.2676e-03  train_recon=3.8376e-04  train_L1=5.8839e+01  val_loss=9.5290e-06  val_mse=3.2795e-06  val_L0=151.3  dead=0.623
  -> saved training curves to checkpoints_rand_1e-4_p20/training_curves.png
  -> no loss improvement (217/20)
[step 10480000 | ep 17] train_loss=6.0599e-03  train_recon=1.7249e-04  train_L1=5.8874e+01  val_loss=7.7338e-06  val_mse=1.4842e-06  val_L0=151.3  dead=0.625
  -> saved training curves to checkpoints_rand_1e-4_p20/training_curves.png
  -> no loss improvement (218/20)
[step 10490000 | ep 17] train_loss=6.3075e-03  train_recon=4.2646e-04  train_L1=5.8810e+01  val_loss=1.1278e-05  val_mse=5.0291e-06  val_L0=151.4  dead=0.625
  -> saved training curves to checkpoints_rand_1e-4_p20/training_curves.png
  -> no loss improvement (219/20)
[step 10500000 | ep 17] train_loss=6.2498e-03  train_recon=3.7789e-04  train_L1=5.8719e+01  val_loss=9.9043e-06  val_mse=3.6550e-06  val_L0=151.3  dead=0.626
  -> saved training curves to checkpoints_rand_1e-4_p20/training_curves.png
  -> no loss improvement (220/20)
[step 10510000 | ep 17] train_loss=6.9299e-03  train_recon=1.0415e-03  train_L1=5.8885e+01  val_loss=1.6454e-05  val_mse=1.0205e-05  val_L0=151.3  dead=0.625
  -> saved training curves to checkpoints_rand_1e-4_p20/training_curves.png
  -> no loss improvement (221/20)
[step 10520000 | ep 17] train_loss=6.4237e-03  train_recon=5.8034e-04  train_L1=5.8434e+01  val_loss=1.2760e-05  val_mse=6.5113e-06  val_L0=151.3  dead=0.623
  -> saved training curves to checkpoints_rand_1e-4_p20/training_curves.png
  -> no loss improvement (222/20)
[step 10530000 | ep 17] train_loss=6.4366e-03  train_recon=5.0343e-04  train_L1=5.9331e+01  val_loss=9.3784e-06  val_mse=3.1295e-06  val_L0=151.3  dead=0.625
  -> saved training curves to checkpoints_rand_1e-4_p20/training_curves.png
  -> no loss improvement (223/20)
[step 10540000 | ep 17] train_loss=6.1986e-03  train_recon=3.5560e-04  train_L1=5.8430e+01  val_loss=1.1308e-05  val_mse=5.0596e-06  val_L0=151.3  dead=0.627
  -> saved training curves to checkpoints_rand_1e-4_p20/training_curves.png
  -> no loss improvement (224/20)
[step 10550000 | ep 17] train_loss=6.5528e-03  train_recon=6.5620e-04  train_L1=5.8966e+01  val_loss=1.9598e-05  val_mse=1.3350e-05  val_L0=151.3  dead=0.625
  -> saved training curves to checkpoints_rand_1e-4_p20/training_curves.png
  -> no loss improvement (225/20)
[step 10560000 | ep 17] train_loss=6.2272e-03  train_recon=3.6771e-04  train_L1=5.8594e+01  val_loss=8.6535e-06  val_mse=2.4050e-06  val_L0=151.3  dead=0.625
  -> saved training curves to checkpoints_rand_1e-4_p20/training_curves.png
  -> no loss improvement (226/20)
[step 10570000 | ep 17] train_loss=6.0907e-03  train_recon=2.1137e-04  train_L1=5.8794e+01  val_loss=7.5915e-06  val_mse=1.3432e-06  val_L0=151.3  dead=0.623
  -> saved training curves to checkpoints_rand_1e-4_p20/training_curves.png
  -> no loss improvement (227/20)
[step 10580000 | ep 17] train_loss=6.1914e-03  train_recon=2.9545e-04  train_L1=5.8960e+01  val_loss=1.1568e-05  val_mse=5.3202e-06  val_L0=151.4  dead=0.627
  -> saved training curves to checkpoints_rand_1e-4_p20/training_curves.png
  -> no loss improvement (228/20)
[step 10590000 | ep 17] train_loss=6.7397e-03  train_recon=8.2545e-04  train_L1=5.9143e+01  val_loss=1.5222e-05  val_mse=8.9743e-06  val_L0=151.3  dead=0.628
  -> saved training curves to checkpoints_rand_1e-4_p20/training_curves.png
  -> no loss improvement (229/20)
[step 10600000 | ep 17] train_loss=5.9098e-03  train_recon=7.9345e-05  train_L1=5.8305e+01  val_loss=6.8506e-06  val_mse=6.0251e-07  val_L0=151.3  dead=0.624
  -> saved training curves to checkpoints_rand_1e-4_p20/training_curves.png
  -> no loss improvement (230/20)
[step 10610000 | ep 17] train_loss=6.7025e-03  train_recon=7.9335e-04  train_L1=5.9092e+01  val_loss=1.5079e-05  val_mse=8.8309e-06  val_L0=151.3  dead=0.626
  -> saved training curves to checkpoints_rand_1e-4_p20/training_curves.png
  -> no loss improvement (231/20)
[step 10620000 | ep 17] train_loss=6.8232e-03  train_recon=9.3052e-04  train_L1=5.8927e+01  val_loss=1.3039e-05  val_mse=6.7908e-06  val_L0=151.3  dead=0.626
  -> saved training curves to checkpoints_rand_1e-4_p20/training_curves.png
  -> no loss improvement (232/20)
[step 10630000 | ep 17] train_loss=6.4827e-03  train_recon=5.7954e-04  train_L1=5.9032e+01  val_loss=1.1696e-05  val_mse=5.4481e-06  val_L0=151.3  dead=0.625
  -> saved training curves to checkpoints_rand_1e-4_p20/training_curves.png
  -> no loss improvement (233/20)
[step 10640000 | ep 17] train_loss=6.5428e-03  train_recon=5.8978e-04  train_L1=5.9531e+01  val_loss=1.3639e-05  val_mse=7.3913e-06  val_L0=151.3  dead=0.627
  -> saved training curves to checkpoints_rand_1e-4_p20/training_curves.png
  -> no loss improvement (234/20)
[step 10650000 | ep 17] train_loss=6.6761e-03  train_recon=8.2754e-04  train_L1=5.8486e+01  val_loss=2.1957e-05  val_mse=1.5709e-05  val_L0=151.3  dead=0.630
  -> saved training curves to checkpoints_rand_1e-4_p20/training_curves.png
  -> no loss improvement (235/20)
[step 10660000 | ep 17] train_loss=6.3246e-03  train_recon=4.1999e-04  train_L1=5.9046e+01  val_loss=1.1035e-05  val_mse=4.7880e-06  val_L0=151.3  dead=0.630
  -> saved training curves to checkpoints_rand_1e-4_p20/training_curves.png
  -> no loss improvement (236/20)
[step 10670000 | ep 17] train_loss=6.8589e-03  train_recon=1.0073e-03  train_L1=5.8516e+01  val_loss=1.1504e-05  val_mse=5.2562e-06  val_L0=151.3  dead=0.628
  -> saved training curves to checkpoints_rand_1e-4_p20/training_curves.png
  -> no loss improvement (237/20)
[step 10680000 | ep 17] train_loss=6.0243e-03  train_recon=1.7493e-04  train_L1=5.8493e+01  val_loss=7.6927e-06  val_mse=1.4457e-06  val_L0=151.3  dead=0.631
  -> saved training curves to checkpoints_rand_1e-4_p20/training_curves.png
  -> no loss improvement (238/20)
[step 10690000 | ep 17] train_loss=6.8388e-03  train_recon=9.8061e-04  train_L1=5.8582e+01  val_loss=1.3997e-05  val_mse=7.7494e-06  val_L0=151.3  dead=0.628
  -> saved training curves to checkpoints_rand_1e-4_p20/training_curves.png
  -> no loss improvement (239/20)
[step 10700000 | ep 17] train_loss=6.3706e-03  train_recon=4.6530e-04  train_L1=5.9053e+01  val_loss=9.7018e-06  val_mse=3.4544e-06  val_L0=151.3  dead=0.625
  -> saved training curves to checkpoints_rand_1e-4_p20/training_curves.png
  -> no loss improvement (240/20)
[step 10710000 | ep 17] train_loss=6.7875e-03  train_recon=8.8421e-04  train_L1=5.9033e+01  val_loss=1.4096e-05  val_mse=7.8488e-06  val_L0=151.3  dead=0.628
  -> saved training curves to checkpoints_rand_1e-4_p20/training_curves.png
  -> no loss improvement (241/20)
[step 10720000 | ep 17] train_loss=6.5253e-03  train_recon=6.3869e-04  train_L1=5.8866e+01  val_loss=1.5448e-05  val_mse=9.2004e-06  val_L0=151.3  dead=0.627
  -> saved training curves to checkpoints_rand_1e-4_p20/training_curves.png
  -> no loss improvement (242/20)
[step 10730000 | ep 17] train_loss=6.8025e-03  train_recon=8.9433e-04  train_L1=5.9082e+01  val_loss=1.3707e-05  val_mse=7.4610e-06  val_L0=151.3  dead=0.620
  -> saved training curves to checkpoints_rand_1e-4_p20/training_curves.png
  -> no loss improvement (243/20)
[step 10740000 | ep 17] train_loss=5.9961e-03  train_recon=1.1091e-04  train_L1=5.8852e+01  val_loss=6.8136e-06  val_mse=5.6694e-07  val_L0=151.3  dead=0.624
  -> saved training curves to checkpoints_rand_1e-4_p20/training_curves.png
  -> no loss improvement (244/20)
[step 10750000 | ep 17] train_loss=7.3408e-03  train_recon=1.3763e-03  train_L1=5.9644e+01  val_loss=2.7685e-05  val_mse=2.1440e-05  val_L0=151.3  dead=0.625
  -> saved training curves to checkpoints_rand_1e-4_p20/training_curves.png
  -> no loss improvement (245/20)
[step 10760000 | ep 17] train_loss=6.6203e-03  train_recon=7.9990e-04  train_L1=5.8204e+01  val_loss=1.5599e-05  val_mse=9.3528e-06  val_L0=151.3  dead=0.625
  -> saved training curves to checkpoints_rand_1e-4_p20/training_curves.png
  -> no loss improvement (246/20)
[step 10770000 | ep 17] train_loss=6.1954e-03  train_recon=3.4463e-04  train_L1=5.8507e+01  val_loss=7.4610e-06  val_mse=1.2145e-06  val_L0=151.3  dead=0.624
  -> saved training curves to checkpoints_rand_1e-4_p20/training_curves.png
  -> no loss improvement (247/20)
[step 10780000 | ep 17] train_loss=6.3318e-03  train_recon=4.3501e-04  train_L1=5.8968e+01  val_loss=1.0020e-05  val_mse=3.7739e-06  val_L0=151.3  dead=0.623
  -> saved training curves to checkpoints_rand_1e-4_p20/training_curves.png
  -> no loss improvement (248/20)
[step 10790000 | ep 17] train_loss=6.2204e-03  train_recon=2.9220e-04  train_L1=5.9282e+01  val_loss=9.9177e-06  val_mse=3.6711e-06  val_L0=151.4  dead=0.625
  -> saved training curves to checkpoints_rand_1e-4_p20/training_curves.png
  -> no loss improvement (249/20)
[step 10800000 | ep 17] train_loss=5.8979e-03  train_recon=2.5395e-05  train_L1=5.8725e+01  val_loss=6.5331e-06  val_mse=2.8725e-07  val_L0=151.4  dead=0.623
  -> saved training curves to checkpoints_rand_1e-4_p20/training_curves.png
  -> no loss improvement (250/20)
[step 10810000 | ep 17] train_loss=5.9046e-03  train_recon=8.0661e-05  train_L1=5.8239e+01  val_loss=6.8850e-06  val_mse=6.3925e-07  val_L0=151.3  dead=0.628
  -> saved training curves to checkpoints_rand_1e-4_p20/training_curves.png
  -> no loss improvement (251/20)
[step 10820000 | ep 17] train_loss=7.1357e-03  train_recon=1.2282e-03  train_L1=5.9075e+01  val_loss=1.8313e-05  val_mse=1.2066e-05  val_L0=151.3  dead=0.628
  -> saved training curves to checkpoints_rand_1e-4_p20/training_curves.png
  -> no loss improvement (252/20)
[step 10830000 | ep 17] train_loss=6.4067e-03  train_recon=5.9758e-04  train_L1=5.8091e+01  val_loss=1.3412e-05  val_mse=7.1666e-06  val_L0=151.3  dead=0.626
  -> saved training curves to checkpoints_rand_1e-4_p20/training_curves.png
  -> no loss improvement (253/20)
[step 10840000 | ep 17] train_loss=6.1505e-03  train_recon=2.9168e-04  train_L1=5.8588e+01  val_loss=8.5486e-06  val_mse=2.3035e-06  val_L0=151.3  dead=0.625
  -> saved training curves to checkpoints_rand_1e-4_p20/training_curves.png
  -> no loss improvement (254/20)
[step 10850000 | ep 17] train_loss=6.1794e-03  train_recon=3.4898e-04  train_L1=5.8304e+01  val_loss=8.5345e-06  val_mse=2.2893e-06  val_L0=151.3  dead=0.625
  -> saved training curves to checkpoints_rand_1e-4_p20/training_curves.png
  -> no loss improvement (255/20)
[step 10860000 | ep 17] train_loss=6.3327e-03  train_recon=4.5286e-04  train_L1=5.8798e+01  val_loss=1.3028e-05  val_mse=6.7830e-06  val_L0=151.3  dead=0.628
  -> saved training curves to checkpoints_rand_1e-4_p20/training_curves.png
  -> no loss improvement (256/20)
[step 10870000 | ep 17] train_loss=6.2271e-03  train_recon=3.2305e-04  train_L1=5.9040e+01  val_loss=9.0362e-06  val_mse=2.7912e-06  val_L0=151.3  dead=0.627
  -> saved training curves to checkpoints_rand_1e-4_p20/training_curves.png
  -> no loss improvement (257/20)
[step 10880000 | ep 17] train_loss=6.2462e-03  train_recon=3.3022e-04  train_L1=5.9160e+01  val_loss=9.3919e-06  val_mse=3.1470e-06  val_L0=151.4  dead=0.626
  -> saved training curves to checkpoints_rand_1e-4_p20/training_curves.png
  -> no loss improvement (258/20)
[step 10890000 | ep 17] train_loss=6.2326e-03  train_recon=3.5371e-04  train_L1=5.8789e+01  val_loss=9.0395e-06  val_mse=2.7944e-06  val_L0=151.3  dead=0.623
  -> saved training curves to checkpoints_rand_1e-4_p20/training_curves.png
  -> no loss improvement (259/20)
[step 10900000 | ep 17] train_loss=6.7790e-03  train_recon=9.6080e-04  train_L1=5.8182e+01  val_loss=1.3446e-05  val_mse=7.2010e-06  val_L0=151.3  dead=0.625
  -> saved training curves to checkpoints_rand_1e-4_p20/training_curves.png
  -> no loss improvement (260/20)
[step 10910000 | ep 17] train_loss=6.5974e-03  train_recon=7.6198e-04  train_L1=5.8355e+01  val_loss=2.4474e-05  val_mse=1.8228e-05  val_L0=151.3  dead=0.628
  -> saved training curves to checkpoints_rand_1e-4_p20/training_curves.png
  -> no loss improvement (261/20)
[step 10920000 | ep 17] train_loss=6.2103e-03  train_recon=3.5085e-04  train_L1=5.8594e+01  val_loss=8.9567e-06  val_mse=2.7118e-06  val_L0=151.3  dead=0.629
  -> saved training curves to checkpoints_rand_1e-4_p20/training_curves.png
  -> no loss improvement (262/20)
[step 10930000 | ep 17] train_loss=6.7044e-03  train_recon=8.4193e-04  train_L1=5.8624e+01  val_loss=1.2008e-05  val_mse=5.7638e-06  val_L0=151.3  dead=0.626
  -> saved training curves to checkpoints_rand_1e-4_p20/training_curves.png
  -> no loss improvement (263/20)
[step 10940000 | ep 17] train_loss=6.8103e-03  train_recon=9.1676e-04  train_L1=5.8935e+01  val_loss=1.1953e-05  val_mse=5.7083e-06  val_L0=151.3  dead=0.624
  -> saved training curves to checkpoints_rand_1e-4_p20/training_curves.png
  -> no loss improvement (264/20)
[step 10950000 | ep 17] train_loss=6.7819e-03  train_recon=9.0198e-04  train_L1=5.8799e+01  val_loss=1.2778e-05  val_mse=6.5334e-06  val_L0=151.3  dead=0.625
  -> saved training curves to checkpoints_rand_1e-4_p20/training_curves.png
  -> no loss improvement (265/20)
[step 10960000 | ep 17] train_loss=6.1019e-03  train_recon=2.6736e-04  train_L1=5.8345e+01  val_loss=8.1217e-06  val_mse=1.8776e-06  val_L0=151.3  dead=0.627
  -> saved training curves to checkpoints_rand_1e-4_p20/training_curves.png
  -> no loss improvement (266/20)
[step 10970000 | ep 17] train_loss=6.6995e-03  train_recon=8.2874e-04  train_L1=5.8707e+01  val_loss=1.1119e-05  val_mse=4.8744e-06  val_L0=151.3  dead=0.622
  -> saved training curves to checkpoints_rand_1e-4_p20/training_curves.png
  -> no loss improvement (267/20)
[step 10980000 | ep 17] train_loss=6.1875e-03  train_recon=3.0379e-04  train_L1=5.8837e+01  val_loss=9.4202e-06  val_mse=3.1767e-06  val_L0=151.3  dead=0.626
  -> saved training curves to checkpoints_rand_1e-4_p20/training_curves.png
  -> no loss improvement (268/20)
[step 10990000 | ep 17] train_loss=6.2533e-03  train_recon=3.7469e-04  train_L1=5.8786e+01  val_loss=1.0633e-05  val_mse=4.3892e-06  val_L0=151.3  dead=0.624
  -> saved training curves to checkpoints_rand_1e-4_p20/training_curves.png
  -> no loss improvement (269/20)
[step 11000000 | ep 17] train_loss=5.9980e-03  train_recon=1.2455e-04  train_L1=5.8734e+01  val_loss=7.2505e-06  val_mse=1.0073e-06  val_L0=151.3  dead=0.626
  -> saved training curves to checkpoints_rand_1e-4_p20/training_curves.png
  -> no loss improvement (270/20)
[step 11010000 | ep 17] train_loss=6.5989e-03  train_recon=8.0133e-04  train_L1=5.7976e+01  val_loss=1.3154e-05  val_mse=6.9100e-06  val_L0=151.3  dead=0.623
  -> saved training curves to checkpoints_rand_1e-4_p20/training_curves.png
  -> no loss improvement (271/20)
[step 11020000 | ep 17] train_loss=6.2155e-03  train_recon=3.3970e-04  train_L1=5.8758e+01  val_loss=9.9447e-06  val_mse=3.7012e-06  val_L0=151.3  dead=0.623
  -> saved training curves to checkpoints_rand_1e-4_p20/training_curves.png
  -> no loss improvement (272/20)
[step 11030000 | ep 17] train_loss=6.2083e-03  train_recon=3.5044e-04  train_L1=5.8578e+01  val_loss=9.3743e-06  val_mse=3.1312e-06  val_L0=151.3  dead=0.623
  -> saved training curves to checkpoints_rand_1e-4_p20/training_curves.png
  -> no loss improvement (273/20)
[step 11040000 | ep 17] train_loss=6.4621e-03  train_recon=6.4794e-04  train_L1=5.8142e+01  val_loss=1.2819e-05  val_mse=6.5755e-06  val_L0=151.3  dead=0.625
  -> saved training curves to checkpoints_rand_1e-4_p20/training_curves.png
  -> no loss improvement (274/20)
[step 11050000 | ep 17] train_loss=6.1691e-03  train_recon=2.9016e-04  train_L1=5.8789e+01  val_loss=1.0049e-05  val_mse=3.8063e-06  val_L0=151.3  dead=0.627
  -> saved training curves to checkpoints_rand_1e-4_p20/training_curves.png
  -> no loss improvement (275/20)
[step 11060000 | ep 17] train_loss=6.5550e-03  train_recon=6.4775e-04  train_L1=5.9072e+01  val_loss=1.1357e-05  val_mse=5.1135e-06  val_L0=151.3  dead=0.627
  -> saved training curves to checkpoints_rand_1e-4_p20/training_curves.png
  -> no loss improvement (276/20)
[step 11070000 | ep 17] train_loss=6.0279e-03  train_recon=1.8191e-04  train_L1=5.8460e+01  val_loss=7.9370e-06  val_mse=1.6942e-06  val_L0=151.3  dead=0.626
  -> saved training curves to checkpoints_rand_1e-4_p20/training_curves.png
  -> no loss improvement (277/20)
[step 11080000 | ep 17] train_loss=6.6736e-03  train_recon=7.9382e-04  train_L1=5.8797e+01  val_loss=1.1772e-05  val_mse=5.5289e-06  val_L0=151.3  dead=0.627
  -> saved training curves to checkpoints_rand_1e-4_p20/training_curves.png
  -> no loss improvement (278/20)
[step 11090000 | ep 17] train_loss=6.3991e-03  train_recon=4.9281e-04  train_L1=5.9062e+01  val_loss=1.0959e-05  val_mse=4.7157e-06  val_L0=151.3  dead=0.624
  -> saved training curves to checkpoints_rand_1e-4_p20/training_curves.png
  -> no loss improvement (279/20)
[step 11100000 | ep 17] train_loss=6.4753e-03  train_recon=5.8291e-04  train_L1=5.8924e+01  val_loss=1.5260e-05  val_mse=9.0178e-06  val_L0=151.3  dead=0.629
  -> saved training curves to checkpoints_rand_1e-4_p20/training_curves.png
  -> no loss improvement (280/20)
[step 11110000 | ep 17] train_loss=6.7600e-03  train_recon=8.8170e-04  train_L1=5.8783e+01  val_loss=1.3324e-05  val_mse=7.0816e-06  val_L0=151.3  dead=0.627
  -> saved training curves to checkpoints_rand_1e-4_p20/training_curves.png
  -> no loss improvement (281/20)
[step 11120000 | ep 17] train_loss=6.0547e-03  train_recon=1.9777e-04  train_L1=5.8569e+01  val_loss=7.1965e-06  val_mse=9.5392e-07  val_L0=151.3  dead=0.624
  -> saved training curves to checkpoints_rand_1e-4_p20/training_curves.png
  -> no loss improvement (282/20)
Epoch 17 done  (step=11123277)
[step 11130000 | ep 18] train_loss=6.0906e-03  train_recon=2.9089e-04  train_L1=5.7997e+01  val_loss=9.3567e-06  val_mse=3.1146e-06  val_L0=151.3  dead=0.631
  -> saved training curves to checkpoints_rand_1e-4_p20/training_curves.png
  -> no loss improvement (283/20)
[step 11140000 | ep 18] train_loss=6.2907e-03  train_recon=4.1386e-04  train_L1=5.8768e+01  val_loss=8.8420e-06  val_mse=2.5998e-06  val_L0=151.3  dead=0.628
  -> saved training curves to checkpoints_rand_1e-4_p20/training_curves.png
  -> no loss improvement (284/20)
[step 11150000 | ep 18] train_loss=6.5134e-03  train_recon=7.0018e-04  train_L1=5.8132e+01  val_loss=1.5917e-05  val_mse=9.6751e-06  val_L0=151.3  dead=0.631
  -> saved training curves to checkpoints_rand_1e-4_p20/training_curves.png
  -> no loss improvement (285/20)
[step 11160000 | ep 18] train_loss=6.2083e-03  train_recon=3.9944e-04  train_L1=5.8088e+01  val_loss=7.6648e-06  val_mse=1.4227e-06  val_L0=151.3  dead=0.628
  -> saved training curves to checkpoints_rand_1e-4_p20/training_curves.png
  -> no loss improvement (286/20)
[step 11170000 | ep 18] train_loss=6.3053e-03  train_recon=4.4421e-04  train_L1=5.8611e+01  val_loss=9.1451e-06  val_mse=2.9028e-06  val_L0=151.3  dead=0.630
  -> saved training curves to checkpoints_rand_1e-4_p20/training_curves.png
  -> no loss improvement (287/20)
[step 11180000 | ep 18] train_loss=6.1550e-03  train_recon=2.6835e-04  train_L1=5.8866e+01  val_loss=9.8271e-06  val_mse=3.5856e-06  val_L0=151.3  dead=0.629
  -> saved training curves to checkpoints_rand_1e-4_p20/training_curves.png
  -> no loss improvement (288/20)
[step 11190000 | ep 18] train_loss=6.4702e-03  train_recon=6.1750e-04  train_L1=5.8527e+01  val_loss=1.2271e-05  val_mse=6.0285e-06  val_L0=151.3  dead=0.628
  -> saved training curves to checkpoints_rand_1e-4_p20/training_curves.png
  -> no loss improvement (289/20)
[step 11200000 | ep 18] train_loss=6.0613e-03  train_recon=1.3601e-04  train_L1=5.9253e+01  val_loss=7.3730e-06  val_mse=1.1313e-06  val_L0=151.3  dead=0.627
  -> saved training curves to checkpoints_rand_1e-4_p20/training_curves.png
  -> no loss improvement (290/20)
[step 11210000 | ep 18] train_loss=6.1025e-03  train_recon=2.3480e-04  train_L1=5.8677e+01  val_loss=9.0644e-06  val_mse=2.8227e-06  val_L0=151.4  dead=0.629
  -> saved training curves to checkpoints_rand_1e-4_p20/training_curves.png
  -> no loss improvement (291/20)
[step 11220000 | ep 18] train_loss=6.0966e-03  train_recon=2.2156e-04  train_L1=5.8751e+01  val_loss=9.7743e-06  val_mse=3.5327e-06  val_L0=151.4  dead=0.628
  -> saved training curves to checkpoints_rand_1e-4_p20/training_curves.png
  -> no loss improvement (292/20)
[step 11230000 | ep 18] train_loss=6.8697e-03  train_recon=9.3370e-04  train_L1=5.9360e+01  val_loss=1.3449e-05  val_mse=7.2076e-06  val_L0=151.3  dead=0.627
  -> saved training curves to checkpoints_rand_1e-4_p20/training_curves.png
  -> no loss improvement (293/20)
[step 11240000 | ep 18] train_loss=6.3345e-03  train_recon=4.7954e-04  train_L1=5.8549e+01  val_loss=1.1320e-05  val_mse=5.0783e-06  val_L0=151.3  dead=0.632
  -> saved training curves to checkpoints_rand_1e-4_p20/training_curves.png
  -> no loss improvement (294/20)
[step 11250000 | ep 18] train_loss=6.7651e-03  train_recon=8.8238e-04  train_L1=5.8827e+01  val_loss=1.2431e-05  val_mse=6.1895e-06  val_L0=151.3  dead=0.632
  -> saved training curves to checkpoints_rand_1e-4_p20/training_curves.png
  -> no loss improvement (295/20)
[step 11260000 | ep 18] train_loss=6.5447e-03  train_recon=6.5431e-04  train_L1=5.8904e+01  val_loss=1.3061e-05  val_mse=6.8202e-06  val_L0=151.3  dead=0.632
  -> saved training curves to checkpoints_rand_1e-4_p20/training_curves.png
  -> no loss improvement (296/20)
[step 11270000 | ep 18] train_loss=6.7156e-03  train_recon=8.5773e-04  train_L1=5.8579e+01  val_loss=1.2569e-05  val_mse=6.3282e-06  val_L0=151.3  dead=0.629
  -> saved training curves to checkpoints_rand_1e-4_p20/training_curves.png
  -> no loss improvement (297/20)
[step 11280000 | ep 18] train_loss=6.3658e-03  train_recon=5.0374e-04  train_L1=5.8621e+01  val_loss=9.9429e-06  val_mse=3.7020e-06  val_L0=151.3  dead=0.625
  -> saved training curves to checkpoints_rand_1e-4_p20/training_curves.png
  -> no loss improvement (298/20)
[step 11290000 | ep 18] train_loss=7.3076e-03  train_recon=1.4266e-03  train_L1=5.8810e+01  val_loss=1.6493e-05  val_mse=1.0252e-05  val_L0=151.3  dead=0.627
  -> saved training curves to checkpoints_rand_1e-4_p20/training_curves.png
  -> no loss improvement (299/20)
[step 11300000 | ep 18] train_loss=6.2905e-03  train_recon=3.9867e-04  train_L1=5.8918e+01  val_loss=9.3771e-06  val_mse=3.1364e-06  val_L0=151.3  dead=0.629
  -> saved training curves to checkpoints_rand_1e-4_p20/training_curves.png
  -> no loss improvement (300/20)
[step 11310000 | ep 18] train_loss=6.2343e-03  train_recon=3.8096e-04  train_L1=5.8533e+01  val_loss=9.8528e-06  val_mse=3.6117e-06  val_L0=151.3  dead=0.629
  -> saved training curves to checkpoints_rand_1e-4_p20/training_curves.png
  -> no loss improvement (301/20)
[step 11320000 | ep 18] train_loss=6.6111e-03  train_recon=7.0660e-04  train_L1=5.9045e+01  val_loss=1.5456e-05  val_mse=9.2168e-06  val_L0=151.3  dead=0.628
  -> saved training curves to checkpoints_rand_1e-4_p20/training_curves.png
  -> no loss improvement (302/20)
[step 11330000 | ep 18] train_loss=6.0921e-03  train_recon=2.5676e-04  train_L1=5.8354e+01  val_loss=8.6902e-06  val_mse=2.4501e-06  val_L0=151.3  dead=0.628
  -> saved training curves to checkpoints_rand_1e-4_p20/training_curves.png
  -> no loss improvement (303/20)
[step 11340000 | ep 18] train_loss=6.3880e-03  train_recon=5.3952e-04  train_L1=5.8485e+01  val_loss=1.0268e-05  val_mse=4.0275e-06  val_L0=151.3  dead=0.626
  -> saved training curves to checkpoints_rand_1e-4_p20/training_curves.png
  -> no loss improvement (304/20)
[step 11350000 | ep 18] train_loss=5.9867e-03  train_recon=1.3228e-04  train_L1=5.8544e+01  val_loss=7.2550e-06  val_mse=1.0147e-06  val_L0=151.3  dead=0.629
  -> saved training curves to checkpoints_rand_1e-4_p20/training_curves.png
  -> no loss improvement (305/20)
[step 11360000 | ep 18] train_loss=6.4238e-03  train_recon=6.0485e-04  train_L1=5.8190e+01  val_loss=1.1636e-05  val_mse=5.3969e-06  val_L0=151.3  dead=0.628
  -> saved training curves to checkpoints_rand_1e-4_p20/training_curves.png
  -> no loss improvement (306/20)
[step 11370000 | ep 18] train_loss=6.2269e-03  train_recon=3.8817e-04  train_L1=5.8387e+01  val_loss=1.0910e-05  val_mse=4.6710e-06  val_L0=151.3  dead=0.626
  -> saved training curves to checkpoints_rand_1e-4_p20/training_curves.png
  -> no loss improvement (307/20)
[step 11380000 | ep 18] train_loss=6.0679e-03  train_recon=2.1021e-04  train_L1=5.8577e+01  val_loss=9.1628e-06  val_mse=2.9235e-06  val_L0=151.3  dead=0.630
  -> saved training curves to checkpoints_rand_1e-4_p20/training_curves.png
  -> no loss improvement (308/20)
[step 11390000 | ep 18] train_loss=6.1931e-03  train_recon=3.4731e-04  train_L1=5.8458e+01  val_loss=9.5009e-06  val_mse=3.2610e-06  val_L0=151.3  dead=0.627
  -> saved training curves to checkpoints_rand_1e-4_p20/training_curves.png
  -> no loss improvement (309/20)
[step 11400000 | ep 18] train_loss=5.9812e-03  train_recon=1.3654e-04  train_L1=5.8446e+01  val_loss=7.3205e-06  val_mse=1.0807e-06  val_L0=151.3  dead=0.625
  -> saved training curves to checkpoints_rand_1e-4_p20/training_curves.png
  -> no loss improvement (310/20)
[step 11410000 | ep 18] train_loss=6.4508e-03  train_recon=6.2765e-04  train_L1=5.8231e+01  val_loss=1.0668e-05  val_mse=4.4284e-06  val_L0=151.3  dead=0.629
  -> saved training curves to checkpoints_rand_1e-4_p20/training_curves.png
  -> no loss improvement (311/20)
[step 11420000 | ep 18] train_loss=6.1018e-03  train_recon=2.3872e-04  train_L1=5.8631e+01  val_loss=9.4595e-06  val_mse=3.2202e-06  val_L0=151.3  dead=0.628
  -> saved training curves to checkpoints_rand_1e-4_p20/training_curves.png
  -> no loss improvement (312/20)
[step 11430000 | ep 18] train_loss=6.5501e-03  train_recon=7.0933e-04  train_L1=5.8407e+01  val_loss=1.2052e-05  val_mse=5.8136e-06  val_L0=151.3  dead=0.627
  -> saved training curves to checkpoints_rand_1e-4_p20/training_curves.png
  -> no loss improvement (313/20)
[step 11440000 | ep 18] train_loss=6.2396e-03  train_recon=3.9488e-04  train_L1=5.8447e+01  val_loss=1.0795e-05  val_mse=4.5561e-06  val_L0=151.4  dead=0.629
  -> saved training curves to checkpoints_rand_1e-4_p20/training_curves.png
  -> no loss improvement (314/20)
[step 11450000 | ep 18] train_loss=6.7687e-03  train_recon=8.7120e-04  train_L1=5.8974e+01  val_loss=1.2392e-05  val_mse=6.1521e-06  val_L0=151.3  dead=0.625
  -> saved training curves to checkpoints_rand_1e-4_p20/training_curves.png
  -> no loss improvement (315/20)
[step 11460000 | ep 18] train_loss=6.3859e-03  train_recon=4.7698e-04  train_L1=5.9089e+01  val_loss=1.5022e-05  val_mse=8.7831e-06  val_L0=151.3  dead=0.628
  -> saved training curves to checkpoints_rand_1e-4_p20/training_curves.png
  -> no loss improvement (316/20)
[step 11470000 | ep 18] train_loss=6.1511e-03  train_recon=2.8969e-04  train_L1=5.8614e+01  val_loss=8.6602e-06  val_mse=2.4214e-06  val_L0=151.4  dead=0.630
  -> saved training curves to checkpoints_rand_1e-4_p20/training_curves.png
  -> no loss improvement (317/20)
[step 11480000 | ep 18] train_loss=6.2341e-03  train_recon=3.4686e-04  train_L1=5.8872e+01  val_loss=8.3760e-06  val_mse=2.1370e-06  val_L0=151.3  dead=0.624
  -> saved training curves to checkpoints_rand_1e-4_p20/training_curves.png
  -> no loss improvement (318/20)
[step 11490000 | ep 18] train_loss=6.8708e-03  train_recon=1.0057e-03  train_L1=5.8650e+01  val_loss=1.4245e-05  val_mse=8.0062e-06  val_L0=151.3  dead=0.627
  -> saved training curves to checkpoints_rand_1e-4_p20/training_curves.png
  -> no loss improvement (319/20)
[step 11500000 | ep 18] train_loss=6.2535e-03  train_recon=3.8759e-04  train_L1=5.8659e+01  val_loss=9.8473e-06  val_mse=3.6085e-06  val_L0=151.3  dead=0.630
  -> saved training curves to checkpoints_rand_1e-4_p20/training_curves.png
  -> no loss improvement (320/20)
[step 11510000 | ep 18] train_loss=7.0401e-03  train_recon=1.1709e-03  train_L1=5.8692e+01  val_loss=1.3103e-05  val_mse=6.8643e-06  val_L0=151.3  dead=0.624
  -> saved training curves to checkpoints_rand_1e-4_p20/training_curves.png
  -> no loss improvement (321/20)
[step 11520000 | ep 18] train_loss=6.1848e-03  train_recon=2.0727e-04  train_L1=5.9775e+01  val_loss=8.4020e-06  val_mse=2.1640e-06  val_L0=151.3  dead=0.624
  -> saved training curves to checkpoints_rand_1e-4_p20/training_curves.png
  -> no loss improvement (322/20)
[step 11530000 | ep 18] train_loss=6.2535e-03  train_recon=4.0643e-04  train_L1=5.8471e+01  val_loss=1.0791e-05  val_mse=4.5531e-06  val_L0=151.4  dead=0.625
  -> saved training curves to checkpoints_rand_1e-4_p20/training_curves.png
  -> no loss improvement (323/20)
[step 11540000 | ep 18] train_loss=6.0982e-03  train_recon=1.8535e-04  train_L1=5.9128e+01  val_loss=8.6496e-06  val_mse=2.4118e-06  val_L0=151.4  dead=0.626
  -> saved training curves to checkpoints_rand_1e-4_p20/training_curves.png
  -> no loss improvement (324/20)
[step 11550000 | ep 18] train_loss=6.3602e-03  train_recon=4.9605e-04  train_L1=5.8642e+01  val_loss=1.1675e-05  val_mse=5.4365e-06  val_L0=151.3  dead=0.630
  -> saved training curves to checkpoints_rand_1e-4_p20/training_curves.png
  -> no loss improvement (325/20)
[step 11560000 | ep 18] train_loss=6.6309e-03  train_recon=7.6471e-04  train_L1=5.8662e+01  val_loss=1.5536e-05  val_mse=9.2986e-06  val_L0=151.4  dead=0.631
  -> saved training curves to checkpoints_rand_1e-4_p20/training_curves.png
  -> no loss improvement (326/20)
[step 11570000 | ep 18] train_loss=6.5404e-03  train_recon=7.0372e-04  train_L1=5.8367e+01  val_loss=1.1576e-05  val_mse=5.3380e-06  val_L0=151.3  dead=0.630
  -> saved training curves to checkpoints_rand_1e-4_p20/training_curves.png
  -> no loss improvement (327/20)
[step 11580000 | ep 18] train_loss=6.6884e-03  train_recon=8.3835e-04  train_L1=5.8500e+01  val_loss=1.0034e-05  val_mse=3.7964e-06  val_L0=151.2  dead=0.628
  -> saved training curves to checkpoints_rand_1e-4_p20/training_curves.png
  -> no loss improvement (328/20)
[step 11590000 | ep 18] train_loss=6.9284e-03  train_recon=1.0433e-03  train_L1=5.8851e+01  val_loss=1.7278e-05  val_mse=1.1040e-05  val_L0=151.3  dead=0.629
  -> saved training curves to checkpoints_rand_1e-4_p20/training_curves.png
  -> no loss improvement (329/20)
[step 11600000 | ep 18] train_loss=6.1881e-03  train_recon=3.1400e-04  train_L1=5.8741e+01  val_loss=8.7599e-06  val_mse=2.5224e-06  val_L0=151.3  dead=0.630
  -> saved training curves to checkpoints_rand_1e-4_p20/training_curves.png
  -> no loss improvement (330/20)
[step 11610000 | ep 18] train_loss=6.7210e-03  train_recon=8.0287e-04  train_L1=5.9182e+01  val_loss=1.2520e-05  val_mse=6.2820e-06  val_L0=151.3  dead=0.628
  -> saved training curves to checkpoints_rand_1e-4_p20/training_curves.png
  -> no loss improvement (331/20)
[step 11620000 | ep 18] train_loss=6.3735e-03  train_recon=5.0651e-04  train_L1=5.8670e+01  val_loss=9.8099e-06  val_mse=3.5725e-06  val_L0=151.3  dead=0.628
  -> saved training curves to checkpoints_rand_1e-4_p20/training_curves.png
  -> no loss improvement (332/20)
[step 11630000 | ep 18] train_loss=7.0983e-03  train_recon=1.1849e-03  train_L1=5.9135e+01  val_loss=1.6906e-05  val_mse=1.0669e-05  val_L0=151.3  dead=0.627
  -> saved training curves to checkpoints_rand_1e-4_p20/training_curves.png
  -> no loss improvement (333/20)
[step 11640000 | ep 18] train_loss=6.0352e-03  train_recon=1.1422e-04  train_L1=5.9210e+01  val_loss=6.9883e-06  val_mse=7.5105e-07  val_L0=151.3  dead=0.628
  -> saved training curves to checkpoints_rand_1e-4_p20/training_curves.png
  -> no loss improvement (334/20)
[step 11650000 | ep 18] train_loss=6.5084e-03  train_recon=6.5880e-04  train_L1=5.8496e+01  val_loss=1.0810e-05  val_mse=4.5730e-06  val_L0=151.3  dead=0.631
  -> saved training curves to checkpoints_rand_1e-4_p20/training_curves.png
  -> no loss improvement (335/20)
[step 11660000 | ep 18] train_loss=6.3642e-03  train_recon=5.1483e-04  train_L1=5.8494e+01  val_loss=1.1849e-05  val_mse=5.6127e-06  val_L0=151.3  dead=0.630
  -> saved training curves to checkpoints_rand_1e-4_p20/training_curves.png
  -> no loss improvement (336/20)
[step 11670000 | ep 18] train_loss=6.0162e-03  train_recon=1.3642e-04  train_L1=5.8798e+01  val_loss=6.9256e-06  val_mse=6.8865e-07  val_L0=151.3  dead=0.631
  -> saved training curves to checkpoints_rand_1e-4_p20/training_curves.png
  -> no loss improvement (337/20)
[step 11680000 | ep 18] train_loss=6.0774e-03  train_recon=1.5941e-04  train_L1=5.9180e+01  val_loss=7.6914e-06  val_mse=1.4551e-06  val_L0=151.3  dead=0.630
  -> saved training curves to checkpoints_rand_1e-4_p20/training_curves.png
  -> no loss improvement (338/20)
[step 11690000 | ep 18] train_loss=6.3457e-03  train_recon=4.8446e-04  train_L1=5.8613e+01  val_loss=1.0615e-05  val_mse=4.3777e-06  val_L0=151.3  dead=0.633
  -> saved training curves to checkpoints_rand_1e-4_p20/training_curves.png
  -> no loss improvement (339/20)
[step 11700000 | ep 18] train_loss=6.8244e-03  train_recon=9.2742e-04  train_L1=5.8970e+01  val_loss=1.8491e-05  val_mse=1.2255e-05  val_L0=151.3  dead=0.631
  -> saved training curves to checkpoints_rand_1e-4_p20/training_curves.png
  -> no loss improvement (340/20)
[step 11710000 | ep 18] train_loss=6.4419e-03  train_recon=5.5759e-04  train_L1=5.8843e+01  val_loss=1.2484e-05  val_mse=6.2477e-06  val_L0=151.4  dead=0.630
  -> saved training curves to checkpoints_rand_1e-4_p20/training_curves.png
  -> no loss improvement (341/20)
[step 11720000 | ep 18] train_loss=6.1922e-03  train_recon=3.9171e-04  train_L1=5.8005e+01  val_loss=8.2620e-06  val_mse=2.0257e-06  val_L0=151.3  dead=0.630
  -> saved training curves to checkpoints_rand_1e-4_p20/training_curves.png
  -> no loss improvement (342/20)
[step 11730000 | ep 18] train_loss=6.0105e-03  train_recon=1.2840e-04  train_L1=5.8821e+01  val_loss=7.8456e-06  val_mse=1.6097e-06  val_L0=151.4  dead=0.631
  -> saved training curves to checkpoints_rand_1e-4_p20/training_curves.png
  -> no loss improvement (343/20)
[step 11740000 | ep 18] train_loss=6.8056e-03  train_recon=9.0816e-04  train_L1=5.8974e+01  val_loss=1.7832e-05  val_mse=1.1597e-05  val_L0=151.3  dead=0.630
  -> saved training curves to checkpoints_rand_1e-4_p20/training_curves.png
  -> no loss improvement (344/20)
[step 11750000 | ep 18] train_loss=6.7601e-03  train_recon=9.2249e-04  train_L1=5.8376e+01  val_loss=1.5433e-05  val_mse=9.1965e-06  val_L0=151.3  dead=0.631
  -> saved training curves to checkpoints_rand_1e-4_p20/training_curves.png
  -> no loss improvement (345/20)
[step 11760000 | ep 18] train_loss=6.0045e-03  train_recon=1.3574e-04  train_L1=5.8688e+01  val_loss=8.1689e-06  val_mse=1.9330e-06  val_L0=151.4  dead=0.629
  -> saved training curves to checkpoints_rand_1e-4_p20/training_curves.png
  -> no loss improvement (346/20)
[step 11770000 | ep 18] train_loss=6.1490e-03  train_recon=2.4731e-04  train_L1=5.9017e+01  val_loss=7.9061e-06  val_mse=1.6705e-06  val_L0=151.3  dead=0.628
  -> saved training curves to checkpoints_rand_1e-4_p20/training_curves.png
  -> no loss improvement (347/20)
[step 11780000 | ep 18] train_loss=6.1487e-03  train_recon=3.1514e-04  train_L1=5.8336e+01  val_loss=9.1497e-06  val_mse=2.9136e-06  val_L0=151.3  dead=0.630
  -> saved training curves to checkpoints_rand_1e-4_p20/training_curves.png
  -> no loss improvement (348/20)
[step 11790000 | ep 18] train_loss=6.2712e-03  train_recon=3.8086e-04  train_L1=5.8904e+01  val_loss=9.5334e-06  val_mse=3.2977e-06  val_L0=151.3  dead=0.629
  -> saved training curves to checkpoints_rand_1e-4_p20/training_curves.png
  -> no loss improvement (349/20)
[step 11800000 | ep 18] train_loss=6.1746e-03  train_recon=2.8682e-04  train_L1=5.8878e+01  val_loss=9.6388e-06  val_mse=3.4032e-06  val_L0=151.3  dead=0.632
  -> saved training curves to checkpoints_rand_1e-4_p20/training_curves.png
  -> no loss improvement (350/20)
[step 11810000 | ep 18] train_loss=6.2962e-03  train_recon=4.2712e-04  train_L1=5.8691e+01  val_loss=1.1891e-05  val_mse=5.6559e-06  val_L0=151.3  dead=0.633
  -> saved training curves to checkpoints_rand_1e-4_p20/training_curves.png
  -> no loss improvement (351/20)
[step 11820000 | ep 18] train_loss=6.2526e-03  train_recon=3.7633e-04  train_L1=5.8763e+01  val_loss=9.3333e-06  val_mse=3.0976e-06  val_L0=151.4  dead=0.632
  -> saved training curves to checkpoints_rand_1e-4_p20/training_curves.png
  -> no loss improvement (352/20)
Epoch 18 done  (step=11826606)
[step 11830000 | ep 19] train_loss=7.1821e-03  train_recon=1.3403e-03  train_L1=5.8418e+01  val_loss=1.5051e-05  val_mse=8.8154e-06  val_L0=151.3  dead=0.631
  -> saved training curves to checkpoints_rand_1e-4_p20/training_curves.png
  -> no loss improvement (353/20)
[step 11840000 | ep 19] train_loss=6.1581e-03  train_recon=2.9904e-04  train_L1=5.8590e+01  val_loss=8.9866e-06  val_mse=2.7519e-06  val_L0=151.3  dead=0.632
  -> saved training curves to checkpoints_rand_1e-4_p20/training_curves.png
  -> no loss improvement (354/20)
[step 11850000 | ep 19] train_loss=5.8855e-03  train_recon=4.5723e-05  train_L1=5.8398e+01  val_loss=6.6534e-06  val_mse=4.1853e-07  val_L0=151.4  dead=0.629
  -> saved training curves to checkpoints_rand_1e-4_p20/training_curves.png
  -> no loss improvement (355/20)
[step 11860000 | ep 19] train_loss=6.5774e-03  train_recon=7.2956e-04  train_L1=5.8478e+01  val_loss=1.3825e-05  val_mse=7.5911e-06  val_L0=151.3  dead=0.631
  -> saved training curves to checkpoints_rand_1e-4_p20/training_curves.png
  -> no loss improvement (356/20)
[step 11870000 | ep 19] train_loss=6.3667e-03  train_recon=5.1776e-04  train_L1=5.8489e+01  val_loss=1.0372e-05  val_mse=4.1373e-06  val_L0=151.3  dead=0.631
  -> saved training curves to checkpoints_rand_1e-4_p20/training_curves.png
  -> no loss improvement (357/20)
[step 11880000 | ep 19] train_loss=6.4715e-03  train_recon=5.7507e-04  train_L1=5.8964e+01  val_loss=1.1935e-05  val_mse=5.7000e-06  val_L0=151.3  dead=0.629
  -> saved training curves to checkpoints_rand_1e-4_p20/training_curves.png
  -> no loss improvement (358/20)
[step 11890000 | ep 19] train_loss=6.4974e-03  train_recon=5.9859e-04  train_L1=5.8989e+01  val_loss=1.2113e-05  val_mse=5.8780e-06  val_L0=151.3  dead=0.630
  -> saved training curves to checkpoints_rand_1e-4_p20/training_curves.png
  -> no loss improvement (359/20)
[step 11900000 | ep 19] train_loss=6.6093e-03  train_recon=7.6162e-04  train_L1=5.8477e+01  val_loss=1.0922e-05  val_mse=4.6873e-06  val_L0=151.3  dead=0.632
  -> saved training curves to checkpoints_rand_1e-4_p20/training_curves.png
  -> no loss improvement (360/20)
[step 11910000 | ep 19] train_loss=6.3797e-03  train_recon=5.4586e-04  train_L1=5.8338e+01  val_loss=1.2772e-05  val_mse=6.5373e-06  val_L0=151.3  dead=0.630
  -> saved training curves to checkpoints_rand_1e-4_p20/training_curves.png
  -> no loss improvement (361/20)
[step 11920000 | ep 19] train_loss=6.4352e-03  train_recon=5.8141e-04  train_L1=5.8538e+01  val_loss=1.2347e-05  val_mse=6.1117e-06  val_L0=151.3  dead=0.629
  -> saved training curves to checkpoints_rand_1e-4_p20/training_curves.png
  -> no loss improvement (362/20)
[step 11930000 | ep 19] train_loss=6.4723e-03  train_recon=6.6800e-04  train_L1=5.8043e+01  val_loss=1.3773e-05  val_mse=7.5382e-06  val_L0=151.3  dead=0.633
  -> saved training curves to checkpoints_rand_1e-4_p20/training_curves.png
  -> no loss improvement (363/20)
[step 11940000 | ep 19] train_loss=6.6252e-03  train_recon=7.3421e-04  train_L1=5.8910e+01  val_loss=1.0440e-05  val_mse=4.2062e-06  val_L0=151.3  dead=0.629
  -> saved training curves to checkpoints_rand_1e-4_p20/training_curves.png
  -> no loss improvement (364/20)
[step 11950000 | ep 19] train_loss=6.3742e-03  train_recon=5.3106e-04  train_L1=5.8432e+01  val_loss=1.0549e-05  val_mse=4.3148e-06  val_L0=151.3  dead=0.631
  -> saved training curves to checkpoints_rand_1e-4_p20/training_curves.png
  -> no loss improvement (365/20)
[step 11960000 | ep 19] train_loss=6.4039e-03  train_recon=5.6631e-04  train_L1=5.8375e+01  val_loss=1.2870e-05  val_mse=6.6350e-06  val_L0=151.3  dead=0.630
  -> saved training curves to checkpoints_rand_1e-4_p20/training_curves.png
  -> no loss improvement (366/20)
[step 11970000 | ep 19] train_loss=6.0021e-03  train_recon=1.5120e-04  train_L1=5.8509e+01  val_loss=8.1596e-06  val_mse=1.9253e-06  val_L0=151.3  dead=0.633
  -> saved training curves to checkpoints_rand_1e-4_p20/training_curves.png
  -> no loss improvement (367/20)
[step 11980000 | ep 19] train_loss=5.9862e-03  train_recon=1.1860e-04  train_L1=5.8676e+01  val_loss=8.0822e-06  val_mse=1.8478e-06  val_L0=151.3  dead=0.633
  -> saved training curves to checkpoints_rand_1e-4_p20/training_curves.png
  -> no loss improvement (368/20)
[step 11990000 | ep 19] train_loss=6.9316e-03  train_recon=1.0714e-03  train_L1=5.8601e+01  val_loss=1.5560e-05  val_mse=9.3254e-06  val_L0=151.3  dead=0.628
  -> saved training curves to checkpoints_rand_1e-4_p20/training_curves.png
  -> no loss improvement (369/20)
[step 12000000 | ep 19] train_loss=6.3699e-03  train_recon=5.5404e-04  train_L1=5.8158e+01  val_loss=1.0650e-05  val_mse=4.4158e-06  val_L0=151.3  dead=0.629
  -> saved training curves to checkpoints_rand_1e-4_p20/training_curves.png
  -> no loss improvement (370/20)
[step 12010000 | ep 19] train_loss=6.5592e-03  train_recon=6.8253e-04  train_L1=5.8766e+01  val_loss=1.2711e-05  val_mse=6.4773e-06  val_L0=151.3  dead=0.630
  -> saved training curves to checkpoints_rand_1e-4_p20/training_curves.png
  -> no loss improvement (371/20)
[step 12020000 | ep 19] train_loss=6.4611e-03  train_recon=5.8272e-04  train_L1=5.8784e+01  val_loss=1.0408e-05  val_mse=4.1740e-06  val_L0=151.3  dead=0.632
  -> saved training curves to checkpoints_rand_1e-4_p20/training_curves.png
  -> no loss improvement (372/20)
[step 12030000 | ep 19] train_loss=6.5315e-03  train_recon=6.4743e-04  train_L1=5.8840e+01  val_loss=1.0285e-05  val_mse=4.0514e-06  val_L0=151.3  dead=0.633
  -> saved training curves to checkpoints_rand_1e-4_p20/training_curves.png
  -> no loss improvement (373/20)
[step 12040000 | ep 19] train_loss=6.2031e-03  train_recon=3.4553e-04  train_L1=5.8575e+01  val_loss=9.4552e-06  val_mse=3.2218e-06  val_L0=151.4  dead=0.631
  -> saved training curves to checkpoints_rand_1e-4_p20/training_curves.png
  -> no loss improvement (374/20)
[step 12050000 | ep 19] train_loss=6.0706e-03  train_recon=2.1015e-04  train_L1=5.8604e+01  val_loss=7.9353e-06  val_mse=1.7018e-06  val_L0=151.3  dead=0.633
  -> saved training curves to checkpoints_rand_1e-4_p20/training_curves.png
  -> no loss improvement (375/20)
[step 12060000 | ep 19] train_loss=7.0747e-03  train_recon=1.2107e-03  train_L1=5.8640e+01  val_loss=1.9798e-05  val_mse=1.3563e-05  val_L0=151.3  dead=0.630
  -> saved training curves to checkpoints_rand_1e-4_p20/training_curves.png
  -> no loss improvement (376/20)
[step 12070000 | ep 19] train_loss=6.1965e-03  train_recon=3.3577e-04  train_L1=5.8607e+01  val_loss=8.9697e-06  val_mse=2.7362e-06  val_L0=151.3  dead=0.631
  -> saved training curves to checkpoints_rand_1e-4_p20/training_curves.png
  -> no loss improvement (377/20)
[step 12080000 | ep 19] train_loss=6.3010e-03  train_recon=4.7031e-04  train_L1=5.8307e+01  val_loss=1.0286e-05  val_mse=4.0521e-06  val_L0=151.3  dead=0.631
  -> saved training curves to checkpoints_rand_1e-4_p20/training_curves.png
  -> no loss improvement (378/20)
[step 12090000 | ep 19] train_loss=6.3319e-03  train_recon=4.5813e-04  train_L1=5.8738e+01  val_loss=9.0212e-06  val_mse=2.7882e-06  val_L0=151.3  dead=0.630
  -> saved training curves to checkpoints_rand_1e-4_p20/training_curves.png
  -> no loss improvement (379/20)
[step 12100000 | ep 19] train_loss=6.8623e-03  train_recon=1.0116e-03  train_L1=5.8507e+01  val_loss=1.5688e-05  val_mse=9.4548e-06  val_L0=151.3  dead=0.630
  -> saved training curves to checkpoints_rand_1e-4_p20/training_curves.png
  -> no loss improvement (380/20)
[step 12110000 | ep 19] train_loss=6.1804e-03  train_recon=2.8665e-04  train_L1=5.8938e+01  val_loss=9.6978e-06  val_mse=3.4647e-06  val_L0=151.3  dead=0.631
  -> saved training curves to checkpoints_rand_1e-4_p20/training_curves.png
  -> no loss improvement (381/20)
[step 12120000 | ep 19] train_loss=6.7924e-03  train_recon=9.1533e-04  train_L1=5.8770e+01  val_loss=1.3948e-05  val_mse=7.7152e-06  val_L0=151.3  dead=0.627
  -> saved training curves to checkpoints_rand_1e-4_p20/training_curves.png
  -> no loss improvement (382/20)
[step 12130000 | ep 19] train_loss=6.9718e-03  train_recon=1.1267e-03  train_L1=5.8451e+01  val_loss=1.4128e-05  val_mse=7.8954e-06  val_L0=151.3  dead=0.629
  -> saved training curves to checkpoints_rand_1e-4_p20/training_curves.png
  -> no loss improvement (383/20)
[step 12140000 | ep 19] train_loss=6.7237e-03  train_recon=8.4115e-04  train_L1=5.8826e+01  val_loss=1.1796e-05  val_mse=5.5633e-06  val_L0=151.3  dead=0.628
  -> saved training curves to checkpoints_rand_1e-4_p20/training_curves.png
  -> no loss improvement (384/20)
[step 12150000 | ep 19] train_loss=6.1148e-03  train_recon=2.7262e-04  train_L1=5.8422e+01  val_loss=8.7216e-06  val_mse=2.4893e-06  val_L0=151.3  dead=0.629
  -> saved training curves to checkpoints_rand_1e-4_p20/training_curves.png
  -> no loss improvement (385/20)
[step 12160000 | ep 19] train_loss=6.2547e-03  train_recon=4.3236e-04  train_L1=5.8223e+01  val_loss=9.8756e-06  val_mse=3.6435e-06  val_L0=151.3  dead=0.629
  -> saved training curves to checkpoints_rand_1e-4_p20/training_curves.png
  -> no loss improvement (386/20)
[step 12170000 | ep 19] train_loss=6.3911e-03  train_recon=5.2861e-04  train_L1=5.8624e+01  val_loss=1.0384e-05  val_mse=4.1515e-06  val_L0=151.3  dead=0.628
  -> saved training curves to checkpoints_rand_1e-4_p20/training_curves.png
  -> no loss improvement (387/20)
[step 12180000 | ep 19] train_loss=6.3766e-03  train_recon=5.1130e-04  train_L1=5.8653e+01  val_loss=1.1139e-05  val_mse=4.9064e-06  val_L0=151.3  dead=0.629
  -> saved training curves to checkpoints_rand_1e-4_p20/training_curves.png
  -> no loss improvement (388/20)
[step 12190000 | ep 19] train_loss=6.9822e-03  train_recon=1.1166e-03  train_L1=5.8656e+01  val_loss=1.4296e-05  val_mse=8.0628e-06  val_L0=151.3  dead=0.629
  -> saved training curves to checkpoints_rand_1e-4_p20/training_curves.png
  -> no loss improvement (389/20)
[step 12200000 | ep 19] train_loss=6.2096e-03  train_recon=3.7385e-04  train_L1=5.8357e+01  val_loss=9.3839e-06  val_mse=3.1520e-06  val_L0=151.3  dead=0.632
  -> saved training curves to checkpoints_rand_1e-4_p20/training_curves.png
  -> no loss improvement (390/20)
[step 12210000 | ep 19] train_loss=6.3124e-03  train_recon=4.9022e-04  train_L1=5.8222e+01  val_loss=9.1827e-06  val_mse=2.9504e-06  val_L0=151.3  dead=0.629
  -> saved training curves to checkpoints_rand_1e-4_p20/training_curves.png
  -> no loss improvement (391/20)
[step 12220000 | ep 19] train_loss=6.2461e-03  train_recon=4.7730e-04  train_L1=5.7688e+01  val_loss=9.6424e-06  val_mse=3.4105e-06  val_L0=151.3  dead=0.632
  -> saved training curves to checkpoints_rand_1e-4_p20/training_curves.png
  -> no loss improvement (392/20)
[step 12230000 | ep 19] train_loss=6.2491e-03  train_recon=3.2819e-04  train_L1=5.9209e+01  val_loss=9.6304e-06  val_mse=3.3983e-06  val_L0=151.3  dead=0.631
  -> saved training curves to checkpoints_rand_1e-4_p20/training_curves.png
  -> no loss improvement (393/20)
[step 12240000 | ep 19] train_loss=6.3982e-03  train_recon=5.2948e-04  train_L1=5.8687e+01  val_loss=1.0208e-05  val_mse=3.9766e-06  val_L0=151.3  dead=0.629
  -> saved training curves to checkpoints_rand_1e-4_p20/training_curves.png
  -> no loss improvement (394/20)
[step 12250000 | ep 19] train_loss=6.2401e-03  train_recon=3.1639e-04  train_L1=5.9237e+01  val_loss=7.8586e-06  val_mse=1.6268e-06  val_L0=151.3  dead=0.630
  -> saved training curves to checkpoints_rand_1e-4_p20/training_curves.png
  -> no loss improvement (395/20)
[step 12260000 | ep 19] train_loss=6.4438e-03  train_recon=5.4117e-04  train_L1=5.9026e+01  val_loss=9.1138e-06  val_mse=2.8820e-06  val_L0=151.3  dead=0.627
  -> saved training curves to checkpoints_rand_1e-4_p20/training_curves.png
  -> no loss improvement (396/20)
[step 12270000 | ep 19] train_loss=6.5979e-03  train_recon=7.2972e-04  train_L1=5.8682e+01  val_loss=1.5915e-05  val_mse=9.6845e-06  val_L0=151.3  dead=0.630
  -> saved training curves to checkpoints_rand_1e-4_p20/training_curves.png
  -> no loss improvement (397/20)
[step 12280000 | ep 19] train_loss=6.0094e-03  train_recon=2.1870e-04  train_L1=5.7907e+01  val_loss=8.5278e-06  val_mse=2.2965e-06  val_L0=151.3  dead=0.628
  -> saved training curves to checkpoints_rand_1e-4_p20/training_curves.png
  -> no loss improvement (398/20)
[step 12290000 | ep 19] train_loss=6.1440e-03  train_recon=3.2821e-04  train_L1=5.8158e+01  val_loss=8.6239e-06  val_mse=2.3927e-06  val_L0=151.3  dead=0.630
  -> saved training curves to checkpoints_rand_1e-4_p20/training_curves.png
  -> no loss improvement (399/20)
[step 12300000 | ep 19] train_loss=6.3422e-03  train_recon=4.6039e-04  train_L1=5.8818e+01  val_loss=1.0323e-05  val_mse=4.0924e-06  val_L0=151.3  dead=0.627
  -> saved training curves to checkpoints_rand_1e-4_p20/training_curves.png
  -> no loss improvement (400/20)
[step 12310000 | ep 19] train_loss=6.4744e-03  train_recon=6.5623e-04  train_L1=5.8182e+01  val_loss=1.2494e-05  val_mse=6.2628e-06  val_L0=151.3  dead=0.630
  -> saved training curves to checkpoints_rand_1e-4_p20/training_curves.png
  -> no loss improvement (401/20)
[step 12320000 | ep 19] train_loss=7.2263e-03  train_recon=1.3274e-03  train_L1=5.8988e+01  val_loss=1.8169e-05  val_mse=1.1938e-05  val_L0=151.3  dead=0.633
  -> saved training curves to checkpoints_rand_1e-4_p20/training_curves.png
  -> no loss improvement (402/20)
[step 12330000 | ep 19] train_loss=5.9063e-03  train_recon=1.3017e-04  train_L1=5.7761e+01  val_loss=7.1001e-06  val_mse=8.6896e-07  val_L0=151.3  dead=0.632
  -> saved training curves to checkpoints_rand_1e-4_p20/training_curves.png
  -> no loss improvement (403/20)
[step 12340000 | ep 19] train_loss=6.1206e-03  train_recon=2.1556e-04  train_L1=5.9051e+01  val_loss=7.8472e-06  val_mse=1.6163e-06  val_L0=151.3  dead=0.627
  -> saved training curves to checkpoints_rand_1e-4_p20/training_curves.png
  -> no loss improvement (404/20)
[step 12350000 | ep 19] train_loss=6.2963e-03  train_recon=4.0254e-04  train_L1=5.8938e+01  val_loss=9.3886e-06  val_mse=3.1580e-06  val_L0=151.3  dead=0.628
  -> saved training curves to checkpoints_rand_1e-4_p20/training_curves.png
  -> no loss improvement (405/20)
[step 12360000 | ep 19] train_loss=5.8841e-03  train_recon=5.0306e-05  train_L1=5.8338e+01  val_loss=6.7165e-06  val_mse=4.8600e-07  val_L0=151.4  dead=0.631
  -> saved training curves to checkpoints_rand_1e-4_p20/training_curves.png
  -> no loss improvement (406/20)
[step 12370000 | ep 19] train_loss=6.0812e-03  train_recon=2.3588e-04  train_L1=5.8453e+01  val_loss=8.4768e-06  val_mse=2.2461e-06  val_L0=151.3  dead=0.629
  -> saved training curves to checkpoints_rand_1e-4_p20/training_curves.png
  -> no loss improvement (407/20)
[step 12380000 | ep 19] train_loss=7.2489e-03  train_recon=1.3882e-03  train_L1=5.8606e+01  val_loss=2.3832e-05  val_mse=1.7601e-05  val_L0=151.3  dead=0.630
  -> saved training curves to checkpoints_rand_1e-4_p20/training_curves.png
  -> no loss improvement (408/20)
[step 12390000 | ep 19] train_loss=6.0860e-03  train_recon=2.1536e-04  train_L1=5.8707e+01  val_loss=8.1856e-06  val_mse=1.9556e-06  val_L0=151.3  dead=0.631
  -> saved training curves to checkpoints_rand_1e-4_p20/training_curves.png
  -> no loss improvement (409/20)
[step 12400000 | ep 19] train_loss=6.2149e-03  train_recon=3.7494e-04  train_L1=5.8399e+01  val_loss=8.2651e-06  val_mse=2.0346e-06  val_L0=151.3  dead=0.627
  -> saved training curves to checkpoints_rand_1e-4_p20/training_curves.png
  -> no loss improvement (410/20)
[step 12410000 | ep 19] train_loss=6.5550e-03  train_recon=6.6786e-04  train_L1=5.8871e+01  val_loss=1.1206e-05  val_mse=4.9750e-06  val_L0=151.3  dead=0.626
  -> saved training curves to checkpoints_rand_1e-4_p20/training_curves.png
  -> no loss improvement (411/20)
[step 12420000 | ep 19] train_loss=6.8164e-03  train_recon=9.5860e-04  train_L1=5.8578e+01  val_loss=1.0758e-05  val_mse=4.5274e-06  val_L0=151.2  dead=0.623
  -> saved training curves to checkpoints_rand_1e-4_p20/training_curves.png
  -> no loss improvement (412/20)
[step 12430000 | ep 19] train_loss=6.2845e-03  train_recon=4.7628e-04  train_L1=5.8082e+01  val_loss=9.1376e-06  val_mse=2.9074e-06  val_L0=151.3  dead=0.628
  -> saved training curves to checkpoints_rand_1e-4_p20/training_curves.png
  -> no loss improvement (413/20)
[step 12440000 | ep 19] train_loss=6.3215e-03  train_recon=4.7047e-04  train_L1=5.8511e+01  val_loss=9.9218e-06  val_mse=3.6916e-06  val_L0=151.3  dead=0.626
  -> saved training curves to checkpoints_rand_1e-4_p20/training_curves.png
  -> no loss improvement (414/20)
[step 12450000 | ep 19] train_loss=6.5942e-03  train_recon=7.4232e-04  train_L1=5.8519e+01  val_loss=1.4222e-05  val_mse=7.9928e-06  val_L0=151.3  dead=0.625
  -> saved training curves to checkpoints_rand_1e-4_p20/training_curves.png
  -> no loss improvement (415/20)
[step 12460000 | ep 19] train_loss=6.5864e-03  train_recon=7.6640e-04  train_L1=5.8200e+01  val_loss=1.9858e-05  val_mse=1.3628e-05  val_L0=151.3  dead=0.629
  -> saved training curves to checkpoints_rand_1e-4_p20/training_curves.png
  -> no loss improvement (416/20)
[step 12470000 | ep 19] train_loss=6.2902e-03  train_recon=3.7617e-04  train_L1=5.9140e+01  val_loss=8.4951e-06  val_mse=2.2652e-06  val_L0=151.3  dead=0.627
  -> saved training curves to checkpoints_rand_1e-4_p20/training_curves.png
  -> no loss improvement (417/20)
[step 12480000 | ep 19] train_loss=6.3550e-03  train_recon=4.6838e-04  train_L1=5.8867e+01  val_loss=1.1680e-05  val_mse=5.4496e-06  val_L0=151.3  dead=0.627
  -> saved training curves to checkpoints_rand_1e-4_p20/training_curves.png
  -> no loss improvement (418/20)
[step 12490000 | ep 19] train_loss=6.5235e-03  train_recon=6.3262e-04  train_L1=5.8908e+01  val_loss=1.5498e-05  val_mse=9.2678e-06  val_L0=151.3  dead=0.627
  -> saved training curves to checkpoints_rand_1e-4_p20/training_curves.png
  -> no loss improvement (419/20)
[step 12500000 | ep 19] train_loss=6.1608e-03  train_recon=3.3233e-04  train_L1=5.8284e+01  val_loss=9.7390e-06  val_mse=3.5095e-06  val_L0=151.4  dead=0.631
  -> saved training curves to checkpoints_rand_1e-4_p20/training_curves.png
  -> no loss improvement (420/20)
[step 12510000 | ep 19] train_loss=6.6901e-03  train_recon=8.6143e-04  train_L1=5.8287e+01  val_loss=1.5327e-05  val_mse=9.0966e-06  val_L0=151.3  dead=0.627
  -> saved training curves to checkpoints_rand_1e-4_p20/training_curves.png
  -> no loss improvement (421/20)
[step 12520000 | ep 19] train_loss=6.1388e-03  train_recon=2.7078e-04  train_L1=5.8681e+01  val_loss=7.7843e-06  val_mse=1.5547e-06  val_L0=151.3  dead=0.630
  -> saved training curves to checkpoints_rand_1e-4_p20/training_curves.png
  -> no loss improvement (422/20)
Epoch 19 done  (step=12529935)
[step 12530000 | ep 20] train_loss=6.4041e-03  train_recon=5.7252e-04  train_L1=5.8316e+01  val_loss=1.1388e-05  val_mse=5.1592e-06  val_L0=151.3  dead=0.627
  -> saved training curves to checkpoints_rand_1e-4_p20/training_curves.png
  -> no loss improvement (423/20)
[step 12540000 | ep 20] train_loss=6.6690e-03  train_recon=7.9879e-04  train_L1=5.8703e+01  val_loss=1.3964e-05  val_mse=7.7347e-06  val_L0=151.4  dead=0.630
  -> saved training curves to checkpoints_rand_1e-4_p20/training_curves.png
  -> no loss improvement (424/20)
[step 12550000 | ep 20] train_loss=6.9191e-03  train_recon=1.0125e-03  train_L1=5.9065e+01  val_loss=1.8268e-05  val_mse=1.2039e-05  val_L0=151.3  dead=0.629
  -> saved training curves to checkpoints_rand_1e-4_p20/training_curves.png
  -> no loss improvement (425/20)
[step 12560000 | ep 20] train_loss=6.2210e-03  train_recon=3.8158e-04  train_L1=5.8394e+01  val_loss=9.0856e-06  val_mse=2.8560e-06  val_L0=151.3  dead=0.628
  -> saved training curves to checkpoints_rand_1e-4_p20/training_curves.png
  -> no loss improvement (426/20)
[step 12570000 | ep 20] train_loss=6.3683e-03  train_recon=5.1506e-04  train_L1=5.8532e+01  val_loss=1.1685e-05  val_mse=5.4568e-06  val_L0=151.3  dead=0.625
  -> saved training curves to checkpoints_rand_1e-4_p20/training_curves.png
  -> no loss improvement (427/20)
[step 12580000 | ep 20] train_loss=6.2236e-03  train_recon=3.0224e-04  train_L1=5.9214e+01  val_loss=1.0447e-05  val_mse=4.2177e-06  val_L0=151.3  dead=0.630
  -> saved training curves to checkpoints_rand_1e-4_p20/training_curves.png
  -> no loss improvement (428/20)
[step 12590000 | ep 20] train_loss=5.9295e-03  train_recon=5.8746e-05  train_L1=5.8708e+01  val_loss=6.8922e-06  val_mse=6.6328e-07  val_L0=151.3  dead=0.628
  -> saved training curves to checkpoints_rand_1e-4_p20/training_curves.png
  -> no loss improvement (429/20)
[step 12600000 | ep 20] train_loss=6.9977e-03  train_recon=1.1673e-03  train_L1=5.8304e+01  val_loss=2.1895e-05  val_mse=1.5666e-05  val_L0=151.3  dead=0.628
  -> saved training curves to checkpoints_rand_1e-4_p20/training_curves.png
  -> no loss improvement (430/20)
[step 12610000 | ep 20] train_loss=6.1137e-03  train_recon=2.6979e-04  train_L1=5.8439e+01  val_loss=9.4068e-06  val_mse=3.1781e-06  val_L0=151.4  dead=0.630
  -> saved training curves to checkpoints_rand_1e-4_p20/training_curves.png
  -> no loss improvement (431/20)
[step 12620000 | ep 20] train_loss=7.5718e-03  train_recon=1.6763e-03  train_L1=5.8955e+01  val_loss=2.3309e-05  val_mse=1.7080e-05  val_L0=151.3  dead=0.626
  -> saved training curves to checkpoints_rand_1e-4_p20/training_curves.png
  -> no loss improvement (432/20)
[step 12630000 | ep 20] train_loss=6.1713e-03  train_recon=3.1711e-04  train_L1=5.8542e+01  val_loss=8.9170e-06  val_mse=2.6883e-06  val_L0=151.3  dead=0.630
  -> saved training curves to checkpoints_rand_1e-4_p20/training_curves.png
  -> no loss improvement (433/20)
[step 12640000 | ep 20] train_loss=6.1247e-03  train_recon=2.5579e-04  train_L1=5.8690e+01  val_loss=8.6375e-06  val_mse=2.4081e-06  val_L0=151.3  dead=0.632
  -> saved training curves to checkpoints_rand_1e-4_p20/training_curves.png
  -> no loss improvement (434/20)
[step 12650000 | ep 20] train_loss=6.0241e-03  train_recon=1.5929e-04  train_L1=5.8648e+01  val_loss=7.9435e-06  val_mse=1.7151e-06  val_L0=151.4  dead=0.629
  -> saved training curves to checkpoints_rand_1e-4_p20/training_curves.png
  -> no loss improvement (435/20)
[step 12660000 | ep 20] train_loss=6.3233e-03  train_recon=4.7094e-04  train_L1=5.8524e+01  val_loss=1.2478e-05  val_mse=6.2501e-06  val_L0=151.4  dead=0.633
  -> saved training curves to checkpoints_rand_1e-4_p20/training_curves.png
  -> no loss improvement (436/20)
[step 12670000 | ep 20] train_loss=6.7010e-03  train_recon=8.2773e-04  train_L1=5.8733e+01  val_loss=1.3089e-05  val_mse=6.8604e-06  val_L0=151.3  dead=0.627
  -> saved training curves to checkpoints_rand_1e-4_p20/training_curves.png
  -> no loss improvement (437/20)
[step 12680000 | ep 20] train_loss=7.3189e-03  train_recon=1.4463e-03  train_L1=5.8726e+01  val_loss=1.9421e-05  val_mse=1.3192e-05  val_L0=151.3  dead=0.627
  -> saved training curves to checkpoints_rand_1e-4_p20/training_curves.png
  -> no loss improvement (438/20)
[step 12690000 | ep 20] train_loss=6.0413e-03  train_recon=1.8766e-04  train_L1=5.8537e+01  val_loss=8.6266e-06  val_mse=2.3985e-06  val_L0=151.4  dead=0.631
  -> saved training curves to checkpoints_rand_1e-4_p20/training_curves.png
  -> no loss improvement (439/20)
[step 12700000 | ep 20] train_loss=6.5003e-03  train_recon=6.3880e-04  train_L1=5.8615e+01  val_loss=1.1453e-05  val_mse=5.2251e-06  val_L0=151.3  dead=0.626
  -> saved training curves to checkpoints_rand_1e-4_p20/training_curves.png
  -> no loss improvement (440/20)
[step 12710000 | ep 20] train_loss=6.3090e-03  train_recon=4.3840e-04  train_L1=5.8706e+01  val_loss=1.0232e-05  val_mse=4.0039e-06  val_L0=151.3  dead=0.625
  -> saved training curves to checkpoints_rand_1e-4_p20/training_curves.png
  -> no loss improvement (441/20)
[step 12720000 | ep 20] train_loss=6.6846e-03  train_recon=8.5439e-04  train_L1=5.8303e+01  val_loss=1.3520e-05  val_mse=7.2921e-06  val_L0=151.3  dead=0.630
  -> saved training curves to checkpoints_rand_1e-4_p20/training_curves.png
  -> no loss improvement (442/20)
[step 12730000 | ep 20] train_loss=6.7758e-03  train_recon=9.1368e-04  train_L1=5.8621e+01  val_loss=1.3505e-05  val_mse=7.2776e-06  val_L0=151.3  dead=0.625
  -> saved training curves to checkpoints_rand_1e-4_p20/training_curves.png
  -> no loss improvement (443/20)
[step 12740000 | ep 20] train_loss=6.4298e-03  train_recon=5.5582e-04  train_L1=5.8740e+01  val_loss=1.1878e-05  val_mse=5.6507e-06  val_L0=151.3  dead=0.630
  -> saved training curves to checkpoints_rand_1e-4_p20/training_curves.png
  -> no loss improvement (444/20)
[step 12750000 | ep 20] train_loss=6.3083e-03  train_recon=4.1336e-04  train_L1=5.8950e+01  val_loss=1.1599e-05  val_mse=5.3720e-06  val_L0=151.3  dead=0.627
  -> saved training curves to checkpoints_rand_1e-4_p20/training_curves.png
  -> no loss improvement (445/20)
[step 12760000 | ep 20] train_loss=7.1144e-03  train_recon=1.2486e-03  train_L1=5.8658e+01  val_loss=1.7779e-05  val_mse=1.1551e-05  val_L0=151.3  dead=0.626
  -> saved training curves to checkpoints_rand_1e-4_p20/training_curves.png
  -> no loss improvement (446/20)
[step 12770000 | ep 20] train_loss=6.7586e-03  train_recon=8.6486e-04  train_L1=5.8937e+01  val_loss=1.5628e-05  val_mse=9.4004e-06  val_L0=151.3  dead=0.625
  -> saved training curves to checkpoints_rand_1e-4_p20/training_curves.png
  -> no loss improvement (447/20)
[step 12780000 | ep 20] train_loss=6.4470e-03  train_recon=5.9782e-04  train_L1=5.8492e+01  val_loss=1.2838e-05  val_mse=6.6114e-06  val_L0=151.3  dead=0.627
  -> saved training curves to checkpoints_rand_1e-4_p20/training_curves.png
  -> no loss improvement (448/20)
[step 12790000 | ep 20] train_loss=6.2846e-03  train_recon=3.8655e-04  train_L1=5.8980e+01  val_loss=9.7995e-06  val_mse=3.5725e-06  val_L0=151.3  dead=0.627
  -> saved training curves to checkpoints_rand_1e-4_p20/training_curves.png
  -> no loss improvement (449/20)
[step 12800000 | ep 20] train_loss=6.1751e-03  train_recon=3.7499e-04  train_L1=5.8001e+01  val_loss=1.3060e-05  val_mse=6.8327e-06  val_L0=151.4  dead=0.629
  -> saved training curves to checkpoints_rand_1e-4_p20/training_curves.png
  -> no loss improvement (450/20)
[step 12810000 | ep 20] train_loss=6.9123e-03  train_recon=1.0786e-03  train_L1=5.8337e+01  val_loss=1.4366e-05  val_mse=8.1389e-06  val_L0=151.3  dead=0.628
  -> saved training curves to checkpoints_rand_1e-4_p20/training_curves.png
  -> no loss improvement (451/20)
[step 12820000 | ep 20] train_loss=6.6245e-03  train_recon=7.6590e-04  train_L1=5.8587e+01  val_loss=1.3589e-05  val_mse=7.3611e-06  val_L0=151.3  dead=0.625
  -> saved training curves to checkpoints_rand_1e-4_p20/training_curves.png
  -> no loss improvement (452/20)
[step 12830000 | ep 20] train_loss=6.2962e-03  train_recon=4.0660e-04  train_L1=5.8896e+01  val_loss=8.2869e-06  val_mse=2.0595e-06  val_L0=151.3  dead=0.625
  -> saved training curves to checkpoints_rand_1e-4_p20/training_curves.png
  -> no loss improvement (453/20)
[step 12840000 | ep 20] train_loss=5.8575e-03  train_recon=8.6314e-06  train_L1=5.8489e+01  val_loss=6.3270e-06  val_mse=9.9934e-08  val_L0=151.3  dead=0.624
  -> saved training curves to checkpoints_rand_1e-4_p20/training_curves.png
  -> saved best checkpoint (val_loss=6.3270e-06)
[step 12850000 | ep 20] train_loss=6.4036e-03  train_recon=5.5492e-04  train_L1=5.8487e+01  val_loss=1.2686e-05  val_mse=6.4584e-06  val_L0=151.4  dead=0.624
  -> saved training curves to checkpoints_rand_1e-4_p20/training_curves.png
  -> no loss improvement (1/20)
[step 12860000 | ep 20] train_loss=5.8947e-03  train_recon=4.7903e-05  train_L1=5.8468e+01  val_loss=6.5532e-06  val_mse=3.2636e-07  val_L0=151.3  dead=0.626
  -> saved training curves to checkpoints_rand_1e-4_p20/training_curves.png
  -> no loss improvement (2/20)
[step 12870000 | ep 20] train_loss=6.3239e-03  train_recon=4.2977e-04  train_L1=5.8942e+01  val_loss=1.1785e-05  val_mse=5.5576e-06  val_L0=151.3  dead=0.628
  -> saved training curves to checkpoints_rand_1e-4_p20/training_curves.png
  -> no loss improvement (3/20)
[step 12880000 | ep 20] train_loss=6.2579e-03  train_recon=4.6567e-04  train_L1=5.7923e+01  val_loss=9.5998e-06  val_mse=3.3728e-06  val_L0=151.3  dead=0.624
  -> saved training curves to checkpoints_rand_1e-4_p20/training_curves.png
  -> no loss improvement (4/20)
[step 12890000 | ep 20] train_loss=7.8344e-03  train_recon=1.9474e-03  train_L1=5.8870e+01  val_loss=2.7743e-05  val_mse=2.1515e-05  val_L0=151.3  dead=0.623
  -> saved training curves to checkpoints_rand_1e-4_p20/training_curves.png
  -> no loss improvement (5/20)
[step 12900000 | ep 20] train_loss=6.0563e-03  train_recon=2.2243e-04  train_L1=5.8339e+01  val_loss=7.6536e-06  val_mse=1.4270e-06  val_L0=151.3  dead=0.624
  -> saved training curves to checkpoints_rand_1e-4_p20/training_curves.png
  -> no loss improvement (6/20)
[step 12910000 | ep 20] train_loss=6.3893e-03  train_recon=5.5613e-04  train_L1=5.8332e+01  val_loss=1.2073e-05  val_mse=5.8461e-06  val_L0=151.3  dead=0.628
  -> saved training curves to checkpoints_rand_1e-4_p20/training_curves.png
  -> no loss improvement (7/20)
[step 12920000 | ep 20] train_loss=6.4082e-03  train_recon=5.5856e-04  train_L1=5.8496e+01  val_loss=9.1555e-06  val_mse=2.9289e-06  val_L0=151.3  dead=0.622
  -> saved training curves to checkpoints_rand_1e-4_p20/training_curves.png
  -> no loss improvement (8/20)
[step 12930000 | ep 20] train_loss=6.6251e-03  train_recon=7.4562e-04  train_L1=5.8794e+01  val_loss=9.2424e-06  val_mse=3.0163e-06  val_L0=151.3  dead=0.622
  -> saved training curves to checkpoints_rand_1e-4_p20/training_curves.png
  -> no loss improvement (9/20)
[step 12940000 | ep 20] train_loss=6.1758e-03  train_recon=3.5299e-04  train_L1=5.8228e+01  val_loss=9.9627e-06  val_mse=3.7367e-06  val_L0=151.3  dead=0.624
  -> saved training curves to checkpoints_rand_1e-4_p20/training_curves.png
  -> no loss improvement (10/20)
[step 12950000 | ep 20] train_loss=6.0713e-03  train_recon=2.3144e-04  train_L1=5.8399e+01  val_loss=9.4124e-06  val_mse=3.1863e-06  val_L0=151.4  dead=0.628
  -> saved training curves to checkpoints_rand_1e-4_p20/training_curves.png
  -> no loss improvement (11/20)
[step 12960000 | ep 20] train_loss=6.1905e-03  train_recon=3.6726e-04  train_L1=5.8233e+01  val_loss=1.0412e-05  val_mse=4.1851e-06  val_L0=151.4  dead=0.629
  -> saved training curves to checkpoints_rand_1e-4_p20/training_curves.png
  -> no loss improvement (12/20)
[step 12970000 | ep 20] train_loss=6.9051e-03  train_recon=1.0188e-03  train_L1=5.8862e+01  val_loss=1.5515e-05  val_mse=9.2893e-06  val_L0=151.3  dead=0.625
  -> saved training curves to checkpoints_rand_1e-4_p20/training_curves.png
  -> no loss improvement (13/20)
[step 12980000 | ep 20] train_loss=6.1044e-03  train_recon=2.1636e-04  train_L1=5.8880e+01  val_loss=8.1772e-06  val_mse=1.9513e-06  val_L0=151.4  dead=0.628
  -> saved training curves to checkpoints_rand_1e-4_p20/training_curves.png
  -> no loss improvement (14/20)
[step 12990000 | ep 20] train_loss=6.5604e-03  train_recon=6.5946e-04  train_L1=5.9010e+01  val_loss=1.3267e-05  val_mse=7.0408e-06  val_L0=151.3  dead=0.625
  -> saved training curves to checkpoints_rand_1e-4_p20/training_curves.png
  -> no loss improvement (15/20)
[step 13000000 | ep 20] train_loss=6.4597e-03  train_recon=5.9825e-04  train_L1=5.8615e+01  val_loss=1.2200e-05  val_mse=5.9751e-06  val_L0=151.3  dead=0.627
  -> saved training curves to checkpoints_rand_1e-4_p20/training_curves.png
  -> no loss improvement (16/20)
[step 13010000 | ep 20] train_loss=6.1963e-03  train_recon=3.0701e-04  train_L1=5.8893e+01  val_loss=9.1185e-06  val_mse=2.8924e-06  val_L0=151.3  dead=0.629
  -> saved training curves to checkpoints_rand_1e-4_p20/training_curves.png
  -> no loss improvement (17/20)
[step 13020000 | ep 20] train_loss=6.1455e-03  train_recon=3.2391e-04  train_L1=5.8216e+01  val_loss=8.3971e-06  val_mse=2.1712e-06  val_L0=151.3  dead=0.631
  -> saved training curves to checkpoints_rand_1e-4_p20/training_curves.png
  -> no loss improvement (18/20)
[step 13030000 | ep 20] train_loss=6.4739e-03  train_recon=6.0294e-04  train_L1=5.8710e+01  val_loss=1.5446e-05  val_mse=9.2203e-06  val_L0=151.3  dead=0.632
  -> saved training curves to checkpoints_rand_1e-4_p20/training_curves.png
  -> no loss improvement (19/20)
[step 13040000 | ep 20] train_loss=6.8752e-03  train_recon=9.7039e-04  train_L1=5.9048e+01  val_loss=1.4757e-05  val_mse=8.5310e-06  val_L0=151.3  dead=0.628
  -> saved training curves to checkpoints_rand_1e-4_p20/training_curves.png
  -> no loss improvement (20/20)
[step 13050000 | ep 20] train_loss=6.5023e-03  train_recon=6.2398e-04  train_L1=5.8783e+01  val_loss=1.1727e-05  val_mse=5.5019e-06  val_L0=151.3  dead=0.626
  -> saved training curves to checkpoints_rand_1e-4_p20/training_curves.png
  -> no loss improvement (21/20)
[step 13060000 | ep 20] train_loss=6.3732e-03  train_recon=5.2905e-04  train_L1=5.8442e+01  val_loss=1.0686e-05  val_mse=4.4604e-06  val_L0=151.3  dead=0.628
  -> saved training curves to checkpoints_rand_1e-4_p20/training_curves.png
  -> no loss improvement (22/20)
[step 13070000 | ep 20] train_loss=6.1152e-03  train_recon=2.5081e-04  train_L1=5.8644e+01  val_loss=9.1597e-06  val_mse=2.9342e-06  val_L0=151.3  dead=0.628
  -> saved training curves to checkpoints_rand_1e-4_p20/training_curves.png
  -> no loss improvement (23/20)
[step 13080000 | ep 20] train_loss=6.3662e-03  train_recon=5.1625e-04  train_L1=5.8499e+01  val_loss=9.9660e-06  val_mse=3.7416e-06  val_L0=151.3  dead=0.627
  -> saved training curves to checkpoints_rand_1e-4_p20/training_curves.png
  -> no loss improvement (24/20)
[step 13090000 | ep 20] train_loss=6.4585e-03  train_recon=5.9838e-04  train_L1=5.8601e+01  val_loss=1.2954e-05  val_mse=6.7288e-06  val_L0=151.3  dead=0.623
  -> saved training curves to checkpoints_rand_1e-4_p20/training_curves.png
  -> no loss improvement (25/20)
[step 13100000 | ep 20] train_loss=6.0572e-03  train_recon=2.3723e-04  train_L1=5.8200e+01  val_loss=7.3085e-06  val_mse=1.0832e-06  val_L0=151.3  dead=0.625
  -> saved training curves to checkpoints_rand_1e-4_p20/training_curves.png
  -> no loss improvement (26/20)
[step 13110000 | ep 20] train_loss=6.4101e-03  train_recon=5.3676e-04  train_L1=5.8734e+01  val_loss=9.5408e-06  val_mse=3.3155e-06  val_L0=151.2  dead=0.621
  -> saved training curves to checkpoints_rand_1e-4_p20/training_curves.png
  -> no loss improvement (27/20)
[step 13120000 | ep 20] train_loss=6.3442e-03  train_recon=4.5331e-04  train_L1=5.8909e+01  val_loss=1.2570e-05  val_mse=6.3447e-06  val_L0=151.3  dead=0.628
  -> saved training curves to checkpoints_rand_1e-4_p20/training_curves.png
  -> no loss improvement (28/20)
[step 13130000 | ep 20] train_loss=6.6997e-03  train_recon=8.8167e-04  train_L1=5.8180e+01  val_loss=1.3845e-05  val_mse=7.6209e-06  val_L0=151.3  dead=0.628
  -> saved training curves to checkpoints_rand_1e-4_p20/training_curves.png
  -> no loss improvement (29/20)
[step 13140000 | ep 20] train_loss=6.5499e-03  train_recon=6.6763e-04  train_L1=5.8823e+01  val_loss=1.4018e-05  val_mse=7.7926e-06  val_L0=151.3  dead=0.626
  -> saved training curves to checkpoints_rand_1e-4_p20/training_curves.png
  -> no loss improvement (30/20)
[step 13150000 | ep 20] train_loss=6.3710e-03  train_recon=5.3206e-04  train_L1=5.8389e+01  val_loss=9.2147e-06  val_mse=2.9901e-06  val_L0=151.3  dead=0.624
  -> saved training curves to checkpoints_rand_1e-4_p20/training_curves.png
  -> no loss improvement (31/20)
[step 13160000 | ep 20] train_loss=6.3241e-03  train_recon=4.9212e-04  train_L1=5.8320e+01  val_loss=1.0082e-05  val_mse=3.8575e-06  val_L0=151.3  dead=0.625
  -> saved training curves to checkpoints_rand_1e-4_p20/training_curves.png
  -> no loss improvement (32/20)
[step 13170000 | ep 20] train_loss=6.4466e-03  train_recon=5.8540e-04  train_L1=5.8612e+01  val_loss=1.3371e-05  val_mse=7.1459e-06  val_L0=151.3  dead=0.627
  -> saved training curves to checkpoints_rand_1e-4_p20/training_curves.png
  -> no loss improvement (33/20)
[step 13180000 | ep 20] train_loss=6.3505e-03  train_recon=4.9507e-04  train_L1=5.8555e+01  val_loss=1.0084e-05  val_mse=3.8595e-06  val_L0=151.3  dead=0.627
  -> saved training curves to checkpoints_rand_1e-4_p20/training_curves.png
  -> no loss improvement (34/20)
[step 13190000 | ep 20] train_loss=6.3091e-03  train_recon=4.9563e-04  train_L1=5.8135e+01  val_loss=1.1705e-05  val_mse=5.4812e-06  val_L0=151.3  dead=0.626
  -> saved training curves to checkpoints_rand_1e-4_p20/training_curves.png
  -> no loss improvement (35/20)
[step 13200000 | ep 20] train_loss=6.1358e-03  train_recon=2.7526e-04  train_L1=5.8605e+01  val_loss=8.8842e-06  val_mse=2.6593e-06  val_L0=151.3  dead=0.626
  -> saved training curves to checkpoints_rand_1e-4_p20/training_curves.png
  -> no loss improvement (36/20)
[step 13210000 | ep 20] train_loss=6.0093e-03  train_recon=1.4162e-04  train_L1=5.8676e+01  val_loss=7.5240e-06  val_mse=1.2999e-06  val_L0=151.4  dead=0.630
  -> saved training curves to checkpoints_rand_1e-4_p20/training_curves.png
  -> no loss improvement (37/20)
[step 13220000 | ep 20] train_loss=7.3988e-03  train_recon=1.5342e-03  train_L1=5.8646e+01  val_loss=1.5430e-05  val_mse=9.2054e-06  val_L0=151.3  dead=0.623
  -> saved training curves to checkpoints_rand_1e-4_p20/training_curves.png
  -> no loss improvement (38/20)
[step 13230000 | ep 20] train_loss=6.2956e-03  train_recon=4.3252e-04  train_L1=5.8631e+01  val_loss=9.4950e-06  val_mse=3.2710e-06  val_L0=151.3  dead=0.628
  -> saved training curves to checkpoints_rand_1e-4_p20/training_curves.png
  -> no loss improvement (39/20)
Epoch 20 done  (step=13233264)
[step 13240000 | ep 21] train_loss=6.0812e-03  train_recon=2.3986e-04  train_L1=5.8413e+01  val_loss=9.2905e-06  val_mse=3.0666e-06  val_L0=151.4  dead=0.628
  -> saved training curves to checkpoints_rand_1e-4_p20/training_curves.png
  -> no loss improvement (40/20)
[step 13250000 | ep 21] train_loss=6.2174e-03  train_recon=3.6202e-04  train_L1=5.8553e+01  val_loss=9.3524e-06  val_mse=3.1281e-06  val_L0=151.3  dead=0.625
  -> saved training curves to checkpoints_rand_1e-4_p20/training_curves.png
  -> no loss improvement (41/20)
[step 13260000 | ep 21] train_loss=6.6302e-03  train_recon=7.6092e-04  train_L1=5.8693e+01  val_loss=1.1136e-05  val_mse=4.9120e-06  val_L0=151.3  dead=0.620
  -> saved training curves to checkpoints_rand_1e-4_p20/training_curves.png
  -> no loss improvement (42/20)
[step 13270000 | ep 21] train_loss=6.3133e-03  train_recon=4.5812e-04  train_L1=5.8552e+01  val_loss=1.0921e-05  val_mse=4.6964e-06  val_L0=151.3  dead=0.622
  -> saved training curves to checkpoints_rand_1e-4_p20/training_curves.png
  -> no loss improvement (43/20)
[step 13280000 | ep 21] train_loss=6.0425e-03  train_recon=1.9771e-04  train_L1=5.8447e+01  val_loss=7.9112e-06  val_mse=1.6875e-06  val_L0=151.4  dead=0.626
  -> saved training curves to checkpoints_rand_1e-4_p20/training_curves.png
  -> no loss improvement (44/20)
[step 13290000 | ep 21] train_loss=6.1659e-03  train_recon=2.9257e-04  train_L1=5.8733e+01  val_loss=8.6077e-06  val_mse=2.3843e-06  val_L0=151.3  dead=0.628
  -> saved training curves to checkpoints_rand_1e-4_p20/training_curves.png
  -> no loss improvement (45/20)
[step 13300000 | ep 21] train_loss=6.2025e-03  train_recon=3.3847e-04  train_L1=5.8640e+01  val_loss=1.2325e-05  val_mse=6.1020e-06  val_L0=151.4  dead=0.628
  -> saved training curves to checkpoints_rand_1e-4_p20/training_curves.png
  -> no loss improvement (46/20)
[step 13310000 | ep 21] train_loss=6.3593e-03  train_recon=5.0658e-04  train_L1=5.8527e+01  val_loss=1.2312e-05  val_mse=6.0885e-06  val_L0=151.3  dead=0.623
  -> saved training curves to checkpoints_rand_1e-4_p20/training_curves.png
  -> no loss improvement (47/20)
[step 13320000 | ep 21] train_loss=6.1449e-03  train_recon=2.6378e-04  train_L1=5.8811e+01  val_loss=9.8250e-06  val_mse=3.6013e-06  val_L0=151.3  dead=0.625
  -> saved training curves to checkpoints_rand_1e-4_p20/training_curves.png
  -> no loss improvement (48/20)
[step 13330000 | ep 21] train_loss=6.2985e-03  train_recon=4.3043e-04  train_L1=5.8680e+01  val_loss=9.0244e-06  val_mse=2.8013e-06  val_L0=151.3  dead=0.625
  -> saved training curves to checkpoints_rand_1e-4_p20/training_curves.png
  -> no loss improvement (49/20)
[step 13340000 | ep 21] train_loss=6.3603e-03  train_recon=4.8550e-04  train_L1=5.8748e+01  val_loss=1.0337e-05  val_mse=4.1132e-06  val_L0=151.3  dead=0.628
  -> saved training curves to checkpoints_rand_1e-4_p20/training_curves.png
  -> no loss improvement (50/20)
[step 13350000 | ep 21] train_loss=6.0005e-03  train_recon=1.2914e-04  train_L1=5.8713e+01  val_loss=7.1781e-06  val_mse=9.5478e-07  val_L0=151.3  dead=0.622
  -> saved training curves to checkpoints_rand_1e-4_p20/training_curves.png
  -> no loss improvement (51/20)
[step 13360000 | ep 21] train_loss=6.3970e-03  train_recon=5.2641e-04  train_L1=5.8706e+01  val_loss=1.2595e-05  val_mse=6.3714e-06  val_L0=151.3  dead=0.628
  -> saved training curves to checkpoints_rand_1e-4_p20/training_curves.png
  -> no loss improvement (52/20)
[step 13370000 | ep 21] train_loss=6.3554e-03  train_recon=5.1321e-04  train_L1=5.8422e+01  val_loss=9.9885e-06  val_mse=3.7657e-06  val_L0=151.3  dead=0.628
  -> saved training curves to checkpoints_rand_1e-4_p20/training_curves.png
  -> no loss improvement (53/20)
[step 13380000 | ep 21] train_loss=6.5996e-03  train_recon=7.2208e-04  train_L1=5.8775e+01  val_loss=1.2025e-05  val_mse=5.8024e-06  val_L0=151.3  dead=0.628
  -> saved training curves to checkpoints_rand_1e-4_p20/training_curves.png
  -> no loss improvement (54/20)
[step 13390000 | ep 21] train_loss=6.1584e-03  train_recon=3.4501e-04  train_L1=5.8134e+01  val_loss=8.6866e-06  val_mse=2.4637e-06  val_L0=151.3  dead=0.627
  -> saved training curves to checkpoints_rand_1e-4_p20/training_curves.png
  -> no loss improvement (55/20)
[step 13400000 | ep 21] train_loss=6.4830e-03  train_recon=6.3849e-04  train_L1=5.8445e+01  val_loss=1.1851e-05  val_mse=5.6284e-06  val_L0=151.3  dead=0.626
  -> saved training curves to checkpoints_rand_1e-4_p20/training_curves.png
  -> no loss improvement (56/20)
[step 13410000 | ep 21] train_loss=6.6073e-03  train_recon=7.4887e-04  train_L1=5.8585e+01  val_loss=9.7751e-06  val_mse=3.5524e-06  val_L0=151.2  dead=0.620
  -> saved training curves to checkpoints_rand_1e-4_p20/training_curves.png
  -> no loss improvement (57/20)
[step 13420000 | ep 21] train_loss=6.6792e-03  train_recon=7.7505e-04  train_L1=5.9041e+01  val_loss=1.5346e-05  val_mse=9.1218e-06  val_L0=151.3  dead=0.627
  -> saved training curves to checkpoints_rand_1e-4_p20/training_curves.png
  -> no loss improvement (58/20)
[step 13430000 | ep 21] train_loss=6.5704e-03  train_recon=7.0201e-04  train_L1=5.8684e+01  val_loss=1.2205e-05  val_mse=5.9820e-06  val_L0=151.3  dead=0.626
  -> saved training curves to checkpoints_rand_1e-4_p20/training_curves.png
  -> no loss improvement (59/20)
[step 13440000 | ep 21] train_loss=6.2822e-03  train_recon=4.2363e-04  train_L1=5.8586e+01  val_loss=1.0557e-05  val_mse=4.3346e-06  val_L0=151.3  dead=0.626
  -> saved training curves to checkpoints_rand_1e-4_p20/training_curves.png
  -> no loss improvement (60/20)
[step 13450000 | ep 21] train_loss=6.3209e-03  train_recon=5.0296e-04  train_L1=5.8180e+01  val_loss=9.6971e-06  val_mse=3.4743e-06  val_L0=151.3  dead=0.623
  -> saved training curves to checkpoints_rand_1e-4_p20/training_curves.png
  -> no loss improvement (61/20)
[step 13460000 | ep 21] train_loss=6.1877e-03  train_recon=3.5740e-04  train_L1=5.8303e+01  val_loss=9.9326e-06  val_mse=3.7102e-06  val_L0=151.3  dead=0.626
  -> saved training curves to checkpoints_rand_1e-4_p20/training_curves.png
  -> no loss improvement (62/20)
[step 13470000 | ep 21] train_loss=6.1645e-03  train_recon=3.2413e-04  train_L1=5.8404e+01  val_loss=8.2638e-06  val_mse=2.0414e-06  val_L0=151.3  dead=0.626
  -> saved training curves to checkpoints_rand_1e-4_p20/training_curves.png
  -> no loss improvement (63/20)
[step 13480000 | ep 21] train_loss=6.4108e-03  train_recon=5.1417e-04  train_L1=5.8967e+01  val_loss=1.0770e-05  val_mse=4.5478e-06  val_L0=151.3  dead=0.626
  -> saved training curves to checkpoints_rand_1e-4_p20/training_curves.png
  -> no loss improvement (64/20)
[step 13490000 | ep 21] train_loss=6.2339e-03  train_recon=4.0015e-04  train_L1=5.8338e+01  val_loss=1.0117e-05  val_mse=3.8953e-06  val_L0=151.3  dead=0.627
  -> saved training curves to checkpoints_rand_1e-4_p20/training_curves.png
  -> no loss improvement (65/20)
[step 13500000 | ep 21] train_loss=6.3087e-03  train_recon=5.0059e-04  train_L1=5.8081e+01  val_loss=1.0923e-05  val_mse=4.7010e-06  val_L0=151.4  dead=0.629
  -> saved training curves to checkpoints_rand_1e-4_p20/training_curves.png
  -> no loss improvement (66/20)
[step 13510000 | ep 21] train_loss=6.2507e-03  train_recon=4.3564e-04  train_L1=5.8151e+01  val_loss=1.0039e-05  val_mse=3.8165e-06  val_L0=151.3  dead=0.628
  -> saved training curves to checkpoints_rand_1e-4_p20/training_curves.png
  -> no loss improvement (67/20)
[step 13520000 | ep 21] train_loss=6.7175e-03  train_recon=8.5709e-04  train_L1=5.8604e+01  val_loss=1.1112e-05  val_mse=4.8897e-06  val_L0=151.3  dead=0.621
  -> saved training curves to checkpoints_rand_1e-4_p20/training_curves.png
  -> no loss improvement (68/20)
[step 13530000 | ep 21] train_loss=6.7845e-03  train_recon=9.7573e-04  train_L1=5.8087e+01  val_loss=2.0349e-05  val_mse=1.4126e-05  val_L0=151.4  dead=0.626
  -> saved training curves to checkpoints_rand_1e-4_p20/training_curves.png
  -> no loss improvement (69/20)
[step 13540000 | ep 21] train_loss=6.0123e-03  train_recon=1.6944e-04  train_L1=5.8429e+01  val_loss=7.0407e-06  val_mse=8.1874e-07  val_L0=151.3  dead=0.621
  -> saved training curves to checkpoints_rand_1e-4_p20/training_curves.png
  -> no loss improvement (70/20)
[step 13550000 | ep 21] train_loss=6.1006e-03  train_recon=2.9355e-04  train_L1=5.8070e+01  val_loss=8.6134e-06  val_mse=2.3914e-06  val_L0=151.3  dead=0.625
  -> saved training curves to checkpoints_rand_1e-4_p20/training_curves.png
  -> no loss improvement (71/20)
[step 13560000 | ep 21] train_loss=6.6182e-03  train_recon=7.3972e-04  train_L1=5.8785e+01  val_loss=1.3549e-05  val_mse=7.3266e-06  val_L0=151.3  dead=0.621
  -> saved training curves to checkpoints_rand_1e-4_p20/training_curves.png
  -> no loss improvement (72/20)
[step 13570000 | ep 21] train_loss=6.4033e-03  train_recon=5.7944e-04  train_L1=5.8239e+01  val_loss=1.1272e-05  val_mse=5.0508e-06  val_L0=151.3  dead=0.624
  -> saved training curves to checkpoints_rand_1e-4_p20/training_curves.png
  -> no loss improvement (73/20)
[step 13580000 | ep 21] train_loss=6.1927e-03  train_recon=3.6986e-04  train_L1=5.8228e+01  val_loss=8.1319e-06  val_mse=1.9101e-06  val_L0=151.3  dead=0.625
  -> saved training curves to checkpoints_rand_1e-4_p20/training_curves.png
  -> no loss improvement (74/20)
[step 13590000 | ep 21] train_loss=6.2241e-03  train_recon=3.8240e-04  train_L1=5.8417e+01  val_loss=9.4580e-06  val_mse=3.2364e-06  val_L0=151.3  dead=0.627
  -> saved training curves to checkpoints_rand_1e-4_p20/training_curves.png
  -> no loss improvement (75/20)
[step 13600000 | ep 21] train_loss=6.6985e-03  train_recon=7.6985e-04  train_L1=5.9286e+01  val_loss=1.2830e-05  val_mse=6.6085e-06  val_L0=151.3  dead=0.625
  -> saved training curves to checkpoints_rand_1e-4_p20/training_curves.png
  -> no loss improvement (76/20)
[step 13610000 | ep 21] train_loss=5.9932e-03  train_recon=1.3799e-04  train_L1=5.8552e+01  val_loss=6.9820e-06  val_mse=7.6064e-07  val_L0=151.4  dead=0.627
  -> saved training curves to checkpoints_rand_1e-4_p20/training_curves.png
  -> no loss improvement (77/20)
[step 13620000 | ep 21] train_loss=7.0970e-03  train_recon=1.2369e-03  train_L1=5.8601e+01  val_loss=1.5000e-05  val_mse=8.7784e-06  val_L0=151.2  dead=0.621
  -> saved training curves to checkpoints_rand_1e-4_p20/training_curves.png
  -> no loss improvement (78/20)
[step 13630000 | ep 21] train_loss=6.7945e-03  train_recon=8.8170e-04  train_L1=5.9128e+01  val_loss=1.3547e-05  val_mse=7.3259e-06  val_L0=151.3  dead=0.621
  -> saved training curves to checkpoints_rand_1e-4_p20/training_curves.png
  -> no loss improvement (79/20)
[step 13640000 | ep 21] train_loss=6.5137e-03  train_recon=6.3472e-04  train_L1=5.8790e+01  val_loss=1.4691e-05  val_mse=8.4697e-06  val_L0=151.3  dead=0.628
  -> saved training curves to checkpoints_rand_1e-4_p20/training_curves.png
  -> no loss improvement (80/20)
[step 13650000 | ep 21] train_loss=6.1756e-03  train_recon=3.4452e-04  train_L1=5.8311e+01  val_loss=9.3560e-06  val_mse=3.1353e-06  val_L0=151.3  dead=0.622
  -> saved training curves to checkpoints_rand_1e-4_p20/training_curves.png
  -> no loss improvement (81/20)
[step 13660000 | ep 21] train_loss=6.7473e-03  train_recon=9.2146e-04  train_L1=5.8259e+01  val_loss=1.7486e-05  val_mse=1.1264e-05  val_L0=151.3  dead=0.620
  -> saved training curves to checkpoints_rand_1e-4_p20/training_curves.png
  -> no loss improvement (82/20)
[step 13670000 | ep 21] train_loss=7.4144e-03  train_recon=1.5775e-03  train_L1=5.8369e+01  val_loss=2.0719e-05  val_mse=1.4498e-05  val_L0=151.3  dead=0.621
  -> saved training curves to checkpoints_rand_1e-4_p20/training_curves.png
  -> no loss improvement (83/20)
[step 13680000 | ep 21] train_loss=6.0341e-03  train_recon=1.7733e-04  train_L1=5.8567e+01  val_loss=8.7068e-06  val_mse=2.4857e-06  val_L0=151.3  dead=0.626
  -> saved training curves to checkpoints_rand_1e-4_p20/training_curves.png
  -> no loss improvement (84/20)
[step 13690000 | ep 21] train_loss=6.0340e-03  train_recon=1.8813e-04  train_L1=5.8459e+01  val_loss=7.9841e-06  val_mse=1.7632e-06  val_L0=151.4  dead=0.625
  -> saved training curves to checkpoints_rand_1e-4_p20/training_curves.png
  -> no loss improvement (85/20)
[step 13700000 | ep 21] train_loss=6.2773e-03  train_recon=4.2464e-04  train_L1=5.8526e+01  val_loss=9.4001e-06  val_mse=3.1795e-06  val_L0=151.3  dead=0.625
  -> saved training curves to checkpoints_rand_1e-4_p20/training_curves.png
  -> no loss improvement (86/20)
[step 13710000 | ep 21] train_loss=6.4353e-03  train_recon=5.4631e-04  train_L1=5.8890e+01  val_loss=1.0070e-05  val_mse=3.8485e-06  val_L0=151.3  dead=0.619
  -> saved training curves to checkpoints_rand_1e-4_p20/training_curves.png
  -> no loss improvement (87/20)
[step 13720000 | ep 21] train_loss=6.5705e-03  train_recon=7.5193e-04  train_L1=5.8186e+01  val_loss=1.1282e-05  val_mse=5.0609e-06  val_L0=151.3  dead=0.625
  -> saved training curves to checkpoints_rand_1e-4_p20/training_curves.png
  -> no loss improvement (88/20)
[step 13730000 | ep 21] train_loss=6.2513e-03  train_recon=4.0053e-04  train_L1=5.8508e+01  val_loss=8.9034e-06  val_mse=2.6824e-06  val_L0=151.3  dead=0.623
  -> saved training curves to checkpoints_rand_1e-4_p20/training_curves.png
  -> no loss improvement (89/20)
[step 13740000 | ep 21] train_loss=6.5522e-03  train_recon=7.1720e-04  train_L1=5.8350e+01  val_loss=1.2288e-05  val_mse=6.0671e-06  val_L0=151.4  dead=0.622
  -> saved training curves to checkpoints_rand_1e-4_p20/training_curves.png
  -> no loss improvement (90/20)
[step 13750000 | ep 21] train_loss=6.1634e-03  train_recon=3.0703e-04  train_L1=5.8564e+01  val_loss=8.7466e-06  val_mse=2.5259e-06  val_L0=151.3  dead=0.622
  -> saved training curves to checkpoints_rand_1e-4_p20/training_curves.png
  -> no loss improvement (91/20)
[step 13760000 | ep 21] train_loss=6.3273e-03  train_recon=4.5394e-04  train_L1=5.8734e+01  val_loss=8.8943e-06  val_mse=2.6737e-06  val_L0=151.3  dead=0.623
  -> saved training curves to checkpoints_rand_1e-4_p20/training_curves.png
  -> no loss improvement (92/20)
[step 13770000 | ep 21] train_loss=6.2406e-03  train_recon=4.5652e-04  train_L1=5.7841e+01  val_loss=8.8285e-06  val_mse=2.6079e-06  val_L0=151.3  dead=0.617
  -> saved training curves to checkpoints_rand_1e-4_p20/training_curves.png
  -> no loss improvement (93/20)
[step 13780000 | ep 21] train_loss=5.9666e-03  train_recon=1.3873e-04  train_L1=5.8279e+01  val_loss=6.8727e-06  val_mse=6.5225e-07  val_L0=151.3  dead=0.620
  -> saved training curves to checkpoints_rand_1e-4_p20/training_curves.png
  -> no loss improvement (94/20)
[step 13790000 | ep 21] train_loss=6.2491e-03  train_recon=3.9708e-04  train_L1=5.8520e+01  val_loss=8.2149e-06  val_mse=1.9947e-06  val_L0=151.3  dead=0.623
  -> saved training curves to checkpoints_rand_1e-4_p20/training_curves.png
  -> no loss improvement (95/20)
[step 13800000 | ep 21] train_loss=6.7543e-03  train_recon=9.1757e-04  train_L1=5.8368e+01  val_loss=1.3575e-05  val_mse=7.3550e-06  val_L0=151.4  dead=0.626
  -> saved training curves to checkpoints_rand_1e-4_p20/training_curves.png
  -> no loss improvement (96/20)
[step 13810000 | ep 21] train_loss=6.6563e-03  train_recon=8.5173e-04  train_L1=5.8046e+01  val_loss=1.3299e-05  val_mse=7.0795e-06  val_L0=151.3  dead=0.620
  -> saved training curves to checkpoints_rand_1e-4_p20/training_curves.png
  -> no loss improvement (97/20)
[step 13820000 | ep 21] train_loss=6.3400e-03  train_recon=5.2073e-04  train_L1=5.8192e+01  val_loss=1.2323e-05  val_mse=6.1036e-06  val_L0=151.3  dead=0.626
  -> saved training curves to checkpoints_rand_1e-4_p20/training_curves.png
  -> no loss improvement (98/20)
[step 13830000 | ep 21] train_loss=6.2435e-03  train_recon=4.2407e-04  train_L1=5.8194e+01  val_loss=1.3858e-05  val_mse=7.6385e-06  val_L0=151.4  dead=0.627
  -> saved training curves to checkpoints_rand_1e-4_p20/training_curves.png
  -> no loss improvement (99/20)
[step 13840000 | ep 21] train_loss=6.5163e-03  train_recon=6.5021e-04  train_L1=5.8661e+01  val_loss=1.0835e-05  val_mse=4.6157e-06  val_L0=151.3  dead=0.623
  -> saved training curves to checkpoints_rand_1e-4_p20/training_curves.png
  -> no loss improvement (100/20)
[step 13850000 | ep 21] train_loss=6.3349e-03  train_recon=4.8217e-04  train_L1=5.8528e+01  val_loss=1.0191e-05  val_mse=3.9703e-06  val_L0=151.3  dead=0.626
  -> saved training curves to checkpoints_rand_1e-4_p20/training_curves.png
  -> no loss improvement (101/20)
[step 13860000 | ep 21] train_loss=6.6588e-03  train_recon=7.7381e-04  train_L1=5.8850e+01  val_loss=1.4677e-05  val_mse=8.4574e-06  val_L0=151.3  dead=0.623
  -> saved training curves to checkpoints_rand_1e-4_p20/training_curves.png
  -> no loss improvement (102/20)
[step 13870000 | ep 21] train_loss=6.1423e-03  train_recon=2.7980e-04  train_L1=5.8625e+01  val_loss=7.8235e-06  val_mse=1.6040e-06  val_L0=151.4  dead=0.623
  -> saved training curves to checkpoints_rand_1e-4_p20/training_curves.png
  -> no loss improvement (103/20)
[step 13880000 | ep 21] train_loss=5.9743e-03  train_recon=1.4059e-04  train_L1=5.8337e+01  val_loss=7.1395e-06  val_mse=9.1953e-07  val_L0=151.3  dead=0.619
  -> saved training curves to checkpoints_rand_1e-4_p20/training_curves.png
  -> no loss improvement (104/20)
[step 13890000 | ep 21] train_loss=6.2000e-03  train_recon=3.2513e-04  train_L1=5.8749e+01  val_loss=8.3956e-06  val_mse=2.1756e-06  val_L0=151.3  dead=0.619
  -> saved training curves to checkpoints_rand_1e-4_p20/training_curves.png
  -> no loss improvement (105/20)
[step 13900000 | ep 21] train_loss=6.0977e-03  train_recon=2.7127e-04  train_L1=5.8265e+01  val_loss=9.5525e-06  val_mse=3.3328e-06  val_L0=151.4  dead=0.624
  -> saved training curves to checkpoints_rand_1e-4_p20/training_curves.png
  -> no loss improvement (106/20)
[step 13910000 | ep 21] train_loss=6.4718e-03  train_recon=6.1478e-04  train_L1=5.8571e+01  val_loss=1.2265e-05  val_mse=6.0447e-06  val_L0=151.4  dead=0.623
  -> saved training curves to checkpoints_rand_1e-4_p20/training_curves.png
  -> no loss improvement (107/20)
[step 13920000 | ep 21] train_loss=6.1941e-03  train_recon=3.8842e-04  train_L1=5.8056e+01  val_loss=1.1372e-05  val_mse=5.1530e-06  val_L0=151.3  dead=0.625
  -> saved training curves to checkpoints_rand_1e-4_p20/training_curves.png
  -> no loss improvement (108/20)
[step 13930000 | ep 21] train_loss=6.1758e-03  train_recon=3.0558e-04  train_L1=5.8702e+01  val_loss=1.0079e-05  val_mse=3.8598e-06  val_L0=151.3  dead=0.623
  -> saved training curves to checkpoints_rand_1e-4_p20/training_curves.png
  -> no loss improvement (109/20)
Epoch 21 done  (step=13936593)
[step 13940000 | ep 22] train_loss=6.1140e-03  train_recon=2.8997e-04  train_L1=5.8240e+01  val_loss=8.6516e-06  val_mse=2.4325e-06  val_L0=151.4  dead=0.623
  -> saved training curves to checkpoints_rand_1e-4_p20/training_curves.png
  -> no loss improvement (110/20)
[step 13950000 | ep 22] train_loss=6.5306e-03  train_recon=6.7248e-04  train_L1=5.8582e+01  val_loss=1.1260e-05  val_mse=5.0405e-06  val_L0=151.3  dead=0.620
  -> saved training curves to checkpoints_rand_1e-4_p20/training_curves.png
  -> no loss improvement (111/20)
[step 13960000 | ep 22] train_loss=6.3790e-03  train_recon=5.1555e-04  train_L1=5.8635e+01  val_loss=1.0174e-05  val_mse=3.9540e-06  val_L0=151.3  dead=0.622
  -> saved training curves to checkpoints_rand_1e-4_p20/training_curves.png
  -> no loss improvement (112/20)
[step 13970000 | ep 22] train_loss=6.1389e-03  train_recon=2.7244e-04  train_L1=5.8664e+01  val_loss=9.3159e-06  val_mse=3.0972e-06  val_L0=151.3  dead=0.619
  -> saved training curves to checkpoints_rand_1e-4_p20/training_curves.png
  -> no loss improvement (113/20)
[step 13980000 | ep 22] train_loss=6.2996e-03  train_recon=4.2741e-04  train_L1=5.8722e+01  val_loss=1.0762e-05  val_mse=4.5436e-06  val_L0=151.3  dead=0.623
  -> saved training curves to checkpoints_rand_1e-4_p20/training_curves.png
  -> no loss improvement (114/20)
[step 13990000 | ep 22] train_loss=6.5224e-03  train_recon=7.1893e-04  train_L1=5.8035e+01  val_loss=1.5797e-05  val_mse=9.5780e-06  val_L0=151.3  dead=0.622
  -> saved training curves to checkpoints_rand_1e-4_p20/training_curves.png
  -> no loss improvement (115/20)
[step 14000000 | ep 22] train_loss=6.1827e-03  train_recon=3.5005e-04  train_L1=5.8326e+01  val_loss=1.0615e-05  val_mse=4.3959e-06  val_L0=151.3  dead=0.628
  -> saved training curves to checkpoints_rand_1e-4_p20/training_curves.png
  -> no loss improvement (116/20)
[step 14010000 | ep 22] train_loss=6.5718e-03  train_recon=7.3874e-04  train_L1=5.8331e+01  val_loss=1.2623e-05  val_mse=6.4036e-06  val_L0=151.3  dead=0.620
  -> saved training curves to checkpoints_rand_1e-4_p20/training_curves.png
  -> no loss improvement (117/20)
[step 14020000 | ep 22] train_loss=6.1460e-03  train_recon=3.0552e-04  train_L1=5.8404e+01  val_loss=9.3896e-06  val_mse=3.1706e-06  val_L0=151.3  dead=0.624
  -> saved training curves to checkpoints_rand_1e-4_p20/training_curves.png
  -> no loss improvement (118/20)
[step 14030000 | ep 22] train_loss=6.2368e-03  train_recon=4.0299e-04  train_L1=5.8339e+01  val_loss=7.7402e-06  val_mse=1.5214e-06  val_L0=151.3  dead=0.622
  -> saved training curves to checkpoints_rand_1e-4_p20/training_curves.png
  -> no loss improvement (119/20)
[step 14040000 | ep 22] train_loss=6.4903e-03  train_recon=6.4024e-04  train_L1=5.8500e+01  val_loss=1.6774e-05  val_mse=1.0555e-05  val_L0=151.3  dead=0.624
  -> saved training curves to checkpoints_rand_1e-4_p20/training_curves.png
  -> no loss improvement (120/20)
[step 14050000 | ep 22] train_loss=6.1955e-03  train_recon=3.2906e-04  train_L1=5.8664e+01  val_loss=9.5672e-06  val_mse=3.3486e-06  val_L0=151.3  dead=0.624
  -> saved training curves to checkpoints_rand_1e-4_p20/training_curves.png
  -> no loss improvement (121/20)
[step 14060000 | ep 22] train_loss=6.3426e-03  train_recon=4.8926e-04  train_L1=5.8533e+01  val_loss=9.0456e-06  val_mse=2.8269e-06  val_L0=151.3  dead=0.623
  -> saved training curves to checkpoints_rand_1e-4_p20/training_curves.png
  -> no loss improvement (122/20)
[step 14070000 | ep 22] train_loss=7.1275e-03  train_recon=1.2940e-03  train_L1=5.8335e+01  val_loss=1.8905e-05  val_mse=1.2686e-05  val_L0=151.3  dead=0.624
  -> saved training curves to checkpoints_rand_1e-4_p20/training_curves.png
  -> no loss improvement (123/20)
[step 14080000 | ep 22] train_loss=6.1803e-03  train_recon=3.6297e-04  train_L1=5.8173e+01  val_loss=9.6883e-06  val_mse=3.4698e-06  val_L0=151.3  dead=0.623
  -> saved training curves to checkpoints_rand_1e-4_p20/training_curves.png
  -> no loss improvement (124/20)
[step 14090000 | ep 22] train_loss=6.1446e-03  train_recon=2.9722e-04  train_L1=5.8473e+01  val_loss=9.3091e-06  val_mse=3.0908e-06  val_L0=151.3  dead=0.622
  -> saved training curves to checkpoints_rand_1e-4_p20/training_curves.png
  -> no loss improvement (125/20)
[step 14100000 | ep 22] train_loss=6.0979e-03  train_recon=2.6664e-04  train_L1=5.8312e+01  val_loss=8.2862e-06  val_mse=2.0677e-06  val_L0=151.3  dead=0.621
  -> saved training curves to checkpoints_rand_1e-4_p20/training_curves.png
  -> no loss improvement (126/20)
[step 14110000 | ep 22] train_loss=6.1020e-03  train_recon=2.3941e-04  train_L1=5.8626e+01  val_loss=7.8408e-06  val_mse=1.6226e-06  val_L0=151.3  dead=0.621
  -> saved training curves to checkpoints_rand_1e-4_p20/training_curves.png
  -> no loss improvement (127/20)
[step 14120000 | ep 22] train_loss=6.0891e-03  train_recon=2.1636e-04  train_L1=5.8727e+01  val_loss=9.0995e-06  val_mse=2.8815e-06  val_L0=151.3  dead=0.623
  -> saved training curves to checkpoints_rand_1e-4_p20/training_curves.png
  -> no loss improvement (128/20)
[step 14130000 | ep 22] train_loss=6.3255e-03  train_recon=5.1377e-04  train_L1=5.8117e+01  val_loss=1.0090e-05  val_mse=3.8725e-06  val_L0=151.3  dead=0.622
  -> saved training curves to checkpoints_rand_1e-4_p20/training_curves.png
  -> no loss improvement (129/20)
[step 14140000 | ep 22] train_loss=6.2196e-03  train_recon=3.9828e-04  train_L1=5.8213e+01  val_loss=1.0082e-05  val_mse=3.8640e-06  val_L0=151.4  dead=0.622
  -> saved training curves to checkpoints_rand_1e-4_p20/training_curves.png
  -> no loss improvement (130/20)
[step 14150000 | ep 22] train_loss=6.2453e-03  train_recon=3.8890e-04  train_L1=5.8564e+01  val_loss=1.0832e-05  val_mse=4.6147e-06  val_L0=151.4  dead=0.620
  -> saved training curves to checkpoints_rand_1e-4_p20/training_curves.png
  -> no loss improvement (131/20)
[step 14160000 | ep 22] train_loss=6.0545e-03  train_recon=2.0321e-04  train_L1=5.8513e+01  val_loss=8.1473e-06  val_mse=1.9292e-06  val_L0=151.3  dead=0.623
  -> saved training curves to checkpoints_rand_1e-4_p20/training_curves.png
  -> no loss improvement (132/20)
[step 14170000 | ep 22] train_loss=5.9421e-03  train_recon=7.7768e-05  train_L1=5.8644e+01  val_loss=7.2491e-06  val_mse=1.0311e-06  val_L0=151.4  dead=0.620
  -> saved training curves to checkpoints_rand_1e-4_p20/training_curves.png
  -> no loss improvement (133/20)
[step 14180000 | ep 22] train_loss=6.5090e-03  train_recon=6.3145e-04  train_L1=5.8776e+01  val_loss=1.1237e-05  val_mse=5.0194e-06  val_L0=151.3  dead=0.620
  -> saved training curves to checkpoints_rand_1e-4_p20/training_curves.png
  -> no loss improvement (134/20)
[step 14190000 | ep 22] train_loss=6.0794e-03  train_recon=2.7405e-04  train_L1=5.8053e+01  val_loss=1.0118e-05  val_mse=3.8998e-06  val_L0=151.4  dead=0.622
  -> saved training curves to checkpoints_rand_1e-4_p20/training_curves.png
  -> no loss improvement (135/20)
[step 14200000 | ep 22] train_loss=6.2595e-03  train_recon=3.9214e-04  train_L1=5.8673e+01  val_loss=7.8681e-06  val_mse=1.6505e-06  val_L0=151.3  dead=0.617
  -> saved training curves to checkpoints_rand_1e-4_p20/training_curves.png
  -> no loss improvement (136/20)
[step 14210000 | ep 22] train_loss=6.3068e-03  train_recon=3.9877e-04  train_L1=5.9080e+01  val_loss=1.0128e-05  val_mse=3.9106e-06  val_L0=151.3  dead=0.619
  -> saved training curves to checkpoints_rand_1e-4_p20/training_curves.png
  -> no loss improvement (137/20)
[step 14220000 | ep 22] train_loss=6.4099e-03  train_recon=5.2461e-04  train_L1=5.8853e+01  val_loss=1.0520e-05  val_mse=4.3021e-06  val_L0=151.3  dead=0.619
  -> saved training curves to checkpoints_rand_1e-4_p20/training_curves.png
  -> no loss improvement (138/20)
[step 14230000 | ep 22] train_loss=6.3822e-03  train_recon=5.2772e-04  train_L1=5.8545e+01  val_loss=1.2626e-05  val_mse=6.4090e-06  val_L0=151.3  dead=0.626
  -> saved training curves to checkpoints_rand_1e-4_p20/training_curves.png
  -> no loss improvement (139/20)
[step 14240000 | ep 22] train_loss=7.2420e-03  train_recon=1.3830e-03  train_L1=5.8590e+01  val_loss=2.2546e-05  val_mse=1.6330e-05  val_L0=151.3  dead=0.621
  -> saved training curves to checkpoints_rand_1e-4_p20/training_curves.png
  -> no loss improvement (140/20)
[step 14250000 | ep 22] train_loss=5.8943e-03  train_recon=3.3490e-05  train_L1=5.8608e+01  val_loss=6.5254e-06  val_mse=3.0825e-07  val_L0=151.3  dead=0.620
  -> saved training curves to checkpoints_rand_1e-4_p20/training_curves.png
  -> no loss improvement (141/20)
[step 14260000 | ep 22] train_loss=5.9703e-03  train_recon=9.3909e-05  train_L1=5.8764e+01  val_loss=7.2665e-06  val_mse=1.0494e-06  val_L0=151.4  dead=0.623
  -> saved training curves to checkpoints_rand_1e-4_p20/training_curves.png
  -> no loss improvement (142/20)
[step 14270000 | ep 22] train_loss=6.1595e-03  train_recon=4.0109e-04  train_L1=5.7584e+01  val_loss=8.6423e-06  val_mse=2.4252e-06  val_L0=151.3  dead=0.619
  -> saved training curves to checkpoints_rand_1e-4_p20/training_curves.png
  -> no loss improvement (143/20)
[step 14280000 | ep 22] train_loss=6.3046e-03  train_recon=4.5271e-04  train_L1=5.8519e+01  val_loss=9.4526e-06  val_mse=3.2358e-06  val_L0=151.3  dead=0.624
  -> saved training curves to checkpoints_rand_1e-4_p20/training_curves.png
  -> no loss improvement (144/20)
[step 14290000 | ep 22] train_loss=6.3339e-03  train_recon=4.7584e-04  train_L1=5.8581e+01  val_loss=1.3280e-05  val_mse=7.0629e-06  val_L0=151.4  dead=0.623
  -> saved training curves to checkpoints_rand_1e-4_p20/training_curves.png
  -> no loss improvement (145/20)
[step 14300000 | ep 22] train_loss=6.1029e-03  train_recon=2.9719e-04  train_L1=5.8057e+01  val_loss=9.3435e-06  val_mse=3.1262e-06  val_L0=151.4  dead=0.624
  -> saved training curves to checkpoints_rand_1e-4_p20/training_curves.png
  -> no loss improvement (146/20)
[step 14310000 | ep 22] train_loss=6.3128e-03  train_recon=4.9931e-04  train_L1=5.8135e+01  val_loss=1.2945e-05  val_mse=6.7280e-06  val_L0=151.4  dead=0.622
  -> saved training curves to checkpoints_rand_1e-4_p20/training_curves.png
  -> no loss improvement (147/20)
[step 14320000 | ep 22] train_loss=6.5503e-03  train_recon=6.4405e-04  train_L1=5.9062e+01  val_loss=1.5046e-05  val_mse=8.8288e-06  val_L0=151.4  dead=0.623
  -> saved training curves to checkpoints_rand_1e-4_p20/training_curves.png
  -> no loss improvement (148/20)
[step 14330000 | ep 22] train_loss=6.0076e-03  train_recon=1.6711e-04  train_L1=5.8405e+01  val_loss=7.4434e-06  val_mse=1.2262e-06  val_L0=151.3  dead=0.616
  -> saved training curves to checkpoints_rand_1e-4_p20/training_curves.png
  -> no loss improvement (149/20)
[step 14340000 | ep 22] train_loss=6.7366e-03  train_recon=8.3268e-04  train_L1=5.9039e+01  val_loss=1.6120e-05  val_mse=9.9022e-06  val_L0=151.3  dead=0.622
  -> saved training curves to checkpoints_rand_1e-4_p20/training_curves.png
  -> no loss improvement (150/20)
[step 14350000 | ep 22] train_loss=6.4476e-03  train_recon=6.2297e-04  train_L1=5.8246e+01  val_loss=1.1446e-05  val_mse=5.2287e-06  val_L0=151.3  dead=0.621
  -> saved training curves to checkpoints_rand_1e-4_p20/training_curves.png
  -> no loss improvement (151/20)
[step 14360000 | ep 22] train_loss=6.2789e-03  train_recon=4.5360e-04  train_L1=5.8253e+01  val_loss=8.8250e-06  val_mse=2.6081e-06  val_L0=151.3  dead=0.617
  -> saved training curves to checkpoints_rand_1e-4_p20/training_curves.png
  -> no loss improvement (152/20)
[step 14370000 | ep 22] train_loss=5.9329e-03  train_recon=8.0582e-05  train_L1=5.8524e+01  val_loss=7.2177e-06  val_mse=1.0013e-06  val_L0=151.4  dead=0.623
  -> saved training curves to checkpoints_rand_1e-4_p20/training_curves.png
  -> no loss improvement (153/20)
[step 14380000 | ep 22] train_loss=6.3510e-03  train_recon=5.0063e-04  train_L1=5.8504e+01  val_loss=1.0886e-05  val_mse=4.6698e-06  val_L0=151.3  dead=0.621
  -> saved training curves to checkpoints_rand_1e-4_p20/training_curves.png
  -> no loss improvement (154/20)
[step 14390000 | ep 22] train_loss=6.8946e-03  train_recon=1.0732e-03  train_L1=5.8214e+01  val_loss=1.5805e-05  val_mse=9.5887e-06  val_L0=151.3  dead=0.621
  -> saved training curves to checkpoints_rand_1e-4_p20/training_curves.png
  -> no loss improvement (155/20)
[step 14400000 | ep 22] train_loss=6.4872e-03  train_recon=6.4758e-04  train_L1=5.8396e+01  val_loss=1.1933e-05  val_mse=5.7158e-06  val_L0=151.3  dead=0.617
  -> saved training curves to checkpoints_rand_1e-4_p20/training_curves.png
  -> no loss improvement (156/20)
[step 14410000 | ep 22] train_loss=6.3757e-03  train_recon=5.0874e-04  train_L1=5.8670e+01  val_loss=9.7860e-06  val_mse=3.5697e-06  val_L0=151.3  dead=0.622
  -> saved training curves to checkpoints_rand_1e-4_p20/training_curves.png
  -> no loss improvement (157/20)
[step 14420000 | ep 22] train_loss=6.5126e-03  train_recon=6.2697e-04  train_L1=5.8857e+01  val_loss=1.0659e-05  val_mse=4.4432e-06  val_L0=151.3  dead=0.620
  -> saved training curves to checkpoints_rand_1e-4_p20/training_curves.png
  -> no loss improvement (158/20)
[step 14430000 | ep 22] train_loss=6.1933e-03  train_recon=3.2056e-04  train_L1=5.8727e+01  val_loss=8.5333e-06  val_mse=2.3171e-06  val_L0=151.3  dead=0.616
  -> saved training curves to checkpoints_rand_1e-4_p20/training_curves.png
  -> no loss improvement (159/20)
[step 14440000 | ep 22] train_loss=5.9563e-03  train_recon=1.1832e-04  train_L1=5.8380e+01  val_loss=7.2513e-06  val_mse=1.0352e-06  val_L0=151.3  dead=0.621
  -> saved training curves to checkpoints_rand_1e-4_p20/training_curves.png
  -> no loss improvement (160/20)
[step 14450000 | ep 22] train_loss=6.2644e-03  train_recon=3.8512e-04  train_L1=5.8793e+01  val_loss=9.4279e-06  val_mse=3.2119e-06  val_L0=151.4  dead=0.621
  -> saved training curves to checkpoints_rand_1e-4_p20/training_curves.png
  -> no loss improvement (161/20)
[step 14460000 | ep 22] train_loss=6.2859e-03  train_recon=4.4381e-04  train_L1=5.8421e+01  val_loss=8.9392e-06  val_mse=2.7237e-06  val_L0=151.3  dead=0.623
  -> saved training curves to checkpoints_rand_1e-4_p20/training_curves.png
  -> no loss improvement (162/20)
[step 14470000 | ep 22] train_loss=7.3055e-03  train_recon=1.3475e-03  train_L1=5.9580e+01  val_loss=2.1972e-05  val_mse=1.5756e-05  val_L0=151.3  dead=0.622
  -> saved training curves to checkpoints_rand_1e-4_p20/training_curves.png
  -> no loss improvement (163/20)
[step 14480000 | ep 22] train_loss=7.2903e-03  train_recon=1.4727e-03  train_L1=5.8175e+01  val_loss=2.6960e-05  val_mse=2.0744e-05  val_L0=151.3  dead=0.621
  -> saved training curves to checkpoints_rand_1e-4_p20/training_curves.png
  -> no loss improvement (164/20)
[step 14490000 | ep 22] train_loss=6.5145e-03  train_recon=6.3962e-04  train_L1=5.8749e+01  val_loss=1.0510e-05  val_mse=4.2935e-06  val_L0=151.3  dead=0.615
  -> saved training curves to checkpoints_rand_1e-4_p20/training_curves.png
  -> no loss improvement (165/20)
[step 14500000 | ep 22] train_loss=7.5987e-03  train_recon=1.7052e-03  train_L1=5.8935e+01  val_loss=2.8108e-05  val_mse=2.1892e-05  val_L0=151.3  dead=0.613
  -> saved training curves to checkpoints_rand_1e-4_p20/training_curves.png
  -> no loss improvement (166/20)
[step 14510000 | ep 22] train_loss=6.6849e-03  train_recon=8.2481e-04  train_L1=5.8601e+01  val_loss=1.2339e-05  val_mse=6.1228e-06  val_L0=151.3  dead=0.619
  -> saved training curves to checkpoints_rand_1e-4_p20/training_curves.png
  -> no loss improvement (167/20)
[step 14520000 | ep 22] train_loss=6.0103e-03  train_recon=9.9936e-05  train_L1=5.9104e+01  val_loss=7.3568e-06  val_mse=1.1413e-06  val_L0=151.4  dead=0.621
  -> saved training curves to checkpoints_rand_1e-4_p20/training_curves.png
  -> no loss improvement (168/20)
[step 14530000 | ep 22] train_loss=6.4764e-03  train_recon=6.4959e-04  train_L1=5.8268e+01  val_loss=1.1989e-05  val_mse=5.7737e-06  val_L0=151.3  dead=0.617
  -> saved training curves to checkpoints_rand_1e-4_p20/training_curves.png
  -> no loss improvement (169/20)
[step 14540000 | ep 22] train_loss=6.0217e-03  train_recon=1.8339e-04  train_L1=5.8383e+01  val_loss=8.0059e-06  val_mse=1.7906e-06  val_L0=151.4  dead=0.622
  -> saved training curves to checkpoints_rand_1e-4_p20/training_curves.png
  -> no loss improvement (170/20)
[step 14550000 | ep 22] train_loss=6.6660e-03  train_recon=8.6170e-04  train_L1=5.8043e+01  val_loss=1.1889e-05  val_mse=5.6733e-06  val_L0=151.3  dead=0.621
  -> saved training curves to checkpoints_rand_1e-4_p20/training_curves.png
  -> no loss improvement (171/20)
[step 14560000 | ep 22] train_loss=6.3475e-03  train_recon=5.3130e-04  train_L1=5.8162e+01  val_loss=1.2281e-05  val_mse=6.0650e-06  val_L0=151.3  dead=0.614
  -> saved training curves to checkpoints_rand_1e-4_p20/training_curves.png
  -> no loss improvement (172/20)
[step 14570000 | ep 22] train_loss=6.1225e-03  train_recon=2.4211e-04  train_L1=5.8804e+01  val_loss=8.7047e-06  val_mse=2.4890e-06  val_L0=151.3  dead=0.620
  -> saved training curves to checkpoints_rand_1e-4_p20/training_curves.png
  -> no loss improvement (173/20)
[step 14580000 | ep 22] train_loss=6.5532e-03  train_recon=6.8165e-04  train_L1=5.8715e+01  val_loss=9.4087e-06  val_mse=3.1931e-06  val_L0=151.3  dead=0.613
  -> saved training curves to checkpoints_rand_1e-4_p20/training_curves.png
  -> no loss improvement (174/20)
[step 14590000 | ep 22] train_loss=6.0201e-03  train_recon=2.0394e-04  train_L1=5.8161e+01  val_loss=8.5166e-06  val_mse=2.3014e-06  val_L0=151.4  dead=0.625
  -> saved training curves to checkpoints_rand_1e-4_p20/training_curves.png
  -> no loss improvement (175/20)
[step 14600000 | ep 22] train_loss=6.0099e-03  train_recon=1.6970e-04  train_L1=5.8402e+01  val_loss=7.4314e-06  val_mse=1.2164e-06  val_L0=151.3  dead=0.618
  -> saved training curves to checkpoints_rand_1e-4_p20/training_curves.png
  -> no loss improvement (176/20)
[step 14610000 | ep 22] train_loss=5.9753e-03  train_recon=1.0057e-04  train_L1=5.8747e+01  val_loss=7.2481e-06  val_mse=1.0332e-06  val_L0=151.3  dead=0.621
  -> saved training curves to checkpoints_rand_1e-4_p20/training_curves.png
  -> no loss improvement (177/20)
[step 14620000 | ep 22] train_loss=6.5036e-03  train_recon=6.5135e-04  train_L1=5.8523e+01  val_loss=1.1514e-05  val_mse=5.3002e-06  val_L0=151.3  dead=0.620
  -> saved training curves to checkpoints_rand_1e-4_p20/training_curves.png
  -> no loss improvement (178/20)
[step 14630000 | ep 22] train_loss=6.6216e-03  train_recon=7.9613e-04  train_L1=5.8255e+01  val_loss=1.4915e-05  val_mse=8.7008e-06  val_L0=151.3  dead=0.620
  -> saved training curves to checkpoints_rand_1e-4_p20/training_curves.png
  -> no loss improvement (179/20)
Epoch 22 done  (step=14639922)
[step 14640000 | ep 23] train_loss=6.1158e-03  train_recon=2.7620e-04  train_L1=5.8396e+01  val_loss=9.8301e-06  val_mse=3.6152e-06  val_L0=151.4  dead=0.623
  -> saved training curves to checkpoints_rand_1e-4_p20/training_curves.png
  -> no loss improvement (180/20)
[step 14650000 | ep 23] train_loss=6.1219e-03  train_recon=2.9925e-04  train_L1=5.8227e+01  val_loss=7.8019e-06  val_mse=1.5867e-06  val_L0=151.3  dead=0.622
  -> saved training curves to checkpoints_rand_1e-4_p20/training_curves.png
  -> no loss improvement (181/20)
[step 14660000 | ep 23] train_loss=5.9254e-03  train_recon=8.1863e-05  train_L1=5.8435e+01  val_loss=6.8707e-06  val_mse=6.5568e-07  val_L0=151.3  dead=0.624
  -> saved training curves to checkpoints_rand_1e-4_p20/training_curves.png
  -> no loss improvement (182/20)
[step 14670000 | ep 23] train_loss=6.1949e-03  train_recon=3.0746e-04  train_L1=5.8874e+01  val_loss=1.0011e-05  val_mse=3.7968e-06  val_L0=151.3  dead=0.620
  -> saved training curves to checkpoints_rand_1e-4_p20/training_curves.png
  -> no loss improvement (183/20)
[step 14680000 | ep 23] train_loss=6.0455e-03  train_recon=2.0107e-04  train_L1=5.8444e+01  val_loss=8.1343e-06  val_mse=1.9199e-06  val_L0=151.4  dead=0.625
  -> saved training curves to checkpoints_rand_1e-4_p20/training_curves.png
  -> no loss improvement (184/20)
[step 14690000 | ep 23] train_loss=6.2784e-03  train_recon=4.1170e-04  train_L1=5.8667e+01  val_loss=9.1918e-06  val_mse=2.9771e-06  val_L0=151.3  dead=0.624
  -> saved training curves to checkpoints_rand_1e-4_p20/training_curves.png
  -> no loss improvement (185/20)
[step 14700000 | ep 23] train_loss=6.3553e-03  train_recon=4.8244e-04  train_L1=5.8729e+01  val_loss=1.3739e-05  val_mse=7.5236e-06  val_L0=151.3  dead=0.619
  -> saved training curves to checkpoints_rand_1e-4_p20/training_curves.png
  -> no loss improvement (186/20)
[step 14710000 | ep 23] train_loss=6.4205e-03  train_recon=5.3260e-04  train_L1=5.8879e+01  val_loss=1.1635e-05  val_mse=5.4216e-06  val_L0=151.3  dead=0.620
  -> saved training curves to checkpoints_rand_1e-4_p20/training_curves.png
  -> no loss improvement (187/20)
[step 14720000 | ep 23] train_loss=6.7661e-03  train_recon=8.7565e-04  train_L1=5.8904e+01  val_loss=1.7466e-05  val_mse=1.1252e-05  val_L0=151.3  dead=0.619
  -> saved training curves to checkpoints_rand_1e-4_p20/training_curves.png
  -> no loss improvement (188/20)
[step 14730000 | ep 23] train_loss=6.9310e-03  train_recon=1.0587e-03  train_L1=5.8722e+01  val_loss=1.5839e-05  val_mse=9.6246e-06  val_L0=151.3  dead=0.623
  -> saved training curves to checkpoints_rand_1e-4_p20/training_curves.png
  -> no loss improvement (189/20)
[step 14740000 | ep 23] train_loss=6.1841e-03  train_recon=3.4367e-04  train_L1=5.8405e+01  val_loss=9.3662e-06  val_mse=3.1519e-06  val_L0=151.4  dead=0.621
  -> saved training curves to checkpoints_rand_1e-4_p20/training_curves.png
  -> no loss improvement (190/20)
[step 14750000 | ep 23] train_loss=6.0357e-03  train_recon=1.9127e-04  train_L1=5.8444e+01  val_loss=8.0581e-06  val_mse=1.8439e-06  val_L0=151.3  dead=0.622
  -> saved training curves to checkpoints_rand_1e-4_p20/training_curves.png
  -> no loss improvement (191/20)
[step 14760000 | ep 23] train_loss=6.9014e-03  train_recon=1.0855e-03  train_L1=5.8159e+01  val_loss=1.7425e-05  val_mse=1.1211e-05  val_L0=151.3  dead=0.621
  -> saved training curves to checkpoints_rand_1e-4_p20/training_curves.png
  -> no loss improvement (192/20)
[step 14770000 | ep 23] train_loss=5.9731e-03  train_recon=1.8703e-04  train_L1=5.7861e+01  val_loss=7.8183e-06  val_mse=1.6042e-06  val_L0=151.4  dead=0.624
  -> saved training curves to checkpoints_rand_1e-4_p20/training_curves.png
  -> no loss improvement (193/20)
[step 14780000 | ep 23] train_loss=6.0056e-03  train_recon=1.7051e-04  train_L1=5.8351e+01  val_loss=7.9457e-06  val_mse=1.7314e-06  val_L0=151.3  dead=0.625
  -> saved training curves to checkpoints_rand_1e-4_p20/training_curves.png
  -> no loss improvement (194/20)
[step 14790000 | ep 23] train_loss=6.3388e-03  train_recon=5.1118e-04  train_L1=5.8277e+01  val_loss=9.3294e-06  val_mse=3.1155e-06  val_L0=151.3  dead=0.621
  -> saved training curves to checkpoints_rand_1e-4_p20/training_curves.png
  -> no loss improvement (195/20)
[step 14800000 | ep 23] train_loss=6.2238e-03  train_recon=4.1803e-04  train_L1=5.8058e+01  val_loss=9.3549e-06  val_mse=3.1404e-06  val_L0=151.3  dead=0.620
  -> saved training curves to checkpoints_rand_1e-4_p20/training_curves.png
  -> no loss improvement (196/20)
[step 14810000 | ep 23] train_loss=6.1375e-03  train_recon=2.7761e-04  train_L1=5.8599e+01  val_loss=8.5528e-06  val_mse=2.3389e-06  val_L0=151.3  dead=0.622
  -> saved training curves to checkpoints_rand_1e-4_p20/training_curves.png
  -> no loss improvement (197/20)
[step 14820000 | ep 23] train_loss=6.3032e-03  train_recon=4.8528e-04  train_L1=5.8179e+01  val_loss=1.1677e-05  val_mse=5.4634e-06  val_L0=151.3  dead=0.621
  -> saved training curves to checkpoints_rand_1e-4_p20/training_curves.png
  -> no loss improvement (198/20)
[step 14830000 | ep 23] train_loss=6.6237e-03  train_recon=7.8558e-04  train_L1=5.8381e+01  val_loss=9.0230e-06  val_mse=2.8086e-06  val_L0=151.3  dead=0.612
  -> saved training curves to checkpoints_rand_1e-4_p20/training_curves.png
  -> no loss improvement (199/20)
[step 14840000 | ep 23] train_loss=6.4215e-03  train_recon=5.9555e-04  train_L1=5.8260e+01  val_loss=8.6893e-06  val_mse=2.4745e-06  val_L0=151.3  dead=0.623
  -> saved training curves to checkpoints_rand_1e-4_p20/training_curves.png
  -> no loss improvement (200/20)
[step 14850000 | ep 23] train_loss=6.2764e-03  train_recon=4.0737e-04  train_L1=5.8690e+01  val_loss=8.3897e-06  val_mse=2.1757e-06  val_L0=151.3  dead=0.621
  -> saved training curves to checkpoints_rand_1e-4_p20/training_curves.png
  -> no loss improvement (201/20)
[step 14860000 | ep 23] train_loss=6.8799e-03  train_recon=1.0553e-03  train_L1=5.8246e+01  val_loss=1.3745e-05  val_mse=7.5305e-06  val_L0=151.3  dead=0.619
  -> saved training curves to checkpoints_rand_1e-4_p20/training_curves.png
  -> no loss improvement (202/20)
[step 14870000 | ep 23] train_loss=6.2477e-03  train_recon=4.0954e-04  train_L1=5.8381e+01  val_loss=1.0005e-05  val_mse=3.7914e-06  val_L0=151.3  dead=0.625
  -> saved training curves to checkpoints_rand_1e-4_p20/training_curves.png
  -> no loss improvement (203/20)
[step 14880000 | ep 23] train_loss=5.9751e-03  train_recon=1.3053e-04  train_L1=5.8446e+01  val_loss=6.6640e-06  val_mse=4.5033e-07  val_L0=151.3  dead=0.615
  -> saved training curves to checkpoints_rand_1e-4_p20/training_curves.png
  -> no loss improvement (204/20)
[step 14890000 | ep 23] train_loss=6.5054e-03  train_recon=6.6849e-04  train_L1=5.8369e+01  val_loss=1.0977e-05  val_mse=4.7627e-06  val_L0=151.3  dead=0.620
  -> saved training curves to checkpoints_rand_1e-4_p20/training_curves.png
  -> no loss improvement (205/20)
[step 14900000 | ep 23] train_loss=6.2581e-03  train_recon=4.1241e-04  train_L1=5.8457e+01  val_loss=1.0250e-05  val_mse=4.0372e-06  val_L0=151.3  dead=0.623
  -> saved training curves to checkpoints_rand_1e-4_p20/training_curves.png
  -> no loss improvement (206/20)
[step 14910000 | ep 23] train_loss=6.4424e-03  train_recon=6.1386e-04  train_L1=5.8286e+01  val_loss=1.0845e-05  val_mse=4.6315e-06  val_L0=151.3  dead=0.622
  -> saved training curves to checkpoints_rand_1e-4_p20/training_curves.png
  -> no loss improvement (207/20)
[step 14920000 | ep 23] train_loss=6.7227e-03  train_recon=8.5807e-04  train_L1=5.8647e+01  val_loss=1.1989e-05  val_mse=5.7757e-06  val_L0=151.3  dead=0.620
  -> saved training curves to checkpoints_rand_1e-4_p20/training_curves.png
  -> no loss improvement (208/20)
[step 14930000 | ep 23] train_loss=6.3564e-03  train_recon=4.8914e-04  train_L1=5.8673e+01  val_loss=1.1186e-05  val_mse=4.9724e-06  val_L0=151.3  dead=0.622
  -> saved training curves to checkpoints_rand_1e-4_p20/training_curves.png
  -> no loss improvement (209/20)
[step 14940000 | ep 23] train_loss=6.2080e-03  train_recon=3.4909e-04  train_L1=5.8589e+01  val_loss=8.4536e-06  val_mse=2.2399e-06  val_L0=151.3  dead=0.625
  -> saved training curves to checkpoints_rand_1e-4_p20/training_curves.png
  -> no loss improvement (210/20)
[step 14950000 | ep 23] train_loss=6.8299e-03  train_recon=9.6288e-04  train_L1=5.8670e+01  val_loss=1.7177e-05  val_mse=1.0963e-05  val_L0=151.3  dead=0.622
  -> saved training curves to checkpoints_rand_1e-4_p20/training_curves.png
  -> no loss improvement (211/20)
[step 14960000 | ep 23] train_loss=6.3725e-03  train_recon=5.6443e-04  train_L1=5.8081e+01  val_loss=8.9575e-06  val_mse=2.7444e-06  val_L0=151.3  dead=0.621
  -> saved training curves to checkpoints_rand_1e-4_p20/training_curves.png
  -> no loss improvement (212/20)
[step 14970000 | ep 23] train_loss=6.6469e-03  train_recon=8.1093e-04  train_L1=5.8359e+01  val_loss=1.3897e-05  val_mse=7.6837e-06  val_L0=151.3  dead=0.623
  -> saved training curves to checkpoints_rand_1e-4_p20/training_curves.png
  -> no loss improvement (213/20)
[step 14980000 | ep 23] train_loss=5.9790e-03  train_recon=1.3884e-04  train_L1=5.8401e+01  val_loss=7.0798e-06  val_mse=8.6669e-07  val_L0=151.3  dead=0.620
  -> saved training curves to checkpoints_rand_1e-4_p20/training_curves.png
  -> no loss improvement (214/20)
[step 14990000 | ep 23] train_loss=6.3334e-03  train_recon=4.8958e-04  train_L1=5.8439e+01  val_loss=1.1135e-05  val_mse=4.9226e-06  val_L0=151.3  dead=0.621
  -> saved training curves to checkpoints_rand_1e-4_p20/training_curves.png
  -> no loss improvement (215/20)
[step 15000000 | ep 23] train_loss=6.2657e-03  train_recon=4.6846e-04  train_L1=5.7973e+01  val_loss=9.0715e-06  val_mse=2.8590e-06  val_L0=151.3  dead=0.620
  -> saved training curves to checkpoints_rand_1e-4_p20/training_curves.png
  -> no loss improvement (216/20)
[step 15010000 | ep 23] train_loss=7.1752e-03  train_recon=1.3199e-03  train_L1=5.8553e+01  val_loss=1.5562e-05  val_mse=9.3484e-06  val_L0=151.3  dead=0.618
  -> saved training curves to checkpoints_rand_1e-4_p20/training_curves.png
  -> no loss improvement (217/20)
[step 15020000 | ep 23] train_loss=6.0440e-03  train_recon=2.7107e-04  train_L1=5.7729e+01  val_loss=8.0170e-06  val_mse=1.8040e-06  val_L0=151.3  dead=0.620
  -> saved training curves to checkpoints_rand_1e-4_p20/training_curves.png
  -> no loss improvement (218/20)
[step 15030000 | ep 23] train_loss=5.9999e-03  train_recon=1.9674e-04  train_L1=5.8031e+01  val_loss=8.2182e-06  val_mse=2.0056e-06  val_L0=151.3  dead=0.623
  -> saved training curves to checkpoints_rand_1e-4_p20/training_curves.png
  -> no loss improvement (219/20)
[step 15040000 | ep 23] train_loss=6.1462e-03  train_recon=2.7984e-04  train_L1=5.8663e+01  val_loss=8.4825e-06  val_mse=2.2698e-06  val_L0=151.3  dead=0.623
  -> saved training curves to checkpoints_rand_1e-4_p20/training_curves.png
  -> no loss improvement (220/20)
[step 15050000 | ep 23] train_loss=6.0813e-03  train_recon=2.3227e-04  train_L1=5.8490e+01  val_loss=8.0892e-06  val_mse=1.8766e-06  val_L0=151.3  dead=0.623
  -> saved training curves to checkpoints_rand_1e-4_p20/training_curves.png
  -> no loss improvement (221/20)
[step 15060000 | ep 23] train_loss=6.0411e-03  train_recon=1.9559e-04  train_L1=5.8455e+01  val_loss=7.6819e-06  val_mse=1.4694e-06  val_L0=151.3  dead=0.626
  -> saved training curves to checkpoints_rand_1e-4_p20/training_curves.png
  -> no loss improvement (222/20)
[step 15070000 | ep 23] train_loss=6.2523e-03  train_recon=4.5033e-04  train_L1=5.8019e+01  val_loss=9.0460e-06  val_mse=2.8333e-06  val_L0=151.3  dead=0.620
  -> saved training curves to checkpoints_rand_1e-4_p20/training_curves.png
  -> no loss improvement (223/20)
[step 15080000 | ep 23] train_loss=6.1601e-03  train_recon=3.7442e-04  train_L1=5.7857e+01  val_loss=1.1132e-05  val_mse=4.9195e-06  val_L0=151.4  dead=0.626
  -> saved training curves to checkpoints_rand_1e-4_p20/training_curves.png
  -> no loss improvement (224/20)
[step 15090000 | ep 23] train_loss=5.9221e-03  train_recon=4.5771e-05  train_L1=5.8764e+01  val_loss=6.6440e-06  val_mse=4.3174e-07  val_L0=151.3  dead=0.620
  -> saved training curves to checkpoints_rand_1e-4_p20/training_curves.png
  -> no loss improvement (225/20)
[step 15100000 | ep 23] train_loss=6.2778e-03  train_recon=4.3601e-04  train_L1=5.8418e+01  val_loss=8.9306e-06  val_mse=2.7184e-06  val_L0=151.3  dead=0.618
  -> saved training curves to checkpoints_rand_1e-4_p20/training_curves.png
  -> no loss improvement (226/20)
[step 15110000 | ep 23] train_loss=6.1692e-03  train_recon=3.3867e-04  train_L1=5.8305e+01  val_loss=8.5757e-06  val_mse=2.3633e-06  val_L0=151.3  dead=0.612
  -> saved training curves to checkpoints_rand_1e-4_p20/training_curves.png
  -> no loss improvement (227/20)
[step 15120000 | ep 23] train_loss=6.3044e-03  train_recon=4.4876e-04  train_L1=5.8557e+01  val_loss=9.7407e-06  val_mse=3.5285e-06  val_L0=151.3  dead=0.619
  -> saved training curves to checkpoints_rand_1e-4_p20/training_curves.png
  -> no loss improvement (228/20)
[step 15130000 | ep 23] train_loss=6.9756e-03  train_recon=1.1102e-03  train_L1=5.8654e+01  val_loss=2.0109e-05  val_mse=1.3896e-05  val_L0=151.3  dead=0.615
  -> saved training curves to checkpoints_rand_1e-4_p20/training_curves.png
  -> no loss improvement (229/20)
[step 15140000 | ep 23] train_loss=6.4931e-03  train_recon=6.9816e-04  train_L1=5.7950e+01  val_loss=9.5410e-06  val_mse=3.3288e-06  val_L0=151.2  dead=0.622
  -> saved training curves to checkpoints_rand_1e-4_p20/training_curves.png
  -> no loss improvement (230/20)
[step 15150000 | ep 23] train_loss=6.6007e-03  train_recon=8.0390e-04  train_L1=5.7968e+01  val_loss=1.1041e-05  val_mse=4.8287e-06  val_L0=151.3  dead=0.623
  -> saved training curves to checkpoints_rand_1e-4_p20/training_curves.png
  -> no loss improvement (231/20)
[step 15160000 | ep 23] train_loss=6.3015e-03  train_recon=3.9808e-04  train_L1=5.9034e+01  val_loss=8.9266e-06  val_mse=2.7143e-06  val_L0=151.3  dead=0.618
  -> saved training curves to checkpoints_rand_1e-4_p20/training_curves.png
  -> no loss improvement (232/20)
[step 15170000 | ep 23] train_loss=6.3144e-03  train_recon=4.8581e-04  train_L1=5.8286e+01  val_loss=9.1710e-06  val_mse=2.9585e-06  val_L0=151.3  dead=0.614
  -> saved training curves to checkpoints_rand_1e-4_p20/training_curves.png
  -> no loss improvement (233/20)
[step 15180000 | ep 23] train_loss=6.5237e-03  train_recon=7.0544e-04  train_L1=5.8183e+01  val_loss=1.5370e-05  val_mse=9.1575e-06  val_L0=151.3  dead=0.623
  -> saved training curves to checkpoints_rand_1e-4_p20/training_curves.png
  -> no loss improvement (234/20)
[step 15190000 | ep 23] train_loss=6.2221e-03  train_recon=3.7941e-04  train_L1=5.8427e+01  val_loss=1.0733e-05  val_mse=4.5205e-06  val_L0=151.4  dead=0.623
  -> saved training curves to checkpoints_rand_1e-4_p20/training_curves.png
  -> no loss improvement (235/20)
[step 15200000 | ep 23] train_loss=6.5163e-03  train_recon=6.6142e-04  train_L1=5.8549e+01  val_loss=1.0542e-05  val_mse=4.3291e-06  val_L0=151.3  dead=0.623
  -> saved training curves to checkpoints_rand_1e-4_p20/training_curves.png
  -> no loss improvement (236/20)
[step 15210000 | ep 23] train_loss=6.6787e-03  train_recon=8.5531e-04  train_L1=5.8234e+01  val_loss=1.1149e-05  val_mse=4.9372e-06  val_L0=151.3  dead=0.609
  -> saved training curves to checkpoints_rand_1e-4_p20/training_curves.png
  -> no loss improvement (237/20)
[step 15220000 | ep 23] train_loss=6.8272e-03  train_recon=9.8821e-04  train_L1=5.8390e+01  val_loss=1.5547e-05  val_mse=9.3358e-06  val_L0=151.3  dead=0.621
  -> saved training curves to checkpoints_rand_1e-4_p20/training_curves.png
  -> no loss improvement (238/20)
[step 15230000 | ep 23] train_loss=6.7114e-03  train_recon=8.5193e-04  train_L1=5.8595e+01  val_loss=1.3524e-05  val_mse=7.3122e-06  val_L0=151.3  dead=0.626
  -> saved training curves to checkpoints_rand_1e-4_p20/training_curves.png
  -> no loss improvement (239/20)
[step 15240000 | ep 23] train_loss=6.1284e-03  train_recon=2.7411e-04  train_L1=5.8543e+01  val_loss=9.0458e-06  val_mse=2.8338e-06  val_L0=151.3  dead=0.622
  -> saved training curves to checkpoints_rand_1e-4_p20/training_curves.png
  -> no loss improvement (240/20)
[step 15250000 | ep 23] train_loss=6.1713e-03  train_recon=3.3897e-04  train_L1=5.8323e+01  val_loss=8.7682e-06  val_mse=2.5563e-06  val_L0=151.3  dead=0.625
  -> saved training curves to checkpoints_rand_1e-4_p20/training_curves.png
  -> no loss improvement (241/20)
[step 15260000 | ep 23] train_loss=6.4817e-03  train_recon=6.2056e-04  train_L1=5.8611e+01  val_loss=1.1776e-05  val_mse=5.5645e-06  val_L0=151.3  dead=0.622
  -> saved training curves to checkpoints_rand_1e-4_p20/training_curves.png
  -> no loss improvement (242/20)
[step 15270000 | ep 23] train_loss=6.1740e-03  train_recon=3.4151e-04  train_L1=5.8325e+01  val_loss=9.5436e-06  val_mse=3.3316e-06  val_L0=151.3  dead=0.621
  -> saved training curves to checkpoints_rand_1e-4_p20/training_curves.png
  -> no loss improvement (243/20)
[step 15280000 | ep 23] train_loss=5.8920e-03  train_recon=5.9185e-05  train_L1=5.8329e+01  val_loss=6.8593e-06  val_mse=6.4773e-07  val_L0=151.4  dead=0.622
  -> saved training curves to checkpoints_rand_1e-4_p20/training_curves.png
  -> no loss improvement (244/20)
[step 15290000 | ep 23] train_loss=6.2021e-03  train_recon=3.3592e-04  train_L1=5.8662e+01  val_loss=8.7886e-06  val_mse=2.5771e-06  val_L0=151.3  dead=0.620
  -> saved training curves to checkpoints_rand_1e-4_p20/training_curves.png
  -> no loss improvement (245/20)
[step 15300000 | ep 23] train_loss=6.4823e-03  train_recon=6.8637e-04  train_L1=5.7960e+01  val_loss=1.4336e-05  val_mse=8.1241e-06  val_L0=151.3  dead=0.625
  -> saved training curves to checkpoints_rand_1e-4_p20/training_curves.png
  -> no loss improvement (246/20)
[step 15310000 | ep 23] train_loss=6.1666e-03  train_recon=3.0630e-04  train_L1=5.8603e+01  val_loss=9.1091e-06  val_mse=2.8983e-06  val_L0=151.3  dead=0.624
  -> saved training curves to checkpoints_rand_1e-4_p20/training_curves.png
  -> no loss improvement (247/20)
[step 15320000 | ep 23] train_loss=6.1110e-03  train_recon=3.1882e-04  train_L1=5.7922e+01  val_loss=9.3672e-06  val_mse=3.1556e-06  val_L0=151.3  dead=0.622
  -> saved training curves to checkpoints_rand_1e-4_p20/training_curves.png
  -> no loss improvement (248/20)
[step 15330000 | ep 23] train_loss=6.1666e-03  train_recon=3.0951e-04  train_L1=5.8571e+01  val_loss=8.8030e-06  val_mse=2.5918e-06  val_L0=151.3  dead=0.623
  -> saved training curves to checkpoints_rand_1e-4_p20/training_curves.png
  -> no loss improvement (249/20)
[step 15340000 | ep 23] train_loss=6.7462e-03  train_recon=9.0895e-04  train_L1=5.8372e+01  val_loss=1.3769e-05  val_mse=7.5578e-06  val_L0=151.3  dead=0.620
  -> saved training curves to checkpoints_rand_1e-4_p20/training_curves.png
  -> no loss improvement (250/20)
Epoch 23 done  (step=15343251)
[step 15350000 | ep 24] train_loss=6.7319e-03  train_recon=8.7499e-04  train_L1=5.8569e+01  val_loss=1.1345e-05  val_mse=5.1338e-06  val_L0=151.3  dead=0.622
  -> saved training curves to checkpoints_rand_1e-4_p20/training_curves.png
  -> no loss improvement (251/20)
[step 15360000 | ep 24] train_loss=6.2948e-03  train_recon=4.5865e-04  train_L1=5.8361e+01  val_loss=1.0402e-05  val_mse=4.1904e-06  val_L0=151.3  dead=0.619
  -> saved training curves to checkpoints_rand_1e-4_p20/training_curves.png
  -> no loss improvement (252/20)
[step 15370000 | ep 24] train_loss=6.3839e-03  train_recon=5.6721e-04  train_L1=5.8167e+01  val_loss=1.2219e-05  val_mse=6.0079e-06  val_L0=151.3  dead=0.610
  -> saved training curves to checkpoints_rand_1e-4_p20/training_curves.png
  -> no loss improvement (253/20)
[step 15380000 | ep 24] train_loss=6.1792e-03  train_recon=3.5405e-04  train_L1=5.8252e+01  val_loss=9.2811e-06  val_mse=3.0698e-06  val_L0=151.3  dead=0.625
  -> saved training curves to checkpoints_rand_1e-4_p20/training_curves.png
  -> no loss improvement (254/20)
[step 15390000 | ep 24] train_loss=6.1944e-03  train_recon=3.5790e-04  train_L1=5.8365e+01  val_loss=9.5892e-06  val_mse=3.3781e-06  val_L0=151.3  dead=0.623
  -> saved training curves to checkpoints_rand_1e-4_p20/training_curves.png
  -> no loss improvement (255/20)
[step 15400000 | ep 24] train_loss=6.5284e-03  train_recon=7.1988e-04  train_L1=5.8085e+01  val_loss=1.2491e-05  val_mse=6.2800e-06  val_L0=151.3  dead=0.624
  -> saved training curves to checkpoints_rand_1e-4_p20/training_curves.png
  -> no loss improvement (256/20)
[step 15410000 | ep 24] train_loss=6.3673e-03  train_recon=5.0093e-04  train_L1=5.8663e+01  val_loss=1.2295e-05  val_mse=6.0842e-06  val_L0=151.3  dead=0.626
  -> saved training curves to checkpoints_rand_1e-4_p20/training_curves.png
  -> no loss improvement (257/20)
[step 15420000 | ep 24] train_loss=7.0861e-03  train_recon=1.2664e-03  train_L1=5.8197e+01  val_loss=1.6362e-05  val_mse=1.0152e-05  val_L0=151.3  dead=0.623
  -> saved training curves to checkpoints_rand_1e-4_p20/training_curves.png
  -> no loss improvement (258/20)
[step 15430000 | ep 24] train_loss=6.4394e-03  train_recon=6.1536e-04  train_L1=5.8241e+01  val_loss=1.0214e-05  val_mse=4.0027e-06  val_L0=151.3  dead=0.621
  -> saved training curves to checkpoints_rand_1e-4_p20/training_curves.png
  -> no loss improvement (259/20)
[step 15440000 | ep 24] train_loss=5.9180e-03  train_recon=7.0560e-05  train_L1=5.8475e+01  val_loss=6.9787e-06  val_mse=7.6798e-07  val_L0=151.3  dead=0.621
  -> saved training curves to checkpoints_rand_1e-4_p20/training_curves.png
  -> no loss improvement (260/20)
[step 15450000 | ep 24] train_loss=6.3954e-03  train_recon=5.3986e-04  train_L1=5.8555e+01  val_loss=1.2546e-05  val_mse=6.3352e-06  val_L0=151.3  dead=0.621
  -> saved training curves to checkpoints_rand_1e-4_p20/training_curves.png
  -> no loss improvement (261/20)
[step 15460000 | ep 24] train_loss=6.3726e-03  train_recon=5.5023e-04  train_L1=5.8224e+01  val_loss=1.0076e-05  val_mse=3.8655e-06  val_L0=151.3  dead=0.618
  -> saved training curves to checkpoints_rand_1e-4_p20/training_curves.png
  -> no loss improvement (262/20)
[step 15470000 | ep 24] train_loss=6.4118e-03  train_recon=5.5416e-04  train_L1=5.8576e+01  val_loss=1.0646e-05  val_mse=4.4349e-06  val_L0=151.3  dead=0.620
  -> saved training curves to checkpoints_rand_1e-4_p20/training_curves.png
  -> no loss improvement (263/20)
[step 15480000 | ep 24] train_loss=6.0479e-03  train_recon=2.2626e-04  train_L1=5.8216e+01  val_loss=7.8834e-06  val_mse=1.6725e-06  val_L0=151.3  dead=0.621
  -> saved training curves to checkpoints_rand_1e-4_p20/training_curves.png
  -> no loss improvement (264/20)
[step 15490000 | ep 24] train_loss=6.2609e-03  train_recon=4.1938e-04  train_L1=5.8416e+01  val_loss=8.8805e-06  val_mse=2.6700e-06  val_L0=151.3  dead=0.617
  -> saved training curves to checkpoints_rand_1e-4_p20/training_curves.png
  -> no loss improvement (265/20)
[step 15500000 | ep 24] train_loss=6.2760e-03  train_recon=4.0235e-04  train_L1=5.8737e+01  val_loss=7.9477e-06  val_mse=1.7371e-06  val_L0=151.3  dead=0.611
  -> saved training curves to checkpoints_rand_1e-4_p20/training_curves.png
  -> no loss improvement (266/20)
[step 15510000 | ep 24] train_loss=6.5378e-03  train_recon=7.2693e-04  train_L1=5.8109e+01  val_loss=1.1431e-05  val_mse=5.2208e-06  val_L0=151.3  dead=0.620
  -> saved training curves to checkpoints_rand_1e-4_p20/training_curves.png
  -> no loss improvement (267/20)
[step 15520000 | ep 24] train_loss=6.5542e-03  train_recon=7.7745e-04  train_L1=5.7767e+01  val_loss=1.2032e-05  val_mse=5.8217e-06  val_L0=151.3  dead=0.625
  -> saved training curves to checkpoints_rand_1e-4_p20/training_curves.png
  -> no loss improvement (268/20)
[step 15530000 | ep 24] train_loss=7.0445e-03  train_recon=1.1340e-03  train_L1=5.9105e+01  val_loss=1.5005e-05  val_mse=8.7949e-06  val_L0=151.3  dead=0.621
  -> saved training curves to checkpoints_rand_1e-4_p20/training_curves.png
  -> no loss improvement (269/20)
[step 15540000 | ep 24] train_loss=6.3492e-03  train_recon=5.1858e-04  train_L1=5.8307e+01  val_loss=1.0393e-05  val_mse=4.1831e-06  val_L0=151.3  dead=0.618
  -> saved training curves to checkpoints_rand_1e-4_p20/training_curves.png
  -> no loss improvement (270/20)
[step 15550000 | ep 24] train_loss=6.2874e-03  train_recon=4.6113e-04  train_L1=5.8263e+01  val_loss=9.2963e-06  val_mse=3.0860e-06  val_L0=151.3  dead=0.618
  -> saved training curves to checkpoints_rand_1e-4_p20/training_curves.png
  -> no loss improvement (271/20)
[step 15560000 | ep 24] train_loss=6.0673e-03  train_recon=2.2344e-04  train_L1=5.8439e+01  val_loss=8.2740e-06  val_mse=2.0641e-06  val_L0=151.3  dead=0.621
  -> saved training curves to checkpoints_rand_1e-4_p20/training_curves.png
  -> no loss improvement (272/20)
[step 15570000 | ep 24] train_loss=6.1249e-03  train_recon=2.4556e-04  train_L1=5.8793e+01  val_loss=8.2460e-06  val_mse=2.0362e-06  val_L0=151.3  dead=0.616
  -> saved training curves to checkpoints_rand_1e-4_p20/training_curves.png
  -> no loss improvement (273/20)
[step 15580000 | ep 24] train_loss=6.1316e-03  train_recon=2.7285e-04  train_L1=5.8587e+01  val_loss=8.4301e-06  val_mse=2.2205e-06  val_L0=151.3  dead=0.620
  -> saved training curves to checkpoints_rand_1e-4_p20/training_curves.png
  -> no loss improvement (274/20)
[step 15590000 | ep 24] train_loss=6.2164e-03  train_recon=3.6533e-04  train_L1=5.8511e+01  val_loss=8.6348e-06  val_mse=2.4246e-06  val_L0=151.3  dead=0.623
  -> saved training curves to checkpoints_rand_1e-4_p20/training_curves.png
  -> no loss improvement (275/20)
[step 15600000 | ep 24] train_loss=5.9620e-03  train_recon=1.3684e-04  train_L1=5.8252e+01  val_loss=7.2250e-06  val_mse=1.0153e-06  val_L0=151.3  dead=0.620
  -> saved training curves to checkpoints_rand_1e-4_p20/training_curves.png
  -> no loss improvement (276/20)
[step 15610000 | ep 24] train_loss=6.1122e-03  train_recon=3.2989e-04  train_L1=5.7823e+01  val_loss=1.1878e-05  val_mse=5.6680e-06  val_L0=151.4  dead=0.621
  -> saved training curves to checkpoints_rand_1e-4_p20/training_curves.png
  -> no loss improvement (277/20)
[step 15620000 | ep 24] train_loss=6.3200e-03  train_recon=4.6916e-04  train_L1=5.8509e+01  val_loss=1.0695e-05  val_mse=4.4847e-06  val_L0=151.3  dead=0.621
  -> saved training curves to checkpoints_rand_1e-4_p20/training_curves.png
  -> no loss improvement (278/20)
[step 15630000 | ep 24] train_loss=6.2218e-03  train_recon=4.2345e-04  train_L1=5.7983e+01  val_loss=9.5248e-06  val_mse=3.3155e-06  val_L0=151.3  dead=0.617
  -> saved training curves to checkpoints_rand_1e-4_p20/training_curves.png
  -> no loss improvement (279/20)
[step 15640000 | ep 24] train_loss=6.3967e-03  train_recon=5.2452e-04  train_L1=5.8722e+01  val_loss=1.0991e-05  val_mse=4.7816e-06  val_L0=151.3  dead=0.622
  -> saved training curves to checkpoints_rand_1e-4_p20/training_curves.png
  -> no loss improvement (280/20)
[step 15650000 | ep 24] train_loss=6.3997e-03  train_recon=5.1619e-04  train_L1=5.8835e+01  val_loss=1.0275e-05  val_mse=4.0648e-06  val_L0=151.3  dead=0.614
  -> saved training curves to checkpoints_rand_1e-4_p20/training_curves.png
  -> no loss improvement (281/20)
[step 15660000 | ep 24] train_loss=6.4639e-03  train_recon=5.5822e-04  train_L1=5.9057e+01  val_loss=1.0417e-05  val_mse=4.2080e-06  val_L0=151.3  dead=0.619
  -> saved training curves to checkpoints_rand_1e-4_p20/training_curves.png
  -> no loss improvement (282/20)
[step 15670000 | ep 24] train_loss=6.1913e-03  train_recon=3.6643e-04  train_L1=5.8249e+01  val_loss=8.1854e-06  val_mse=1.9758e-06  val_L0=151.3  dead=0.607
  -> saved training curves to checkpoints_rand_1e-4_p20/training_curves.png
  -> no loss improvement (283/20)
[step 15680000 | ep 24] train_loss=6.2708e-03  train_recon=4.5323e-04  train_L1=5.8175e+01  val_loss=1.0673e-05  val_mse=4.4637e-06  val_L0=151.4  dead=0.621
  -> saved training curves to checkpoints_rand_1e-4_p20/training_curves.png
  -> no loss improvement (284/20)
[step 15690000 | ep 24] train_loss=6.2607e-03  train_recon=3.9221e-04  train_L1=5.8685e+01  val_loss=9.0991e-06  val_mse=2.8900e-06  val_L0=151.3  dead=0.615
  -> saved training curves to checkpoints_rand_1e-4_p20/training_curves.png
  -> no loss improvement (285/20)
[step 15700000 | ep 24] train_loss=6.3632e-03  train_recon=5.2698e-04  train_L1=5.8363e+01  val_loss=1.1399e-05  val_mse=5.1902e-06  val_L0=151.3  dead=0.621
  -> saved training curves to checkpoints_rand_1e-4_p20/training_curves.png
  -> no loss improvement (286/20)
[step 15710000 | ep 24] train_loss=6.7370e-03  train_recon=8.8559e-04  train_L1=5.8514e+01  val_loss=1.1802e-05  val_mse=5.5922e-06  val_L0=151.3  dead=0.614
  -> saved training curves to checkpoints_rand_1e-4_p20/training_curves.png
  -> no loss improvement (287/20)
[step 15720000 | ep 24] train_loss=6.4967e-03  train_recon=6.1734e-04  train_L1=5.8793e+01  val_loss=1.1202e-05  val_mse=4.9932e-06  val_L0=151.3  dead=0.614
  -> saved training curves to checkpoints_rand_1e-4_p20/training_curves.png
  -> no loss improvement (288/20)
[step 15730000 | ep 24] train_loss=6.4794e-03  train_recon=6.3864e-04  train_L1=5.8408e+01  val_loss=1.1362e-05  val_mse=5.1531e-06  val_L0=151.3  dead=0.620
  -> saved training curves to checkpoints_rand_1e-4_p20/training_curves.png
  -> no loss improvement (289/20)
[step 15740000 | ep 24] train_loss=6.2521e-03  train_recon=4.0345e-04  train_L1=5.8486e+01  val_loss=1.0819e-05  val_mse=4.6100e-06  val_L0=151.4  dead=0.618
  -> saved training curves to checkpoints_rand_1e-4_p20/training_curves.png
  -> no loss improvement (290/20)
[step 15750000 | ep 24] train_loss=6.3714e-03  train_recon=4.9796e-04  train_L1=5.8734e+01  val_loss=9.4523e-06  val_mse=3.2432e-06  val_L0=151.3  dead=0.622
  -> saved training curves to checkpoints_rand_1e-4_p20/training_curves.png
  -> no loss improvement (291/20)
[step 15760000 | ep 24] train_loss=6.3575e-03  train_recon=5.1717e-04  train_L1=5.8403e+01  val_loss=1.1020e-05  val_mse=4.8111e-06  val_L0=151.3  dead=0.623
  -> saved training curves to checkpoints_rand_1e-4_p20/training_curves.png
  -> no loss improvement (292/20)
[step 15770000 | ep 24] train_loss=6.0323e-03  train_recon=2.0713e-04  train_L1=5.8251e+01  val_loss=7.9854e-06  val_mse=1.7767e-06  val_L0=151.3  dead=0.621
  -> saved training curves to checkpoints_rand_1e-4_p20/training_curves.png
  -> no loss improvement (293/20)
[step 15780000 | ep 24] train_loss=6.2947e-03  train_recon=4.8441e-04  train_L1=5.8102e+01  val_loss=1.0353e-05  val_mse=4.1435e-06  val_L0=151.3  dead=0.621
  -> saved training curves to checkpoints_rand_1e-4_p20/training_curves.png
  -> no loss improvement (294/20)
[step 15790000 | ep 24] train_loss=6.0489e-03  train_recon=1.9982e-04  train_L1=5.8491e+01  val_loss=7.3986e-06  val_mse=1.1898e-06  val_L0=151.3  dead=0.618
  -> saved training curves to checkpoints_rand_1e-4_p20/training_curves.png
  -> no loss improvement (295/20)
[step 15800000 | ep 24] train_loss=6.5733e-03  train_recon=7.5273e-04  train_L1=5.8206e+01  val_loss=1.2399e-05  val_mse=6.1908e-06  val_L0=151.3  dead=0.619
  -> saved training curves to checkpoints_rand_1e-4_p20/training_curves.png
  -> no loss improvement (296/20)
[step 15810000 | ep 24] train_loss=6.5207e-03  train_recon=7.4375e-04  train_L1=5.7769e+01  val_loss=1.2414e-05  val_mse=6.2050e-06  val_L0=151.3  dead=0.621
  -> saved training curves to checkpoints_rand_1e-4_p20/training_curves.png
  -> no loss improvement (297/20)
[step 15820000 | ep 24] train_loss=6.4502e-03  train_recon=6.6660e-04  train_L1=5.7836e+01  val_loss=1.1138e-05  val_mse=4.9299e-06  val_L0=151.3  dead=0.619
  -> saved training curves to checkpoints_rand_1e-4_p20/training_curves.png
  -> no loss improvement (298/20)
[step 15830000 | ep 24] train_loss=6.1186e-03  train_recon=2.8672e-04  train_L1=5.8319e+01  val_loss=8.4194e-06  val_mse=2.2102e-06  val_L0=151.3  dead=0.625
  -> saved training curves to checkpoints_rand_1e-4_p20/training_curves.png
  -> no loss improvement (299/20)
[step 15840000 | ep 24] train_loss=6.3474e-03  train_recon=4.8775e-04  train_L1=5.8596e+01  val_loss=1.0790e-05  val_mse=4.5810e-06  val_L0=151.3  dead=0.624
  -> saved training curves to checkpoints_rand_1e-4_p20/training_curves.png
  -> no loss improvement (300/20)
[step 15850000 | ep 24] train_loss=6.2462e-03  train_recon=4.1650e-04  train_L1=5.8298e+01  val_loss=9.5741e-06  val_mse=3.3656e-06  val_L0=151.3  dead=0.621
  -> saved training curves to checkpoints_rand_1e-4_p20/training_curves.png
  -> no loss improvement (301/20)
[step 15860000 | ep 24] train_loss=5.9973e-03  train_recon=1.3816e-04  train_L1=5.8592e+01  val_loss=7.1130e-06  val_mse=9.0423e-07  val_L0=151.3  dead=0.624
  -> saved training curves to checkpoints_rand_1e-4_p20/training_curves.png
  -> no loss improvement (302/20)
[step 15870000 | ep 24] train_loss=6.1240e-03  train_recon=2.5427e-04  train_L1=5.8698e+01  val_loss=8.0118e-06  val_mse=1.8030e-06  val_L0=151.3  dead=0.617
  -> saved training curves to checkpoints_rand_1e-4_p20/training_curves.png
  -> no loss improvement (303/20)
[step 15880000 | ep 24] train_loss=6.8429e-03  train_recon=1.0031e-03  train_L1=5.8398e+01  val_loss=1.1990e-05  val_mse=5.7814e-06  val_L0=151.3  dead=0.622
  -> saved training curves to checkpoints_rand_1e-4_p20/training_curves.png
  -> no loss improvement (304/20)
[step 15890000 | ep 24] train_loss=6.2452e-03  train_recon=3.7767e-04  train_L1=5.8675e+01  val_loss=1.0635e-05  val_mse=4.4264e-06  val_L0=151.4  dead=0.625
  -> saved training curves to checkpoints_rand_1e-4_p20/training_curves.png
  -> no loss improvement (305/20)
[step 15900000 | ep 24] train_loss=6.0208e-03  train_recon=2.3030e-04  train_L1=5.7905e+01  val_loss=8.2763e-06  val_mse=2.0678e-06  val_L0=151.3  dead=0.622
  -> saved training curves to checkpoints_rand_1e-4_p20/training_curves.png
  -> no loss improvement (306/20)
[step 15910000 | ep 24] train_loss=6.6889e-03  train_recon=8.5191e-04  train_L1=5.8370e+01  val_loss=1.5897e-05  val_mse=9.6893e-06  val_L0=151.3  dead=0.619
  -> saved training curves to checkpoints_rand_1e-4_p20/training_curves.png
  -> no loss improvement (307/20)
[step 15920000 | ep 24] train_loss=6.9119e-03  train_recon=1.0333e-03  train_L1=5.8786e+01  val_loss=1.9616e-05  val_mse=1.3408e-05  val_L0=151.3  dead=0.626
  -> saved training curves to checkpoints_rand_1e-4_p20/training_curves.png
  -> no loss improvement (308/20)
[step 15930000 | ep 24] train_loss=6.5357e-03  train_recon=7.2553e-04  train_L1=5.8102e+01  val_loss=1.2576e-05  val_mse=6.3672e-06  val_L0=151.3  dead=0.625
  -> saved training curves to checkpoints_rand_1e-4_p20/training_curves.png
  -> no loss improvement (309/20)
[step 15940000 | ep 24] train_loss=5.9090e-03  train_recon=6.3359e-05  train_L1=5.8456e+01  val_loss=6.7621e-06  val_mse=5.5379e-07  val_L0=151.3  dead=0.619
  -> saved training curves to checkpoints_rand_1e-4_p20/training_curves.png
  -> no loss improvement (310/20)
[step 15950000 | ep 24] train_loss=6.3228e-03  train_recon=5.0691e-04  train_L1=5.8158e+01  val_loss=1.3954e-05  val_mse=7.7454e-06  val_L0=151.3  dead=0.622
  -> saved training curves to checkpoints_rand_1e-4_p20/training_curves.png
  -> no loss improvement (311/20)
[step 15960000 | ep 24] train_loss=5.9448e-03  train_recon=1.6484e-04  train_L1=5.7799e+01  val_loss=7.3110e-06  val_mse=1.1027e-06  val_L0=151.3  dead=0.621
  -> saved training curves to checkpoints_rand_1e-4_p20/training_curves.png
  -> no loss improvement (312/20)
[step 15970000 | ep 24] train_loss=6.0560e-03  train_recon=2.3762e-04  train_L1=5.8184e+01  val_loss=8.0756e-06  val_mse=1.8674e-06  val_L0=151.3  dead=0.615
  -> saved training curves to checkpoints_rand_1e-4_p20/training_curves.png
  -> no loss improvement (313/20)
[step 15980000 | ep 24] train_loss=6.4199e-03  train_recon=6.1514e-04  train_L1=5.8047e+01  val_loss=1.0936e-05  val_mse=4.7271e-06  val_L0=151.3  dead=0.614
  -> saved training curves to checkpoints_rand_1e-4_p20/training_curves.png
  -> no loss improvement (314/20)
[step 15990000 | ep 24] train_loss=6.3373e-03  train_recon=5.0194e-04  train_L1=5.8353e+01  val_loss=9.4715e-06  val_mse=3.2635e-06  val_L0=151.3  dead=0.621
  -> saved training curves to checkpoints_rand_1e-4_p20/training_curves.png
  -> no loss improvement (315/20)
[step 16000000 | ep 24] train_loss=6.5151e-03  train_recon=6.9365e-04  train_L1=5.8214e+01  val_loss=8.8318e-06  val_mse=2.6234e-06  val_L0=151.3  dead=0.620
  -> saved training curves to checkpoints_rand_1e-4_p20/training_curves.png
  -> no loss improvement (316/20)
[step 16010000 | ep 24] train_loss=6.4321e-03  train_recon=6.1871e-04  train_L1=5.8134e+01  val_loss=1.2871e-05  val_mse=6.6640e-06  val_L0=151.3  dead=0.622
  -> saved training curves to checkpoints_rand_1e-4_p20/training_curves.png
  -> no loss improvement (317/20)
[step 16020000 | ep 24] train_loss=6.4966e-03  train_recon=6.1470e-04  train_L1=5.8819e+01  val_loss=1.1997e-05  val_mse=5.7893e-06  val_L0=151.3  dead=0.617
  -> saved training curves to checkpoints_rand_1e-4_p20/training_curves.png
  -> no loss improvement (318/20)
[step 16030000 | ep 24] train_loss=6.8625e-03  train_recon=1.0301e-03  train_L1=5.8324e+01  val_loss=1.7853e-05  val_mse=1.1647e-05  val_L0=151.3  dead=0.622
  -> saved training curves to checkpoints_rand_1e-4_p20/training_curves.png
  -> no loss improvement (319/20)
[step 16040000 | ep 24] train_loss=6.3513e-03  train_recon=5.3482e-04  train_L1=5.8165e+01  val_loss=9.4310e-06  val_mse=3.2232e-06  val_L0=151.3  dead=0.610
  -> saved training curves to checkpoints_rand_1e-4_p20/training_curves.png
  -> no loss improvement (320/20)
Epoch 24 done  (step=16046580)
[step 16050000 | ep 25] train_loss=6.2281e-03  train_recon=4.0070e-04  train_L1=5.8274e+01  val_loss=9.2271e-06  val_mse=3.0194e-06  val_L0=151.3  dead=0.621
  -> saved training curves to checkpoints_rand_1e-4_p20/training_curves.png
  -> no loss improvement (321/20)
[step 16060000 | ep 25] train_loss=5.9436e-03  train_recon=1.4340e-04  train_L1=5.8002e+01  val_loss=6.9545e-06  val_mse=7.4701e-07  val_L0=151.3  dead=0.622
  -> saved training curves to checkpoints_rand_1e-4_p20/training_curves.png
  -> no loss improvement (322/20)
[step 16070000 | ep 25] train_loss=6.2913e-03  train_recon=4.4364e-04  train_L1=5.8476e+01  val_loss=1.1933e-05  val_mse=5.7258e-06  val_L0=151.3  dead=0.617
  -> saved training curves to checkpoints_rand_1e-4_p20/training_curves.png
  -> no loss improvement (323/20)
[step 16080000 | ep 25] train_loss=6.0485e-03  train_recon=2.2616e-04  train_L1=5.8224e+01  val_loss=8.1028e-06  val_mse=1.8951e-06  val_L0=151.3  dead=0.621
  -> saved training curves to checkpoints_rand_1e-4_p20/training_curves.png
  -> no loss improvement (324/20)
[step 16090000 | ep 25] train_loss=7.8484e-03  train_recon=2.0002e-03  train_L1=5.8482e+01  val_loss=2.7031e-05  val_mse=2.0824e-05  val_L0=151.3  dead=0.614
  -> saved training curves to checkpoints_rand_1e-4_p20/training_curves.png
  -> no loss improvement (325/20)
[step 16100000 | ep 25] train_loss=6.4843e-03  train_recon=6.5729e-04  train_L1=5.8270e+01  val_loss=9.8772e-06  val_mse=3.6691e-06  val_L0=151.3  dead=0.617
  -> saved training curves to checkpoints_rand_1e-4_p20/training_curves.png
  -> no loss improvement (326/20)
[step 16110000 | ep 25] train_loss=6.1681e-03  train_recon=3.4445e-04  train_L1=5.8236e+01  val_loss=1.0875e-05  val_mse=4.6672e-06  val_L0=151.3  dead=0.625
  -> saved training curves to checkpoints_rand_1e-4_p20/training_curves.png
  -> no loss improvement (327/20)
[step 16120000 | ep 25] train_loss=6.1584e-03  train_recon=3.7698e-04  train_L1=5.7815e+01  val_loss=1.0063e-05  val_mse=3.8558e-06  val_L0=151.3  dead=0.622
  -> saved training curves to checkpoints_rand_1e-4_p20/training_curves.png
  -> no loss improvement (328/20)
[step 16130000 | ep 25] train_loss=6.3768e-03  train_recon=5.2648e-04  train_L1=5.8503e+01  val_loss=9.6478e-06  val_mse=3.4401e-06  val_L0=151.3  dead=0.619
  -> saved training curves to checkpoints_rand_1e-4_p20/training_curves.png
  -> no loss improvement (329/20)
[step 16140000 | ep 25] train_loss=6.3843e-03  train_recon=5.9525e-04  train_L1=5.7890e+01  val_loss=1.0618e-05  val_mse=4.4111e-06  val_L0=151.3  dead=0.623
  -> saved training curves to checkpoints_rand_1e-4_p20/training_curves.png
  -> no loss improvement (330/20)
[step 16150000 | ep 25] train_loss=6.3719e-03  train_recon=5.0934e-04  train_L1=5.8626e+01  val_loss=1.1004e-05  val_mse=4.7959e-06  val_L0=151.3  dead=0.624
  -> saved training curves to checkpoints_rand_1e-4_p20/training_curves.png
  -> no loss improvement (331/20)
[step 16160000 | ep 25] train_loss=6.3988e-03  train_recon=5.3102e-04  train_L1=5.8678e+01  val_loss=1.0854e-05  val_mse=4.6460e-06  val_L0=151.3  dead=0.625
  -> saved training curves to checkpoints_rand_1e-4_p20/training_curves.png
  -> no loss improvement (332/20)
[step 16170000 | ep 25] train_loss=6.2281e-03  train_recon=3.5993e-04  train_L1=5.8682e+01  val_loss=8.4336e-06  val_mse=2.2266e-06  val_L0=151.3  dead=0.622
  -> saved training curves to checkpoints_rand_1e-4_p20/training_curves.png
  -> no loss improvement (333/20)
[step 16180000 | ep 25] train_loss=6.2355e-03  train_recon=3.7954e-04  train_L1=5.8559e+01  val_loss=9.6101e-06  val_mse=3.4025e-06  val_L0=151.3  dead=0.623
  -> saved training curves to checkpoints_rand_1e-4_p20/training_curves.png
  -> no loss improvement (334/20)
[step 16190000 | ep 25] train_loss=5.8998e-03  train_recon=1.2905e-04  train_L1=5.7708e+01  val_loss=7.3834e-06  val_mse=1.1764e-06  val_L0=151.4  dead=0.618
  -> saved training curves to checkpoints_rand_1e-4_p20/training_curves.png
  -> no loss improvement (335/20)
[step 16200000 | ep 25] train_loss=6.5911e-03  train_recon=7.4222e-04  train_L1=5.8488e+01  val_loss=9.7785e-06  val_mse=3.5715e-06  val_L0=151.3  dead=0.619
  -> saved training curves to checkpoints_rand_1e-4_p20/training_curves.png
  -> no loss improvement (336/20)
[step 16210000 | ep 25] train_loss=6.3887e-03  train_recon=5.5794e-04  train_L1=5.8307e+01  val_loss=9.4480e-06  val_mse=3.2407e-06  val_L0=151.3  dead=0.618
  -> saved training curves to checkpoints_rand_1e-4_p20/training_curves.png
  -> no loss improvement (337/20)
[step 16220000 | ep 25] train_loss=6.4297e-03  train_recon=6.4380e-04  train_L1=5.7859e+01  val_loss=1.1464e-05  val_mse=5.2573e-06  val_L0=151.3  dead=0.625
  -> saved training curves to checkpoints_rand_1e-4_p20/training_curves.png
  -> no loss improvement (338/20)
[step 16230000 | ep 25] train_loss=6.3807e-03  train_recon=5.5310e-04  train_L1=5.8276e+01  val_loss=1.1640e-05  val_mse=5.4328e-06  val_L0=151.3  dead=0.619
  -> saved training curves to checkpoints_rand_1e-4_p20/training_curves.png
  -> no loss improvement (339/20)
[step 16240000 | ep 25] train_loss=6.9235e-03  train_recon=1.0982e-03  train_L1=5.8253e+01  val_loss=1.8801e-05  val_mse=1.2594e-05  val_L0=151.3  dead=0.625
  -> saved training curves to checkpoints_rand_1e-4_p20/training_curves.png
  -> no loss improvement (340/20)
[step 16250000 | ep 25] train_loss=6.4416e-03  train_recon=5.9613e-04  train_L1=5.8455e+01  val_loss=1.2923e-05  val_mse=6.7163e-06  val_L0=151.3  dead=0.625
  -> saved training curves to checkpoints_rand_1e-4_p20/training_curves.png
  -> no loss improvement (341/20)
[step 16260000 | ep 25] train_loss=6.5121e-03  train_recon=5.9537e-04  train_L1=5.9167e+01  val_loss=1.1645e-05  val_mse=5.4380e-06  val_L0=151.3  dead=0.621
  -> saved training curves to checkpoints_rand_1e-4_p20/training_curves.png
  -> no loss improvement (342/20)
[step 16270000 | ep 25] train_loss=6.1388e-03  train_recon=3.1266e-04  train_L1=5.8261e+01  val_loss=9.1090e-06  val_mse=2.9026e-06  val_L0=151.3  dead=0.619
  -> saved training curves to checkpoints_rand_1e-4_p20/training_curves.png
  -> no loss improvement (343/20)
[step 16280000 | ep 25] train_loss=6.3270e-03  train_recon=4.8030e-04  train_L1=5.8467e+01  val_loss=9.0594e-06  val_mse=2.8527e-06  val_L0=151.3  dead=0.619
  -> saved training curves to checkpoints_rand_1e-4_p20/training_curves.png
  -> no loss improvement (344/20)
[step 16290000 | ep 25] train_loss=6.0541e-03  train_recon=2.2492e-04  train_L1=5.8292e+01  val_loss=9.5714e-06  val_mse=3.3648e-06  val_L0=151.4  dead=0.627
  -> saved training curves to checkpoints_rand_1e-4_p20/training_curves.png
  -> no loss improvement (345/20)
[step 16300000 | ep 25] train_loss=6.0776e-03  train_recon=2.5934e-04  train_L1=5.8182e+01  val_loss=8.5564e-06  val_mse=2.3499e-06  val_L0=151.4  dead=0.620
  -> saved training curves to checkpoints_rand_1e-4_p20/training_curves.png
  -> no loss improvement (346/20)
[step 16310000 | ep 25] train_loss=6.7419e-03  train_recon=8.8444e-04  train_L1=5.8575e+01  val_loss=1.3964e-05  val_mse=7.7580e-06  val_L0=151.3  dead=0.616
  -> saved training curves to checkpoints_rand_1e-4_p20/training_curves.png
  -> no loss improvement (347/20)
[step 16320000 | ep 25] train_loss=7.0669e-03  train_recon=1.2323e-03  train_L1=5.8346e+01  val_loss=1.9289e-05  val_mse=1.3082e-05  val_L0=151.3  dead=0.612
  -> saved training curves to checkpoints_rand_1e-4_p20/training_curves.png
  -> no loss improvement (348/20)
[step 16330000 | ep 25] train_loss=5.9829e-03  train_recon=1.7529e-04  train_L1=5.8076e+01  val_loss=7.2583e-06  val_mse=1.0517e-06  val_L0=151.3  dead=0.612
  -> saved training curves to checkpoints_rand_1e-4_p20/training_curves.png
  -> no loss improvement (349/20)
[step 16340000 | ep 25] train_loss=6.3912e-03  train_recon=5.7767e-04  train_L1=5.8135e+01  val_loss=1.0386e-05  val_mse=4.1793e-06  val_L0=151.3  dead=0.615
  -> saved training curves to checkpoints_rand_1e-4_p20/training_curves.png
  -> no loss improvement (350/20)
[step 16350000 | ep 25] train_loss=6.1373e-03  train_recon=3.0209e-04  train_L1=5.8352e+01  val_loss=1.0534e-05  val_mse=4.3278e-06  val_L0=151.3  dead=0.615
  -> saved training curves to checkpoints_rand_1e-4_p20/training_curves.png
  -> no loss improvement (351/20)
[step 16360000 | ep 25] train_loss=6.1725e-03  train_recon=3.0158e-04  train_L1=5.8709e+01  val_loss=8.4980e-06  val_mse=2.2916e-06  val_L0=151.3  dead=0.621
  -> saved training curves to checkpoints_rand_1e-4_p20/training_curves.png
  -> no loss improvement (352/20)
[step 16370000 | ep 25] train_loss=6.0335e-03  train_recon=1.5921e-04  train_L1=5.8743e+01  val_loss=7.0410e-06  val_mse=8.3480e-07  val_L0=151.3  dead=0.619
  -> saved training curves to checkpoints_rand_1e-4_p20/training_curves.png
  -> no loss improvement (353/20)
[step 16380000 | ep 25] train_loss=6.3346e-03  train_recon=4.9538e-04  train_L1=5.8392e+01  val_loss=1.0983e-05  val_mse=4.7773e-06  val_L0=151.3  dead=0.621
  -> saved training curves to checkpoints_rand_1e-4_p20/training_curves.png
  -> no loss improvement (354/20)
[step 16390000 | ep 25] train_loss=6.3085e-03  train_recon=4.4305e-04  train_L1=5.8655e+01  val_loss=1.1222e-05  val_mse=5.0159e-06  val_L0=151.3  dead=0.619
  -> saved training curves to checkpoints_rand_1e-4_p20/training_curves.png
  -> no loss improvement (355/20)
[step 16400000 | ep 25] train_loss=6.5754e-03  train_recon=7.2378e-04  train_L1=5.8517e+01  val_loss=1.1503e-05  val_mse=5.2968e-06  val_L0=151.3  dead=0.619
  -> saved training curves to checkpoints_rand_1e-4_p20/training_curves.png
  -> no loss improvement (356/20)
[step 16410000 | ep 25] train_loss=6.7788e-03  train_recon=9.3209e-04  train_L1=5.8467e+01  val_loss=1.5252e-05  val_mse=9.0469e-06  val_L0=151.3  dead=0.620
  -> saved training curves to checkpoints_rand_1e-4_p20/training_curves.png
  -> no loss improvement (357/20)
[step 16420000 | ep 25] train_loss=5.8757e-03  train_recon=4.1229e-05  train_L1=5.8344e+01  val_loss=6.6384e-06  val_mse=4.3239e-07  val_L0=151.4  dead=0.620
  -> saved training curves to checkpoints_rand_1e-4_p20/training_curves.png
  -> no loss improvement (358/20)
[step 16430000 | ep 25] train_loss=6.1085e-03  train_recon=2.9856e-04  train_L1=5.8099e+01  val_loss=7.7600e-06  val_mse=1.5540e-06  val_L0=151.3  dead=0.615
  -> saved training curves to checkpoints_rand_1e-4_p20/training_curves.png
  -> no loss improvement (359/20)
[step 16440000 | ep 25] train_loss=6.9457e-03  train_recon=1.0645e-03  train_L1=5.8811e+01  val_loss=1.8684e-05  val_mse=1.2478e-05  val_L0=151.3  dead=0.620
  -> saved training curves to checkpoints_rand_1e-4_p20/training_curves.png
  -> no loss improvement (360/20)
[step 16450000 | ep 25] train_loss=6.4157e-03  train_recon=6.2559e-04  train_L1=5.7901e+01  val_loss=1.3399e-05  val_mse=7.1938e-06  val_L0=151.3  dead=0.621
  -> saved training curves to checkpoints_rand_1e-4_p20/training_curves.png
  -> no loss improvement (361/20)
[step 16460000 | ep 25] train_loss=6.3822e-03  train_recon=4.9646e-04  train_L1=5.8858e+01  val_loss=1.0637e-05  val_mse=4.4306e-06  val_L0=151.3  dead=0.618
  -> saved training curves to checkpoints_rand_1e-4_p20/training_curves.png
  -> no loss improvement (362/20)
[step 16470000 | ep 25] train_loss=5.9883e-03  train_recon=1.1591e-04  train_L1=5.8724e+01  val_loss=6.7768e-06  val_mse=5.7118e-07  val_L0=151.3  dead=0.613
  -> saved training curves to checkpoints_rand_1e-4_p20/training_curves.png
  -> no loss improvement (363/20)
[step 16480000 | ep 25] train_loss=6.4345e-03  train_recon=5.9402e-04  train_L1=5.8404e+01  val_loss=1.1760e-05  val_mse=5.5547e-06  val_L0=151.3  dead=0.616
  -> saved training curves to checkpoints_rand_1e-4_p20/training_curves.png
  -> no loss improvement (364/20)
[step 16490000 | ep 25] train_loss=6.7643e-03  train_recon=8.7581e-04  train_L1=5.8885e+01  val_loss=1.5806e-05  val_mse=9.6003e-06  val_L0=151.4  dead=0.624
  -> saved training curves to checkpoints_rand_1e-4_p20/training_curves.png
  -> no loss improvement (365/20)
[step 16500000 | ep 25] train_loss=6.2016e-03  train_recon=3.5333e-04  train_L1=5.8482e+01  val_loss=8.6762e-06  val_mse=2.4704e-06  val_L0=151.3  dead=0.622
  -> saved training curves to checkpoints_rand_1e-4_p20/training_curves.png
  -> no loss improvement (366/20)
[step 16510000 | ep 25] train_loss=6.6231e-03  train_recon=8.0315e-04  train_L1=5.8200e+01  val_loss=1.4936e-05  val_mse=8.7305e-06  val_L0=151.3  dead=0.621
  -> saved training curves to checkpoints_rand_1e-4_p20/training_curves.png
  -> no loss improvement (367/20)
[step 16520000 | ep 25] train_loss=5.9927e-03  train_recon=1.8205e-04  train_L1=5.8106e+01  val_loss=7.4913e-06  val_mse=1.2859e-06  val_L0=151.3  dead=0.621
  -> saved training curves to checkpoints_rand_1e-4_p20/training_curves.png
  -> no loss improvement (368/20)
[step 16530000 | ep 25] train_loss=6.3076e-03  train_recon=4.7321e-04  train_L1=5.8344e+01  val_loss=1.2708e-05  val_mse=6.5026e-06  val_L0=151.3  dead=0.625
  -> saved training curves to checkpoints_rand_1e-4_p20/training_curves.png
  -> no loss improvement (369/20)
[step 16540000 | ep 25] train_loss=6.5146e-03  train_recon=6.8678e-04  train_L1=5.8278e+01  val_loss=1.3946e-05  val_mse=7.7408e-06  val_L0=151.3  dead=0.618
  -> saved training curves to checkpoints_rand_1e-4_p20/training_curves.png
  -> no loss improvement (370/20)
[step 16550000 | ep 25] train_loss=6.4962e-03  train_recon=6.5174e-04  train_L1=5.8445e+01  val_loss=1.1445e-05  val_mse=5.2395e-06  val_L0=151.3  dead=0.619
  -> saved training curves to checkpoints_rand_1e-4_p20/training_curves.png
  -> no loss improvement (371/20)
[step 16560000 | ep 25] train_loss=6.2903e-03  train_recon=4.1279e-04  train_L1=5.8775e+01  val_loss=9.2879e-06  val_mse=3.0824e-06  val_L0=151.3  dead=0.615
  -> saved training curves to checkpoints_rand_1e-4_p20/training_curves.png
  -> no loss improvement (372/20)
[step 16570000 | ep 25] train_loss=6.4531e-03  train_recon=6.5694e-04  train_L1=5.7961e+01  val_loss=1.1447e-05  val_mse=5.2421e-06  val_L0=151.3  dead=0.621
  -> saved training curves to checkpoints_rand_1e-4_p20/training_curves.png
  -> no loss improvement (373/20)
[step 16580000 | ep 25] train_loss=5.9597e-03  train_recon=1.0668e-04  train_L1=5.8530e+01  val_loss=7.2578e-06  val_mse=1.0526e-06  val_L0=151.3  dead=0.623
  -> saved training curves to checkpoints_rand_1e-4_p20/training_curves.png
  -> no loss improvement (374/20)
[step 16590000 | ep 25] train_loss=6.2420e-03  train_recon=3.9664e-04  train_L1=5.8454e+01  val_loss=9.4527e-06  val_mse=3.2476e-06  val_L0=151.3  dead=0.626
  -> saved training curves to checkpoints_rand_1e-4_p20/training_curves.png
  -> no loss improvement (375/20)
[step 16600000 | ep 25] train_loss=6.3831e-03  train_recon=5.3729e-04  train_L1=5.8458e+01  val_loss=9.4685e-06  val_mse=3.2631e-06  val_L0=151.3  dead=0.623
  -> saved training curves to checkpoints_rand_1e-4_p20/training_curves.png
  -> no loss improvement (376/20)
[step 16610000 | ep 25] train_loss=6.2127e-03  train_recon=3.5535e-04  train_L1=5.8573e+01  val_loss=8.5782e-06  val_mse=2.3731e-06  val_L0=151.3  dead=0.615
  -> saved training curves to checkpoints_rand_1e-4_p20/training_curves.png
  -> no loss improvement (377/20)
[step 16620000 | ep 25] train_loss=6.1523e-03  train_recon=3.5416e-04  train_L1=5.7981e+01  val_loss=9.2351e-06  val_mse=3.0295e-06  val_L0=151.3  dead=0.622
  -> saved training curves to checkpoints_rand_1e-4_p20/training_curves.png
  -> no loss improvement (378/20)
[step 16630000 | ep 25] train_loss=6.2325e-03  train_recon=4.2487e-04  train_L1=5.8076e+01  val_loss=9.2217e-06  val_mse=3.0163e-06  val_L0=151.3  dead=0.623
  -> saved training curves to checkpoints_rand_1e-4_p20/training_curves.png
  -> no loss improvement (379/20)
[step 16640000 | ep 25] train_loss=5.9354e-03  train_recon=8.2106e-05  train_L1=5.8533e+01  val_loss=6.9511e-06  val_mse=7.4584e-07  val_L0=151.4  dead=0.628
  -> saved training curves to checkpoints_rand_1e-4_p20/training_curves.png
  -> no loss improvement (380/20)
[step 16650000 | ep 25] train_loss=6.5998e-03  train_recon=7.9409e-04  train_L1=5.8057e+01  val_loss=1.1632e-05  val_mse=5.4276e-06  val_L0=151.3  dead=0.614
  -> saved training curves to checkpoints_rand_1e-4_p20/training_curves.png
  -> no loss improvement (381/20)
[step 16660000 | ep 25] train_loss=6.7333e-03  train_recon=8.6749e-04  train_L1=5.8658e+01  val_loss=1.6064e-05  val_mse=9.8591e-06  val_L0=151.3  dead=0.619
  -> saved training curves to checkpoints_rand_1e-4_p20/training_curves.png
  -> no loss improvement (382/20)
[step 16670000 | ep 25] train_loss=6.1317e-03  train_recon=2.8654e-04  train_L1=5.8452e+01  val_loss=8.8138e-06  val_mse=2.6087e-06  val_L0=151.3  dead=0.623
  -> saved training curves to checkpoints_rand_1e-4_p20/training_curves.png
  -> no loss improvement (383/20)
[step 16680000 | ep 25] train_loss=7.2135e-03  train_recon=1.3729e-03  train_L1=5.8406e+01  val_loss=1.9703e-05  val_mse=1.3499e-05  val_L0=151.3  dead=0.617
  -> saved training curves to checkpoints_rand_1e-4_p20/training_curves.png
  -> no loss improvement (384/20)
[step 16690000 | ep 25] train_loss=6.5532e-03  train_recon=6.7027e-04  train_L1=5.8829e+01  val_loss=1.3273e-05  val_mse=7.0686e-06  val_L0=151.3  dead=0.620
  -> saved training curves to checkpoints_rand_1e-4_p20/training_curves.png
  -> no loss improvement (385/20)
[step 16700000 | ep 25] train_loss=6.8287e-03  train_recon=9.2164e-04  train_L1=5.9070e+01  val_loss=1.4587e-05  val_mse=8.3829e-06  val_L0=151.3  dead=0.620
  -> saved training curves to checkpoints_rand_1e-4_p20/training_curves.png
  -> no loss improvement (386/20)
[step 16710000 | ep 25] train_loss=6.5004e-03  train_recon=6.5194e-04  train_L1=5.8484e+01  val_loss=1.2522e-05  val_mse=6.3173e-06  val_L0=151.4  dead=0.623
  -> saved training curves to checkpoints_rand_1e-4_p20/training_curves.png
  -> no loss improvement (387/20)
[step 16720000 | ep 25] train_loss=6.0889e-03  train_recon=2.7703e-04  train_L1=5.8119e+01  val_loss=8.6238e-06  val_mse=2.4191e-06  val_L0=151.3  dead=0.621
  -> saved training curves to checkpoints_rand_1e-4_p20/training_curves.png
  -> no loss improvement (388/20)
[step 16730000 | ep 25] train_loss=7.4275e-03  train_recon=1.5617e-03  train_L1=5.8658e+01  val_loss=2.5647e-05  val_mse=1.9443e-05  val_L0=151.3  dead=0.616
  -> saved training curves to checkpoints_rand_1e-4_p20/training_curves.png
  -> no loss improvement (389/20)
[step 16740000 | ep 25] train_loss=5.9183e-03  train_recon=7.2304e-05  train_L1=5.8460e+01  val_loss=6.7524e-06  val_mse=5.4778e-07  val_L0=151.3  dead=0.622
  -> saved training curves to checkpoints_rand_1e-4_p20/training_curves.png
  -> no loss improvement (390/20)
Epoch 25 done  (step=16749909)
[step 16750000 | ep 26] train_loss=6.1313e-03  train_recon=2.6764e-04  train_L1=5.8637e+01  val_loss=8.5078e-06  val_mse=2.3032e-06  val_L0=151.3  dead=0.618
  -> saved training curves to checkpoints_rand_1e-4_p20/training_curves.png
  -> no loss improvement (391/20)
[step 16760000 | ep 26] train_loss=7.3519e-03  train_recon=1.4812e-03  train_L1=5.8707e+01  val_loss=2.2277e-05  val_mse=1.6073e-05  val_L0=151.3  dead=0.616
  -> saved training curves to checkpoints_rand_1e-4_p20/training_curves.png
  -> no loss improvement (392/20)
[step 16770000 | ep 26] train_loss=6.2938e-03  train_recon=4.2424e-04  train_L1=5.8696e+01  val_loss=1.0994e-05  val_mse=4.7896e-06  val_L0=151.4  dead=0.621
  -> saved training curves to checkpoints_rand_1e-4_p20/training_curves.png
  -> no loss improvement (393/20)
[step 16780000 | ep 26] train_loss=6.1384e-03  train_recon=2.8491e-04  train_L1=5.8535e+01  val_loss=9.2503e-06  val_mse=3.0457e-06  val_L0=151.3  dead=0.622
  -> saved training curves to checkpoints_rand_1e-4_p20/training_curves.png
  -> no loss improvement (394/20)
[step 16790000 | ep 26] train_loss=5.9536e-03  train_recon=7.2976e-05  train_L1=5.8807e+01  val_loss=7.4965e-06  val_mse=1.2919e-06  val_L0=151.4  dead=0.619
  -> saved training curves to checkpoints_rand_1e-4_p20/training_curves.png
  -> no loss improvement (395/20)
[step 16800000 | ep 26] train_loss=6.9548e-03  train_recon=1.1270e-03  train_L1=5.8278e+01  val_loss=1.6562e-05  val_mse=1.0356e-05  val_L0=151.3  dead=0.622
  -> saved training curves to checkpoints_rand_1e-4_p20/training_curves.png
  -> no loss improvement (396/20)
[step 16810000 | ep 26] train_loss=6.6299e-03  train_recon=7.4850e-04  train_L1=5.8815e+01  val_loss=1.1995e-05  val_mse=5.7907e-06  val_L0=151.3  dead=0.619
  -> saved training curves to checkpoints_rand_1e-4_p20/training_curves.png
  -> no loss improvement (397/20)
[step 16820000 | ep 26] train_loss=6.1262e-03  train_recon=2.7840e-04  train_L1=5.8478e+01  val_loss=8.9878e-06  val_mse=2.7836e-06  val_L0=151.3  dead=0.621
  -> saved training curves to checkpoints_rand_1e-4_p20/training_curves.png
  -> no loss improvement (398/20)
[step 16830000 | ep 26] train_loss=6.5287e-03  train_recon=7.0667e-04  train_L1=5.8221e+01  val_loss=1.0346e-05  val_mse=4.1411e-06  val_L0=151.3  dead=0.619
  -> saved training curves to checkpoints_rand_1e-4_p20/training_curves.png
  -> no loss improvement (399/20)
[step 16840000 | ep 26] train_loss=6.3029e-03  train_recon=4.5148e-04  train_L1=5.8514e+01  val_loss=9.4638e-06  val_mse=3.2594e-06  val_L0=151.3  dead=0.622
  -> saved training curves to checkpoints_rand_1e-4_p20/training_curves.png
  -> no loss improvement (400/20)
[step 16850000 | ep 26] train_loss=6.4788e-03  train_recon=6.6100e-04  train_L1=5.8178e+01  val_loss=1.0661e-05  val_mse=4.4575e-06  val_L0=151.3  dead=0.616
  -> saved training curves to checkpoints_rand_1e-4_p20/training_curves.png
  -> no loss improvement (401/20)
[step 16860000 | ep 26] train_loss=6.3789e-03  train_recon=5.2599e-04  train_L1=5.8530e+01  val_loss=1.3358e-05  val_mse=7.1547e-06  val_L0=151.4  dead=0.624
  -> saved training curves to checkpoints_rand_1e-4_p20/training_curves.png
  -> no loss improvement (402/20)
[step 16870000 | ep 26] train_loss=6.4835e-03  train_recon=6.5028e-04  train_L1=5.8332e+01  val_loss=1.0990e-05  val_mse=4.7858e-06  val_L0=151.3  dead=0.625
  -> saved training curves to checkpoints_rand_1e-4_p20/training_curves.png
  -> no loss improvement (403/20)
[step 16880000 | ep 26] train_loss=6.1238e-03  train_recon=2.7133e-04  train_L1=5.8525e+01  val_loss=9.6719e-06  val_mse=3.4677e-06  val_L0=151.3  dead=0.623
  -> saved training curves to checkpoints_rand_1e-4_p20/training_curves.png
  -> no loss improvement (404/20)
[step 16890000 | ep 26] train_loss=6.1387e-03  train_recon=2.9815e-04  train_L1=5.8406e+01  val_loss=7.7246e-06  val_mse=1.5205e-06  val_L0=151.3  dead=0.618
  -> saved training curves to checkpoints_rand_1e-4_p20/training_curves.png
  -> no loss improvement (405/20)
[step 16900000 | ep 26] train_loss=6.5404e-03  train_recon=7.4652e-04  train_L1=5.7939e+01  val_loss=1.1348e-05  val_mse=5.1449e-06  val_L0=151.3  dead=0.617
  -> saved training curves to checkpoints_rand_1e-4_p20/training_curves.png
  -> no loss improvement (406/20)
[step 16910000 | ep 26] train_loss=6.8226e-03  train_recon=1.0045e-03  train_L1=5.8180e+01  val_loss=1.2435e-05  val_mse=6.2300e-06  val_L0=151.2  dead=0.618
  -> saved training curves to checkpoints_rand_1e-4_p20/training_curves.png
  -> no loss improvement (407/20)
[step 16920000 | ep 26] train_loss=6.1294e-03  train_recon=3.2830e-04  train_L1=5.8011e+01  val_loss=1.0079e-05  val_mse=3.8753e-06  val_L0=151.4  dead=0.625
  -> saved training curves to checkpoints_rand_1e-4_p20/training_curves.png
  -> no loss improvement (408/20)
[step 16930000 | ep 26] train_loss=6.0640e-03  train_recon=1.6905e-04  train_L1=5.8949e+01  val_loss=7.4453e-06  val_mse=1.2415e-06  val_L0=151.3  dead=0.617
  -> saved training curves to checkpoints_rand_1e-4_p20/training_curves.png
  -> no loss improvement (409/20)
[step 16940000 | ep 26] train_loss=6.1762e-03  train_recon=3.6503e-04  train_L1=5.8112e+01  val_loss=8.3368e-06  val_mse=2.1331e-06  val_L0=151.3  dead=0.622
  -> saved training curves to checkpoints_rand_1e-4_p20/training_curves.png
  -> no loss improvement (410/20)
[step 16950000 | ep 26] train_loss=7.8928e-03  train_recon=2.0507e-03  train_L1=5.8420e+01  val_loss=2.2201e-05  val_mse=1.5998e-05  val_L0=151.3  dead=0.620
  -> saved training curves to checkpoints_rand_1e-4_p20/training_curves.png
  -> no loss improvement (411/20)
[step 16960000 | ep 26] train_loss=6.6443e-03  train_recon=8.1225e-04  train_L1=5.8321e+01  val_loss=1.3998e-05  val_mse=7.7943e-06  val_L0=151.3  dead=0.626
  -> saved training curves to checkpoints_rand_1e-4_p20/training_curves.png
  -> no loss improvement (412/20)
[step 16970000 | ep 26] train_loss=7.5348e-03  train_recon=1.7230e-03  train_L1=5.8118e+01  val_loss=2.1481e-05  val_mse=1.5277e-05  val_L0=151.3  dead=0.618
  -> saved training curves to checkpoints_rand_1e-4_p20/training_curves.png
  -> no loss improvement (413/20)
[step 16980000 | ep 26] train_loss=6.3524e-03  train_recon=5.0368e-04  train_L1=5.8488e+01  val_loss=1.3012e-05  val_mse=6.8093e-06  val_L0=151.3  dead=0.622
  -> saved training curves to checkpoints_rand_1e-4_p20/training_curves.png
  -> no loss improvement (414/20)
[step 16990000 | ep 26] train_loss=6.1953e-03  train_recon=3.4283e-04  train_L1=5.8525e+01  val_loss=9.0122e-06  val_mse=2.8087e-06  val_L0=151.3  dead=0.618
  -> saved training curves to checkpoints_rand_1e-4_p20/training_curves.png
  -> no loss improvement (415/20)
[step 17000000 | ep 26] train_loss=6.5167e-03  train_recon=6.7646e-04  train_L1=5.8403e+01  val_loss=1.3186e-05  val_mse=6.9821e-06  val_L0=151.3  dead=0.621
  -> saved training curves to checkpoints_rand_1e-4_p20/training_curves.png
  -> no loss improvement (416/20)
[step 17010000 | ep 26] train_loss=6.1992e-03  train_recon=4.0042e-04  train_L1=5.7988e+01  val_loss=9.2010e-06  val_mse=2.9977e-06  val_L0=151.3  dead=0.622
  -> saved training curves to checkpoints_rand_1e-4_p20/training_curves.png
  -> no loss improvement (417/20)
[step 17020000 | ep 26] train_loss=6.3040e-03  train_recon=4.7984e-04  train_L1=5.8241e+01  val_loss=1.1229e-05  val_mse=5.0258e-06  val_L0=151.3  dead=0.619
  -> saved training curves to checkpoints_rand_1e-4_p20/training_curves.png
  -> no loss improvement (418/20)
[step 17030000 | ep 26] train_loss=7.2611e-03  train_recon=1.4190e-03  train_L1=5.8421e+01  val_loss=1.8731e-05  val_mse=1.2528e-05  val_L0=151.3  dead=0.615
  -> saved training curves to checkpoints_rand_1e-4_p20/training_curves.png
  -> no loss improvement (419/20)
[step 17040000 | ep 26] train_loss=6.5421e-03  train_recon=6.4914e-04  train_L1=5.8930e+01  val_loss=1.1837e-05  val_mse=5.6337e-06  val_L0=151.3  dead=0.620
  -> saved training curves to checkpoints_rand_1e-4_p20/training_curves.png
  -> no loss improvement (420/20)
[step 17050000 | ep 26] train_loss=6.2962e-03  train_recon=4.8408e-04  train_L1=5.8122e+01  val_loss=1.0843e-05  val_mse=4.6398e-06  val_L0=151.3  dead=0.617
  -> saved training curves to checkpoints_rand_1e-4_p20/training_curves.png
  -> no loss improvement (421/20)
[step 17060000 | ep 26] train_loss=5.9632e-03  train_recon=1.2250e-04  train_L1=5.8407e+01  val_loss=6.6900e-06  val_mse=4.8659e-07  val_L0=151.3  dead=0.621
  -> saved training curves to checkpoints_rand_1e-4_p20/training_curves.png
  -> no loss improvement (422/20)
[step 17070000 | ep 26] train_loss=6.2795e-03  train_recon=4.1936e-04  train_L1=5.8601e+01  val_loss=1.1596e-05  val_mse=5.3932e-06  val_L0=151.4  dead=0.623
  -> saved training curves to checkpoints_rand_1e-4_p20/training_curves.png
  -> no loss improvement (423/20)
[step 17080000 | ep 26] train_loss=6.4414e-03  train_recon=6.2446e-04  train_L1=5.8169e+01  val_loss=9.6715e-06  val_mse=3.4683e-06  val_L0=151.3  dead=0.620
  -> saved training curves to checkpoints_rand_1e-4_p20/training_curves.png
  -> no loss improvement (424/20)
[step 17090000 | ep 26] train_loss=6.2487e-03  train_recon=3.7542e-04  train_L1=5.8733e+01  val_loss=1.1273e-05  val_mse=5.0704e-06  val_L0=151.3  dead=0.621
  -> saved training curves to checkpoints_rand_1e-4_p20/training_curves.png
  -> no loss improvement (425/20)
[step 17100000 | ep 26] train_loss=6.1898e-03  train_recon=3.9698e-04  train_L1=5.7928e+01  val_loss=1.0773e-05  val_mse=4.5703e-06  val_L0=151.3  dead=0.626
  -> saved training curves to checkpoints_rand_1e-4_p20/training_curves.png
  -> no loss improvement (426/20)
[step 17110000 | ep 26] train_loss=8.0124e-03  train_recon=2.1661e-03  train_L1=5.8463e+01  val_loss=2.7968e-05  val_mse=2.1763e-05  val_L0=151.2  dead=0.620
  -> saved training curves to checkpoints_rand_1e-4_p20/training_curves.png
  -> no loss improvement (427/20)
[step 17120000 | ep 26] train_loss=6.7095e-03  train_recon=8.9586e-04  train_L1=5.8136e+01  val_loss=1.4255e-05  val_mse=8.0521e-06  val_L0=151.3  dead=0.627
  -> saved training curves to checkpoints_rand_1e-4_p20/training_curves.png
  -> no loss improvement (428/20)
[step 17130000 | ep 26] train_loss=6.0785e-03  train_recon=2.5694e-04  train_L1=5.8215e+01  val_loss=7.9547e-06  val_mse=1.7518e-06  val_L0=151.3  dead=0.629
  -> saved training curves to checkpoints_rand_1e-4_p20/training_curves.png
  -> no loss improvement (429/20)
[step 17140000 | ep 26] train_loss=6.0923e-03  train_recon=2.2661e-04  train_L1=5.8657e+01  val_loss=7.9331e-06  val_mse=1.7304e-06  val_L0=151.3  dead=0.629
  -> saved training curves to checkpoints_rand_1e-4_p20/training_curves.png
  -> no loss improvement (430/20)
[step 17150000 | ep 26] train_loss=6.6435e-03  train_recon=8.4027e-04  train_L1=5.8032e+01  val_loss=1.0093e-05  val_mse=3.8902e-06  val_L0=151.3  dead=0.622